date,total_ridership,day_of_week,daytype,holiday,year,month,week
2001-01-01,105608,Monday,U,New Year's Day,2001,1,1
2001-01-02,419202,Tuesday,W,,2001,1,1
2001-01-03,447997,Wednesday,W,,2001,1,1
2001-01-04,459338,Thursday,W,,2001,1,1
2001-01-05,465940,Friday,W,,2001,1,1
2001-01-06,213259,Saturday,A,,2001,1,1
2001-01-07,141828,Sunday,U,,2001,1,1
2001-01-08,493324,Monday,W,,2001,1,2
2001-01-09,501006,Tuesday,W,,2001,1,2
2001-01-10,502799,Wednesday,W,,2001,1,2
2001-01-11,507352,Thursday,W,,2001,1,2
2001-01-12,505472,Friday,W,,2001,1,2
2001-01-13,225535,Saturday,A,,2001,1,2
2001-01-14,146018,Sunday,U,,2001,1,2
2001-01-15,344203,Monday,W,,2001,1,3
2001-01-16,519595,Tuesday,W,,2001,1,3
2001-01-17,518075,Wednesday,W,,2001,1,3
2001-01-18,516813,Thursday,W,,2001,1,3
2001-01-19,487599,Friday,W,,2001,1,3
2001-01-20,220323,Saturday,A,,2001,1,3
2001-01-21,143734,Sunday,U,,2001,1,3
2001-01-22,500064,Monday,W,,2001,1,4
2001-01-23,509731,Tuesday,W,,2001,1,4
2001-01-24,506794,Wednesday,W,,2001,1,4
2001-01-25,509334,Thursday,W,,2001,1,4
2001-01-26,498613,Friday,W,,2001,1,4
2001-01-27,223883,Saturday,A,,2001,1,4
2001-01-28,145677,Sunday,U,,2001,1,4
2001-01-29,490272,Monday,W,,2001,1,5
2001-01-30,507648,Tuesday,W,,2001,1,5
2001-01-31,509861,Wednesday,W,,2001,1,5
2001-02-01,513837,Thursday,W,,2001,2,5
2001-02-02,482518,Friday,W,,2001,2,5
2001-02-03,220154,Saturday,A,,2001,2,5
2001-02-04,148988,Sunday,U,,2001,2,5
2001-02-05,501577,Monday,W,,2001,2,6
2001-02-06,511471,Tuesday,W,,2001,2,6
2001-02-07,508620,Wednesday,W,,2001,2,6
2001-02-08,509635,Thursday,W,,2001,2,6
2001-02-09,495535,Friday,W,,2001,2,6
2001-02-10,226585,Saturday,A,,2001,2,6
2001-02-11,149332,Sunday,U,,2001,2,6
2001-02-12,450470,Monday,W,,2001,2,7
2001-02-13,520088,Tuesday,W,,2001,2,7
2001-02-14,510244,Wednesday,W,,2001,2,7
2001-02-15,512212,Thursday,W,,2001,2,7
2001-02-16,502270,Friday,W,,2001,2,7
2001-02-17,224899,Saturday,A,,2001,2,7
2001-02-18,147699,Sunday,U,,2001,2,7
2001-02-19,382404,Monday,W,,2001,2,8
2001-02-20,509674,Tuesday,W,,2001,2,8
2001-02-21,501197,Wednesday,W,,2001,2,8
2001-02-22,506349,Thursday,W,,2001,2,8
2001-02-23,503050,Friday,W,,2001,2,8
2001-02-24,206109,Saturday,A,,2001,2,8
2001-02-25,143755,Sunday,U,,2001,2,8
2001-02-26,508816,Monday,W,,2001,2,9
2001-02-27,508857,Tuesday,W,,2001,2,9
2001-02-28,509448,Wednesday,W,,2001,2,9
2001-03-01,516486,Thursday,W,,2001,3,9
2001-03-02,510755,Friday,W,,2001,3,9
2001-03-03,239507,Saturday,A,,2001,3,9
2001-03-04,148899,Sunday,U,,2001,3,9
2001-03-05,459127,Monday,W,,2001,3,10
2001-03-06,504060,Tuesday,W,,2001,3,10
2001-03-07,515004,Wednesday,W,,2001,3,10
2001-03-08,510582,Thursday,W,,2001,3,10
2001-03-09,506658,Friday,W,,2001,3,10
2001-03-10,236555,Saturday,A,,2001,3,10
2001-03-11,157197,Sunday,U,,2001,3,10
2001-03-12,491780,Monday,W,,2001,3,11
2001-03-13,510562,Tuesday,W,,2001,3,11
2001-03-14,517302,Wednesday,W,,2001,3,11
2001-03-15,498256,Thursday,W,,2001,3,11
2001-03-16,487188,Friday,W,,2001,3,11
2001-03-17,287200,Saturday,A,,2001,3,11
2001-03-18,162232,Sunday,U,,2001,3,11
2001-03-19,503148,Monday,W,,2001,3,12
2001-03-20,516402,Tuesday,W,,2001,3,12
2001-03-21,515086,Wednesday,W,,2001,3,12
2001-03-22,515964,Thursday,W,,2001,3,12
2001-03-23,505767,Friday,W,,2001,3,12
2001-03-24,231358,Saturday,A,,2001,3,12
2001-03-25,142594,Sunday,U,,2001,3,12
2001-03-26,487035,Monday,W,,2001,3,13
2001-03-27,501849,Tuesday,W,,2001,3,13
2001-03-28,502755,Wednesday,W,,2001,3,13
2001-03-29,505284,Thursday,W,,2001,3,13
2001-03-30,493071,Friday,W,,2001,3,13
2001-03-31,234633,Saturday,A,,2001,3,13
2001-04-01,160946,Sunday,U,,2001,4,13
2001-04-02,510354,Monday,W,,2001,4,14
2001-04-03,512772,Tuesday,W,,2001,4,14
2001-04-04,522255,Wednesday,W,,2001,4,14
2001-04-05,506543,Thursday,W,,2001,4,14
2001-04-06,510566,Friday,W,,2001,4,14
2001-04-07,248848,Saturday,A,,2001,4,14
2001-04-08,167630,Sunday,U,,2001,4,14
2001-04-09,498094,Monday,W,,2001,4,15
2001-04-10,512202,Tuesday,W,,2001,4,15
2001-04-11,506735,Wednesday,W,,2001,4,15
2001-04-12,508344,Thursday,W,,2001,4,15
2001-04-13,440217,Friday,W,,2001,4,15
2001-04-14,233613,Saturday,A,,2001,4,15
2001-04-15,136288,Sunday,U,,2001,4,15
2001-04-16,471533,Monday,W,,2001,4,16
2001-04-17,487606,Tuesday,W,,2001,4,16
2001-04-18,500752,Wednesday,W,,2001,4,16
2001-04-19,498167,Thursday,W,,2001,4,16
2001-04-20,493285,Friday,W,,2001,4,16
2001-04-21,245282,Saturday,A,,2001,4,16
2001-04-22,154941,Sunday,U,,2001,4,16
2001-04-23,493107,Monday,W,,2001,4,17
2001-04-24,516547,Tuesday,W,,2001,4,17
2001-04-25,508975,Wednesday,W,,2001,4,17
2001-04-26,521644,Thursday,W,,2001,4,17
2001-04-27,510041,Friday,W,,2001,4,17
2001-04-28,241980,Saturday,A,,2001,4,17
2001-04-29,167030,Sunday,U,,2001,4,17
2001-04-30,501440,Monday,W,,2001,4,18
2001-05-01,528642,Tuesday,W,,2001,5,18
2001-05-02,524381,Wednesday,W,,2001,5,18
2001-05-03,530142,Thursday,W,,2001,5,18
2001-05-04,518696,Friday,W,,2001,5,18
2001-05-05,256410,Saturday,A,,2001,5,18
2001-05-06,172415,Sunday,U,,2001,5,18
2001-05-07,499698,Monday,W,,2001,5,19
2001-05-08,519128,Tuesday,W,,2001,5,19
2001-05-09,517728,Wednesday,W,,2001,5,19
2001-05-10,512834,Thursday,W,,2001,5,19
2001-05-11,501332,Friday,W,,2001,5,19
2001-05-12,241496,Saturday,A,,2001,5,19
2001-05-13,167860,Sunday,U,,2001,5,19
2001-05-14,485756,Monday,W,,2001,5,20
2001-05-15,528690,Tuesday,W,,2001,5,20
2001-05-16,524451,Wednesday,W,,2001,5,20
2001-05-17,525206,Thursday,W,,2001,5,20
2001-05-18,525162,Friday,W,,2001,5,20
2001-05-19,263477,Saturday,A,,2001,5,20
2001-05-20,181977,Sunday,U,,2001,5,20
2001-05-21,492905,Monday,W,,2001,5,21
2001-05-22,532113,Tuesday,W,,2001,5,21
2001-05-23,517501,Wednesday,W,,2001,5,21
2001-05-24,514220,Thursday,W,,2001,5,21
2001-05-25,499325,Friday,W,,2001,5,21
2001-05-26,224884,Saturday,A,,2001,5,21
2001-05-27,173883,Sunday,U,,2001,5,21
2001-05-28,160046,Monday,U,Memorial Day,2001,5,22
2001-05-29,497223,Tuesday,W,,2001,5,22
2001-05-30,507301,Wednesday,W,,2001,5,22
2001-05-31,503381,Thursday,W,,2001,5,22
2001-06-01,510799,Friday,W,,2001,6,22
2001-06-02,235687,Saturday,A,,2001,6,22
2001-06-03,171033,Sunday,U,,2001,6,22
2001-06-04,500834,Monday,W,,2001,6,23
2001-06-05,506139,Tuesday,W,,2001,6,23
2001-06-06,524112,Wednesday,W,,2001,6,23
2001-06-07,539650,Thursday,W,,2001,6,23
2001-06-08,536203,Friday,W,,2001,6,23
2001-06-09,298992,Saturday,A,,2001,6,23
2001-06-10,202319,Sunday,U,,2001,6,23
2001-06-11,489611,Monday,W,,2001,6,24
2001-06-12,505877,Tuesday,W,,2001,6,24
2001-06-13,500346,Wednesday,W,,2001,6,24
2001-06-14,503205,Thursday,W,,2001,6,24
2001-06-15,511928,Friday,W,,2001,6,24
2001-06-16,284602,Saturday,A,,2001,6,24
2001-06-17,198332,Sunday,U,,2001,6,24
2001-06-18,493309,Monday,W,,2001,6,25
2001-06-19,511966,Tuesday,W,,2001,6,25
2001-06-20,511698,Wednesday,W,,2001,6,25
2001-06-21,497809,Thursday,W,,2001,6,25
2001-06-22,523271,Friday,W,,2001,6,25
2001-06-23,274317,Saturday,A,,2001,6,25
2001-06-24,235193,Sunday,U,,2001,6,25
2001-06-25,518629,Monday,W,,2001,6,26
2001-06-26,530588,Tuesday,W,,2001,6,26
2001-06-27,530311,Wednesday,W,,2001,6,26
2001-06-28,510274,Thursday,W,,2001,6,26
2001-06-29,556695,Friday,W,,2001,6,26
2001-06-30,303222,Saturday,A,,2001,6,26
2001-07-01,226367,Sunday,U,,2001,7,26
2001-07-02,524275,Monday,W,,2001,7,27
2001-07-03,691223,Tuesday,W,,2001,7,27
2001-07-04,255697,Wednesday,U,Independence Day,2001,7,27
2001-07-05,506576,Thursday,W,,2001,7,27
2001-07-06,537803,Friday,W,,2001,7,27
2001-07-07,290107,Saturday,A,,2001,7,27
2001-07-08,213970,Sunday,U,,2001,7,27
2001-07-09,499109,Monday,W,,2001,7,28
2001-07-10,509495,Tuesday,W,,2001,7,28
2001-07-11,513023,Wednesday,W,,2001,7,28
2001-07-12,531348,Thursday,W,,2001,7,28
2001-07-13,535530,Friday,W,,2001,7,28
2001-07-14,278407,Saturday,A,,2001,7,28
2001-07-15,201960,Sunday,U,,2001,7,28
2001-07-16,520845,Monday,W,,2001,7,29
2001-07-17,522749,Tuesday,W,,2001,7,29
2001-07-18,511746,Wednesday,W,,2001,7,29
2001-07-19,516495,Thursday,W,,2001,7,29
2001-07-20,509952,Friday,W,,2001,7,29
2001-07-21,255100,Saturday,A,,2001,7,29
2001-07-22,167424,Sunday,U,,2001,7,29
2001-07-23,479944,Monday,W,,2001,7,30
2001-07-24,526769,Tuesday,W,,2001,7,30
2001-07-25,511564,Wednesday,W,,2001,7,30
2001-07-26,531714,Thursday,W,,2001,7,30
2001-07-27,529885,Friday,W,,2001,7,30
2001-07-28,298854,Saturday,A,,2001,7,30
2001-07-29,197441,Sunday,U,,2001,7,30
2001-07-30,489457,Monday,W,,2001,7,31
2001-07-31,498164,Tuesday,W,,2001,7,31
2001-08-01,511720,Wednesday,W,,2001,8,31
2001-08-02,458800,Thursday,W,,2001,8,31
2001-08-03,503929,Friday,W,,2001,8,31
2001-08-04,266733,Saturday,A,,2001,8,31
2001-08-05,188051,Sunday,U,,2001,8,31
2001-08-06,489326,Monday,W,,2001,8,32
2001-08-07,509939,Tuesday,W,,2001,8,32
2001-08-08,497881,Wednesday,W,,2001,8,32
2001-08-09,502958,Thursday,W,,2001,8,32
2001-08-10,522913,Friday,W,,2001,8,32
2001-08-11,269869,Saturday,A,,2001,8,32
2001-08-12,195440,Sunday,U,,2001,8,32
2001-08-13,477467,Monday,W,,2001,8,33
2001-08-14,499431,Tuesday,W,,2001,8,33
2001-08-15,487893,Wednesday,W,,2001,8,33
2001-08-16,485554,Thursday,W,,2001,8,33
2001-08-17,499865,Friday,W,,2001,8,33
2001-08-18,248012,Saturday,A,,2001,8,33
2001-08-19,196962,Sunday,U,,2001,8,33
2001-08-20,506181,Monday,W,,2001,8,34
2001-08-21,507969,Tuesday,W,,2001,8,34
2001-08-22,500382,Wednesday,W,,2001,8,34
2001-08-23,511621,Thursday,W,,2001,8,34
2001-08-24,517184,Friday,W,,2001,8,34
2001-08-25,242714,Saturday,A,,2001,8,34
2001-08-26,204622,Sunday,U,,2001,8,34
2001-08-27,493443,Monday,W,,2001,8,35
2001-08-28,524914,Tuesday,W,,2001,8,35
2001-08-29,522235,Wednesday,W,,2001,8,35
2001-08-30,515320,Thursday,W,,2001,8,35
2001-08-31,515264,Friday,W,,2001,8,35
2001-09-01,266994,Saturday,A,,2001,9,35
2001-09-02,203374,Sunday,U,,2001,9,35
2001-09-03,178373,Monday,U,Labor Day,2001,9,36
2001-09-04,522499,Tuesday,W,,2001,9,36
2001-09-05,538625,Wednesday,W,,2001,9,36
2001-09-06,538472,Thursday,W,,2001,9,36
2001-09-07,551047,Friday,W,,2001,9,36
2001-09-08,285061,Saturday,A,,2001,9,36
2001-09-09,180201,Sunday,U,,2001,9,36
2001-09-10,552106,Monday,W,,2001,9,37
2001-09-11,439246,Tuesday,W,,2001,9,37
2001-09-12,491487,Wednesday,W,,2001,9,37
2001-09-13,507531,Thursday,W,,2001,9,37
2001-09-14,512481,Friday,W,,2001,9,37
2001-09-15,232065,Saturday,A,,2001,9,37
2001-09-16,159738,Sunday,U,,2001,9,37
2001-09-17,508920,Monday,W,,2001,9,38
2001-09-18,523232,Tuesday,W,,2001,9,38
2001-09-19,522475,Wednesday,W,,2001,9,38
2001-09-20,539596,Thursday,W,,2001,9,38
2001-09-21,522826,Friday,W,,2001,9,38
2001-09-22,256665,Saturday,A,,2001,9,38
2001-09-23,159356,Sunday,U,,2001,9,38
2001-09-24,519510,Monday,W,,2001,9,39
2001-09-25,533502,Tuesday,W,,2001,9,39
2001-09-26,533872,Wednesday,W,,2001,9,39
2001-09-27,536880,Thursday,W,,2001,9,39
2001-09-28,539405,Friday,W,,2001,9,39
2001-09-29,275604,Saturday,A,,2001,9,39
2001-09-30,183608,Sunday,U,,2001,9,39
2001-10-01,534320,Monday,W,,2001,10,40
2001-10-02,549541,Tuesday,W,,2001,10,40
2001-10-03,548831,Wednesday,W,,2001,10,40
2001-10-04,542576,Thursday,W,,2001,10,40
2001-10-05,543906,Friday,W,,2001,10,40
2001-10-06,272975,Saturday,A,,2001,10,40
2001-10-07,240089,Sunday,U,,2001,10,40
2001-10-08,443706,Monday,W,,2001,10,41
2001-10-09,538727,Tuesday,W,,2001,10,41
2001-10-10,532460,Wednesday,W,,2001,10,41
2001-10-11,541120,Thursday,W,,2001,10,41
2001-10-12,522039,Friday,W,,2001,10,41
2001-10-13,228435,Saturday,A,,2001,10,41
2001-10-14,174910,Sunday,U,,2001,10,41
2001-10-15,524417,Monday,W,,2001,10,42
2001-10-16,529811,Tuesday,W,,2001,10,42
2001-10-17,535549,Wednesday,W,,2001,10,42
2001-10-18,539619,Thursday,W,,2001,10,42
2001-10-19,536263,Friday,W,,2001,10,42
2001-10-20,266744,Saturday,A,,2001,10,42
2001-10-21,178418,Sunday,U,,2001,10,42
2001-10-22,519370,Monday,W,,2001,10,43
2001-10-23,533149,Tuesday,W,,2001,10,43
2001-10-24,522146,Wednesday,W,,2001,10,43
2001-10-25,516453,Thursday,W,,2001,10,43
2001-10-26,511982,Friday,W,,2001,10,43
2001-10-27,243788,Saturday,A,,2001,10,43
2001-10-28,174111,Sunday,U,,2001,10,43
2001-10-29,520366,Monday,W,,2001,10,44
2001-10-30,525309,Tuesday,W,,2001,10,44
2001-10-31,524960,Wednesday,W,,2001,10,44
2001-11-01,535863,Thursday,W,,2001,11,44
2001-11-02,539474,Friday,W,,2001,11,44
2001-11-03,263073,Saturday,A,,2001,11,44
2001-11-04,186227,Sunday,U,,2001,11,44
2001-11-05,526026,Monday,W,,2001,11,45
2001-11-06,533195,Tuesday,W,,2001,11,45
2001-11-07,534822,Wednesday,W,,2001,11,45
2001-11-08,531485,Thursday,W,,2001,11,45
2001-11-09,518003,Friday,W,,2001,11,45
2001-11-10,269578,Saturday,A,,2001,11,45
2001-11-11,182839,Sunday,U,,2001,11,45
2001-11-12,440322,Monday,W,,2001,11,46
2001-11-13,535411,Tuesday,W,,2001,11,46
2001-11-14,521264,Wednesday,W,,2001,11,46
2001-11-15,514046,Thursday,W,,2001,11,46
2001-11-16,520767,Friday,W,,2001,11,46
2001-11-17,296332,Saturday,A,,2001,11,46
2001-11-18,168030,Sunday,U,,2001,11,46
2001-11-19,501877,Monday,W,,2001,11,47
2001-11-20,511434,Tuesday,W,,2001,11,47
2001-11-21,492454,Wednesday,W,,2001,11,47
2001-11-22,126871,Thursday,U,Thanksgiving Day,2001,11,47
2001-11-23,297850,Friday,W,,2001,11,47
2001-11-24,211637,Saturday,A,,2001,11,47
2001-11-25,155684,Sunday,U,,2001,11,47
2001-11-26,501452,Monday,W,,2001,11,48
2001-11-27,512659,Tuesday,W,,2001,11,48
2001-11-28,513116,Wednesday,W,,2001,11,48
2001-11-29,512270,Thursday,W,,2001,11,48
2001-11-30,521995,Friday,W,,2001,11,48
2001-12-01,256928,Saturday,A,,2001,12,48
2001-12-02,176005,Sunday,U,,2001,12,48
2001-12-03,500339,Monday,W,,2001,12,49
2001-12-04,512188,Tuesday,W,,2001,12,49
2001-12-05,519679,Wednesday,W,,2001,12,49
2001-12-06,520651,Thursday,W,,2001,12,49
2001-12-07,516369,Friday,W,,2001,12,49
2001-12-08,263604,Saturday,A,,2001,12,49
2001-12-09,173457,Sunday,U,,2001,12,49
2001-12-10,498928,Monday,W,,2001,12,50
2001-12-11,513101,Tuesday,W,,2001,12,50
2001-12-12,509153,Wednesday,W,,2001,12,50
2001-12-13,510143,Thursday,W,,2001,12,50
2001-12-14,501752,Friday,W,,2001,12,50
2001-12-15,266453,Saturday,A,,2001,12,50
2001-12-16,178175,Sunday,U,,2001,12,50
2001-12-17,495502,Monday,W,,2001,12,51
2001-12-18,508381,Tuesday,W,,2001,12,51
2001-12-19,494250,Wednesday,W,,2001,12,51
2001-12-20,489871,Thursday,W,,2001,12,51
2001-12-21,475577,Friday,W,,2001,12,51
2001-12-22,224030,Saturday,A,,2001,12,51
2001-12-23,154191,Sunday,U,,2001,12,51
2001-12-24,214650,Monday,W,,2001,12,52
2001-12-25,78107,Tuesday,U,Christmas Day,2001,12,52
2001-12-26,317408,Wednesday,W,,2001,12,52
2001-12-27,364802,Thursday,W,,2001,12,52
2001-12-28,381559,Friday,W,,2001,12,52
2001-12-29,187717,Saturday,A,,2001,12,52
2001-12-30,133708,Sunday,U,,2001,12,52
2001-12-31,268405,Monday,W,,2001,12,1
2002-01-01,103438,Tuesday,U,New Year's Day,2002,1,1
2002-01-02,415228,Wednesday,W,,2002,1,1
2002-01-03,441970,Thursday,W,,2002,1,1
2002-01-04,446663,Friday,W,,2002,1,1
2002-01-05,207618,Saturday,A,,2002,1,1
2002-01-06,150005,Sunday,U,,2002,1,1
2002-01-07,480514,Monday,W,,2002,1,2
2002-01-08,494651,Tuesday,W,,2002,1,2
2002-01-09,499722,Wednesday,W,,2002,1,2
2002-01-10,499782,Thursday,W,,2002,1,2
2002-01-11,499762,Friday,W,,2002,1,2
2002-01-12,225360,Saturday,A,,2002,1,2
2002-01-13,148878,Sunday,U,,2002,1,2
2002-01-14,501387,Monday,W,,2002,1,3
2002-01-15,508014,Tuesday,W,,2002,1,3
2002-01-16,513521,Wednesday,W,,2002,1,3
2002-01-17,505306,Thursday,W,,2002,1,3
2002-01-18,490989,Friday,W,,2002,1,3
2002-01-19,230918,Saturday,A,,2002,1,3
2002-01-20,152790,Sunday,U,,2002,1,3
2002-01-21,331345,Monday,W,,2002,1,4
2002-01-22,510031,Tuesday,W,,2002,1,4
2002-01-23,507117,Wednesday,W,,2002,1,4
2002-01-24,511802,Thursday,W,,2002,1,4
2002-01-25,507899,Friday,W,,2002,1,4
2002-01-26,239433,Saturday,A,,2002,1,4
2002-01-27,159726,Sunday,U,,2002,1,4
2002-01-28,503046,Monday,W,,2002,1,5
2002-01-29,504728,Tuesday,W,,2002,1,5
2002-01-30,509068,Wednesday,W,,2002,1,5
2002-01-31,509280,Thursday,W,,2002,1,5
2002-02-01,494161,Friday,W,,2002,2,5
2002-02-02,231380,Saturday,A,,2002,2,5
2002-02-03,152043,Sunday,U,,2002,2,5
2002-02-04,486585,Monday,W,,2002,2,6
2002-02-05,504054,Tuesday,W,,2002,2,6
2002-02-06,504854,Wednesday,W,,2002,2,6
2002-02-07,507374,Thursday,W,,2002,2,6
2002-02-08,502113,Friday,W,,2002,2,6
2002-02-09,250009,Saturday,A,,2002,2,6
2002-02-10,152109,Sunday,U,,2002,2,6
2002-02-11,500100,Monday,W,,2002,2,7
2002-02-12,457613,Tuesday,W,,2002,2,7
2002-02-13,517421,Wednesday,W,,2002,2,7
2002-02-14,514954,Thursday,W,,2002,2,7
2002-02-15,498089,Friday,W,,2002,2,7
2002-02-16,247327,Saturday,A,,2002,2,7
2002-02-17,176741,Sunday,U,,2002,2,7
2002-02-18,387267,Monday,W,,2002,2,8
2002-02-19,504539,Tuesday,W,,2002,2,8
2002-02-20,507905,Wednesday,W,,2002,2,8
2002-02-21,509980,Thursday,W,,2002,2,8
2002-02-22,500278,Friday,W,,2002,2,8
2002-02-23,247267,Saturday,A,,2002,2,8
2002-02-24,168364,Sunday,U,,2002,2,8
2002-02-25,491226,Monday,W,,2002,2,9
2002-02-26,496552,Tuesday,W,,2002,2,9
2002-02-27,496369,Wednesday,W,,2002,2,9
2002-02-28,500038,Thursday,W,,2002,2,9
2002-03-01,501348,Friday,W,,2002,3,9
2002-03-02,223688,Saturday,A,,2002,3,9
2002-03-03,147711,Sunday,U,,2002,3,9
2002-03-04,416913,Monday,W,,2002,3,10
2002-03-05,497176,Tuesday,W,,2002,3,10
2002-03-06,500951,Wednesday,W,,2002,3,10
2002-03-07,502493,Thursday,W,,2002,3,10
2002-03-08,496424,Friday,W,,2002,3,10
2002-03-09,214925,Saturday,A,,2002,3,10
2002-03-10,152366,Sunday,U,,2002,3,10
2002-03-11,499234,Monday,W,,2002,3,11
2002-03-12,517278,Tuesday,W,,2002,3,11
2002-03-13,520032,Wednesday,W,,2002,3,11
2002-03-14,513198,Thursday,W,,2002,3,11
2002-03-15,499506,Friday,W,,2002,3,11
2002-03-16,288934,Saturday,A,,2002,3,11
2002-03-17,160169,Sunday,U,,2002,3,11
2002-03-18,489431,Monday,W,,2002,3,12
2002-03-19,498556,Tuesday,W,,2002,3,12
2002-03-20,499494,Wednesday,W,,2002,3,12
2002-03-21,485475,Thursday,W,,2002,3,12
2002-03-22,477091,Friday,W,,2002,3,12
2002-03-23,245032,Saturday,A,,2002,3,12
2002-03-24,161187,Sunday,U,,2002,3,12
2002-03-25,460170,Monday,W,,2002,3,13
2002-03-26,482336,Tuesday,W,,2002,3,13
2002-03-27,490476,Wednesday,W,,2002,3,13
2002-03-28,482311,Thursday,W,,2002,3,13
2002-03-29,398882,Friday,W,,2002,3,13
2002-03-30,227063,Saturday,A,,2002,3,13
2002-03-31,133560,Sunday,U,,2002,3,13
2002-04-01,478768,Monday,W,,2002,4,14
2002-04-02,494219,Tuesday,W,,2002,4,14
2002-04-03,504291,Wednesday,W,,2002,4,14
2002-04-04,507542,Thursday,W,,2002,4,14
2002-04-05,518513,Friday,W,,2002,4,14
2002-04-06,268669,Saturday,A,,2002,4,14
2002-04-07,152555,Sunday,U,,2002,4,14
2002-04-08,488528,Monday,W,,2002,4,15
2002-04-09,512709,Tuesday,W,,2002,4,15
2002-04-10,522780,Wednesday,W,,2002,4,15
2002-04-11,531453,Thursday,W,,2002,4,15
2002-04-12,499747,Friday,W,,2002,4,15
2002-04-13,260758,Saturday,A,,2002,4,15
2002-04-14,178105,Sunday,U,,2002,4,15
2002-04-15,495113,Monday,W,,2002,4,16
2002-04-16,506677,Tuesday,W,,2002,4,16
2002-04-17,501294,Wednesday,W,,2002,4,16
2002-04-18,501926,Thursday,W,,2002,4,16
2002-04-19,499978,Friday,W,,2002,4,16
2002-04-20,253528,Saturday,A,,2002,4,16
2002-04-21,160815,Sunday,U,,2002,4,16
2002-04-22,492607,Monday,W,,2002,4,17
2002-04-23,524040,Tuesday,W,,2002,4,17
2002-04-24,508518,Wednesday,W,,2002,4,17
2002-04-25,528750,Thursday,W,,2002,4,17
2002-04-26,519446,Friday,W,,2002,4,17
2002-04-27,230360,Saturday,A,,2002,4,17
2002-04-28,169796,Sunday,U,,2002,4,17
2002-04-29,493912,Monday,W,,2002,4,18
2002-04-30,510487,Tuesday,W,,2002,4,18
2002-05-01,511147,Wednesday,W,,2002,5,18
2002-05-02,505140,Thursday,W,,2002,5,18
2002-05-03,512258,Friday,W,,2002,5,18
2002-05-04,263624,Saturday,A,,2002,5,18
2002-05-05,175602,Sunday,U,,2002,5,18
2002-05-06,505187,Monday,W,,2002,5,19
2002-05-07,520364,Tuesday,W,,2002,5,19
2002-05-08,507124,Wednesday,W,,2002,5,19
2002-05-09,518752,Thursday,W,,2002,5,19
2002-05-10,514804,Friday,W,,2002,5,19
2002-05-11,213261,Saturday,A,,2002,5,19
2002-05-12,157036,Sunday,U,,2002,5,19
2002-05-13,481445,Monday,W,,2002,5,20
2002-05-14,505703,Tuesday,W,,2002,5,20
2002-05-15,507320,Wednesday,W,,2002,5,20
2002-05-16,489634,Thursday,W,,2002,5,20
2002-05-17,492572,Friday,W,,2002,5,20
2002-05-18,252303,Saturday,A,,2002,5,20
2002-05-19,172653,Sunday,U,,2002,5,20
2002-05-20,492100,Monday,W,,2002,5,21
2002-05-21,518300,Tuesday,W,,2002,5,21
2002-05-22,522219,Wednesday,W,,2002,5,21
2002-05-23,511992,Thursday,W,,2002,5,21
2002-05-24,486876,Friday,W,,2002,5,21
2002-05-25,228608,Saturday,A,,2002,5,21
2002-05-26,182578,Sunday,U,,2002,5,21
2002-05-27,169659,Monday,U,Memorial Day,2002,5,22
2002-05-28,497409,Tuesday,W,,2002,5,22
2002-05-29,508088,Wednesday,W,,2002,5,22
2002-05-30,512645,Thursday,W,,2002,5,22
2002-05-31,537001,Friday,W,,2002,5,22
2002-06-01,313533,Saturday,A,,2002,6,22
2002-06-02,201561,Sunday,U,,2002,6,22
2002-06-03,492523,Monday,W,,2002,6,23
2002-06-04,485697,Tuesday,W,,2002,6,23
2002-06-05,508527,Wednesday,W,,2002,6,23
2002-06-06,516338,Thursday,W,,2002,6,23
2002-06-07,511987,Friday,W,,2002,6,23
2002-06-08,272924,Saturday,A,,2002,6,23
2002-06-09,192819,Sunday,U,,2002,6,23
2002-06-10,492831,Monday,W,,2002,6,24
2002-06-11,510272,Tuesday,W,,2002,6,24
2002-06-12,512380,Wednesday,W,,2002,6,24
2002-06-13,503405,Thursday,W,,2002,6,24
2002-06-14,511357,Friday,W,,2002,6,24
2002-06-15,268901,Saturday,A,,2002,6,24
2002-06-16,190227,Sunday,U,,2002,6,24
2002-06-17,487117,Monday,W,,2002,6,25
2002-06-18,523260,Tuesday,W,,2002,6,25
2002-06-19,522339,Wednesday,W,,2002,6,25
2002-06-20,530567,Thursday,W,,2002,6,25
2002-06-21,520369,Friday,W,,2002,6,25
2002-06-22,288150,Saturday,A,,2002,6,25
2002-06-23,196331,Sunday,U,,2002,6,25
2002-06-24,504766,Monday,W,,2002,6,26
2002-06-25,507472,Tuesday,W,,2002,6,26
2002-06-26,507883,Wednesday,W,,2002,6,26
2002-06-27,517970,Thursday,W,,2002,6,26
2002-06-28,549274,Friday,W,,2002,6,26
2002-06-29,312251,Saturday,A,,2002,6,26
2002-06-30,261333,Sunday,U,,2002,6,26
2002-07-01,508031,Monday,W,,2002,7,27
2002-07-02,524950,Tuesday,W,,2002,7,27
2002-07-03,663531,Wednesday,W,,2002,7,27
2002-07-04,235814,Thursday,U,Independence Day,2002,7,27
2002-07-05,422876,Friday,W,,2002,7,27
2002-07-06,274353,Saturday,A,,2002,7,27
2002-07-07,216487,Sunday,U,,2002,7,27
2002-07-08,485688,Monday,W,,2002,7,28
2002-07-09,489314,Tuesday,W,,2002,7,28
2002-07-10,499331,Wednesday,W,,2002,7,28
2002-07-11,501922,Thursday,W,,2002,7,28
2002-07-12,522690,Friday,W,,2002,7,28
2002-07-13,274000,Saturday,A,,2002,7,28
2002-07-14,202589,Sunday,U,,2002,7,28
2002-07-15,513587,Monday,W,,2002,7,29
2002-07-16,525196,Tuesday,W,,2002,7,29
2002-07-17,502853,Wednesday,W,,2002,7,29
2002-07-18,503622,Thursday,W,,2002,7,29
2002-07-19,517712,Friday,W,,2002,7,29
2002-07-20,286413,Saturday,A,,2002,7,29
2002-07-21,193544,Sunday,U,,2002,7,29
2002-07-22,503196,Monday,W,,2002,7,30
2002-07-23,526314,Tuesday,W,,2002,7,30
2002-07-24,521552,Wednesday,W,,2002,7,30
2002-07-25,513674,Thursday,W,,2002,7,30
2002-07-26,498818,Friday,W,,2002,7,30
2002-07-27,277010,Saturday,A,,2002,7,30
2002-07-28,181622,Sunday,U,,2002,7,30
2002-07-29,477470,Monday,W,,2002,7,31
2002-07-30,518718,Tuesday,W,,2002,7,31
2002-07-31,509945,Wednesday,W,,2002,7,31
2002-08-01,513483,Thursday,W,,2002,8,31
2002-08-02,517555,Friday,W,,2002,8,31
2002-08-03,274729,Saturday,A,,2002,8,31
2002-08-04,198159,Sunday,U,,2002,8,31
2002-08-05,481104,Monday,W,,2002,8,32
2002-08-06,500610,Tuesday,W,,2002,8,32
2002-08-07,494352,Wednesday,W,,2002,8,32
2002-08-08,498176,Thursday,W,,2002,8,32
2002-08-09,500792,Friday,W,,2002,8,32
2002-08-10,287175,Saturday,A,,2002,8,32
2002-08-11,194701,Sunday,U,,2002,8,32
2002-08-12,489696,Monday,W,,2002,8,33
2002-08-13,489017,Tuesday,W,,2002,8,33
2002-08-14,495023,Wednesday,W,,2002,8,33
2002-08-15,506229,Thursday,W,,2002,8,33
2002-08-16,500332,Friday,W,,2002,8,33
2002-08-17,287643,Saturday,A,,2002,8,33
2002-08-18,240961,Sunday,U,,2002,8,33
2002-08-19,460729,Monday,W,,2002,8,34
2002-08-20,495552,Tuesday,W,,2002,8,34
2002-08-21,483714,Wednesday,W,,2002,8,34
2002-08-22,450923,Thursday,W,,2002,8,34
2002-08-23,481445,Friday,W,,2002,8,34
2002-08-24,260466,Saturday,A,,2002,8,34
2002-08-25,192132,Sunday,U,,2002,8,34
2002-08-26,483925,Monday,W,,2002,8,35
2002-08-27,504125,Tuesday,W,,2002,8,35
2002-08-28,498605,Wednesday,W,,2002,8,35
2002-08-29,449596,Thursday,W,,2002,8,35
2002-08-30,513561,Friday,W,,2002,8,35
2002-08-31,292041,Saturday,A,,2002,8,35
2002-09-01,217254,Sunday,U,,2002,9,35
2002-09-02,169878,Monday,U,Labor Day,2002,9,36
2002-09-03,528691,Tuesday,W,,2002,9,36
2002-09-04,536035,Wednesday,W,,2002,9,36
2002-09-05,536275,Thursday,W,,2002,9,36
2002-09-06,536156,Friday,W,,2002,9,36
2002-09-07,269329,Saturday,A,,2002,9,36
2002-09-08,184726,Sunday,U,,2002,9,36
2002-09-09,532477,Monday,W,,2002,9,37
2002-09-10,540775,Tuesday,W,,2002,9,37
2002-09-11,533407,Wednesday,W,,2002,9,37
2002-09-12,544860,Thursday,W,,2002,9,37
2002-09-13,553296,Friday,W,,2002,9,37
2002-09-14,276454,Saturday,A,,2002,9,37
2002-09-15,186917,Sunday,U,,2002,9,37
2002-09-16,521831,Monday,W,,2002,9,38
2002-09-17,544294,Tuesday,W,,2002,9,38
2002-09-18,543719,Wednesday,W,,2002,9,38
2002-09-19,541287,Thursday,W,,2002,9,38
2002-09-20,528882,Friday,W,,2002,9,38
2002-09-21,279183,Saturday,A,,2002,9,38
2002-09-22,181708,Sunday,U,,2002,9,38
2002-09-23,538681,Monday,W,,2002,9,39
2002-09-24,561620,Tuesday,W,,2002,9,39
2002-09-25,562791,Wednesday,W,,2002,9,39
2002-09-26,559415,Thursday,W,,2002,9,39
2002-09-27,550146,Friday,W,,2002,9,39
2002-09-28,286188,Saturday,A,,2002,9,39
2002-09-29,196318,Sunday,U,,2002,9,39
2002-09-30,535528,Monday,W,,2002,9,40
2002-10-01,551994,Tuesday,W,,2002,10,40
2002-10-02,548040,Wednesday,W,,2002,10,40
2002-10-03,553974,Thursday,W,,2002,10,40
2002-10-04,529327,Friday,W,,2002,10,40
2002-10-05,285648,Saturday,A,,2002,10,40
2002-10-06,188408,Sunday,U,,2002,10,40
2002-10-07,542093,Monday,W,,2002,10,41
2002-10-08,549627,Tuesday,W,,2002,10,41
2002-10-09,548120,Wednesday,W,,2002,10,41
2002-10-10,553211,Thursday,W,,2002,10,41
2002-10-11,556237,Friday,W,,2002,10,41
2002-10-12,281065,Saturday,A,,2002,10,41
2002-10-13,272891,Sunday,U,,2002,10,41
2002-10-14,457818,Monday,W,,2002,10,42
2002-10-15,551965,Tuesday,W,,2002,10,42
2002-10-16,545507,Wednesday,W,,2002,10,42
2002-10-17,545262,Thursday,W,,2002,10,42
2002-10-18,543111,Friday,W,,2002,10,42
2002-10-19,281704,Saturday,A,,2002,10,42
2002-10-20,187641,Sunday,U,,2002,10,42
2002-10-21,534000,Monday,W,,2002,10,43
2002-10-22,544858,Tuesday,W,,2002,10,43
2002-10-23,536785,Wednesday,W,,2002,10,43
2002-10-24,542263,Thursday,W,,2002,10,43
2002-10-25,534612,Friday,W,,2002,10,43
2002-10-26,279586,Saturday,A,,2002,10,43
2002-10-27,183747,Sunday,U,,2002,10,43
2002-10-28,530671,Monday,W,,2002,10,44
2002-10-29,537498,Tuesday,W,,2002,10,44
2002-10-30,540535,Wednesday,W,,2002,10,44
2002-10-31,536568,Thursday,W,,2002,10,44
2002-11-01,530560,Friday,W,,2002,11,44
2002-11-02,264448,Saturday,A,,2002,11,44
2002-11-03,178637,Sunday,U,,2002,11,44
2002-11-04,535365,Monday,W,,2002,11,45
2002-11-05,517908,Tuesday,W,,2002,11,45
2002-11-06,544739,Wednesday,W,,2002,11,45
2002-11-07,561501,Thursday,W,,2002,11,45
2002-11-08,546391,Friday,W,,2002,11,45
2002-11-09,278095,Saturday,A,,2002,11,45
2002-11-10,185924,Sunday,U,,2002,11,45
2002-11-11,438362,Monday,W,,2002,11,46
2002-11-12,538211,Tuesday,W,,2002,11,46
2002-11-13,536507,Wednesday,W,,2002,11,46
2002-11-14,527880,Thursday,W,,2002,11,46
2002-11-15,532320,Friday,W,,2002,11,46
2002-11-16,265299,Saturday,A,,2002,11,46
2002-11-17,172847,Sunday,U,,2002,11,46
2002-11-18,523115,Monday,W,,2002,11,47
2002-11-19,539459,Tuesday,W,,2002,11,47
2002-11-20,532669,Wednesday,W,,2002,11,47
2002-11-21,524710,Thursday,W,,2002,11,47
2002-11-22,522788,Friday,W,,2002,11,47
2002-11-23,298187,Saturday,A,,2002,11,47
2002-11-24,170825,Sunday,U,,2002,11,47
2002-11-25,508976,Monday,W,,2002,11,48
2002-11-26,516616,Tuesday,W,,2002,11,48
2002-11-27,493553,Wednesday,W,,2002,11,48
2002-11-28,123307,Thursday,U,Thanksgiving Day,2002,11,48
2002-11-29,310186,Friday,W,,2002,11,48
2002-11-30,215456,Saturday,A,,2002,11,48
2002-12-01,158066,Sunday,U,,2002,12,48
2002-12-02,505726,Monday,W,,2002,12,49
2002-12-03,525398,Tuesday,W,,2002,12,49
2002-12-04,515710,Wednesday,W,,2002,12,49
2002-12-05,513363,Thursday,W,,2002,12,49
2002-12-06,508449,Friday,W,,2002,12,49
2002-12-07,268610,Saturday,A,,2002,12,49
2002-12-08,170667,Sunday,U,,2002,12,49
2002-12-09,485740,Monday,W,,2002,12,50
2002-12-10,508155,Tuesday,W,,2002,12,50
2002-12-11,509798,Wednesday,W,,2002,12,50
2002-12-12,509023,Thursday,W,,2002,12,50
2002-12-13,507476,Friday,W,,2002,12,50
2002-12-14,275033,Saturday,A,,2002,12,50
2002-12-15,182765,Sunday,U,,2002,12,50
2002-12-16,487573,Monday,W,,2002,12,51
2002-12-17,492676,Tuesday,W,,2002,12,51
2002-12-18,483041,Wednesday,W,,2002,12,51
2002-12-19,498727,Thursday,W,,2002,12,51
2002-12-20,477977,Friday,W,,2002,12,51
2002-12-21,240472,Saturday,A,,2002,12,51
2002-12-22,164124,Sunday,U,,2002,12,51
2002-12-23,394633,Monday,W,,2002,12,52
2002-12-24,270199,Tuesday,W,,2002,12,52
2002-12-25,81796,Wednesday,U,Christmas Day,2002,12,52
2002-12-26,314457,Thursday,W,,2002,12,52
2002-12-27,358594,Friday,W,,2002,12,52
2002-12-28,199836,Saturday,A,,2002,12,52
2002-12-29,152940,Sunday,U,,2002,12,52
2002-12-30,396796,Monday,W,,2002,12,1
2002-12-31,385866,Tuesday,W,,2002,12,1
2003-01-01,141066,Wednesday,U,New Year's Day,2003,1,1
2003-01-02,402357,Thursday,W,,2003,1,1
2003-01-03,428203,Friday,W,,2003,1,1
2003-01-04,211798,Saturday,A,,2003,1,1
2003-01-05,147020,Sunday,U,,2003,1,1
2003-01-06,477069,Monday,W,,2003,1,2
2003-01-07,481889,Tuesday,W,,2003,1,2
2003-01-08,491915,Wednesday,W,,2003,1,2
2003-01-09,486668,Thursday,W,,2003,1,2
2003-01-10,471113,Friday,W,,2003,1,2
2003-01-11,207511,Saturday,A,,2003,1,2
2003-01-12,142296,Sunday,U,,2003,1,2
2003-01-13,486125,Monday,W,,2003,1,3
2003-01-14,493278,Tuesday,W,,2003,1,3
2003-01-15,483904,Wednesday,W,,2003,1,3
2003-01-16,491216,Thursday,W,,2003,1,3
2003-01-17,485288,Friday,W,,2003,1,3
2003-01-18,216646,Saturday,A,,2003,1,3
2003-01-19,143516,Sunday,U,,2003,1,3
2003-01-20,311998,Monday,W,,2003,1,4
2003-01-21,490313,Tuesday,W,,2003,1,4
2003-01-22,475096,Wednesday,W,,2003,1,4
2003-01-23,448975,Thursday,W,,2003,1,4
2003-01-24,453405,Friday,W,,2003,1,4
2003-01-25,215176,Saturday,A,,2003,1,4
2003-01-26,140069,Sunday,U,,2003,1,4
2003-01-27,468295,Monday,W,,2003,1,5
2003-01-28,496387,Tuesday,W,,2003,1,5
2003-01-29,493434,Wednesday,W,,2003,1,5
2003-01-30,498805,Thursday,W,,2003,1,5
2003-01-31,479299,Friday,W,,2003,1,5
2003-02-01,241681,Saturday,A,,2003,2,5
2003-02-02,159580,Sunday,U,,2003,2,5
2003-02-03,494760,Monday,W,,2003,2,6
2003-02-04,495472,Tuesday,W,,2003,2,6
2003-02-05,485935,Wednesday,W,,2003,2,6
2003-02-06,495343,Thursday,W,,2003,2,6
2003-02-07,475725,Friday,W,,2003,2,6
2003-02-08,224499,Saturday,A,,2003,2,6
2003-02-09,150092,Sunday,U,,2003,2,6
2003-02-10,484747,Monday,W,,2003,2,7
2003-02-11,491529,Tuesday,W,,2003,2,7
2003-02-12,434184,Wednesday,W,,2003,2,7
2003-02-13,496115,Thursday,W,,2003,2,7
2003-02-14,492983,Friday,W,,2003,2,7
2003-02-15,225579,Saturday,A,,2003,2,7
2003-02-16,156246,Sunday,U,,2003,2,7
2003-02-17,371733,Monday,W,,2003,2,8
2003-02-18,501840,Tuesday,W,,2003,2,8
2003-02-19,502155,Wednesday,W,,2003,2,8
2003-02-20,507690,Thursday,W,,2003,2,8
2003-02-21,498885,Friday,W,,2003,2,8
2003-02-22,229492,Saturday,A,,2003,2,8
2003-02-23,154278,Sunday,U,,2003,2,8
2003-02-24,476359,Monday,W,,2003,2,9
2003-02-25,475120,Tuesday,W,,2003,2,9
2003-02-26,488490,Wednesday,W,,2003,2,9
2003-02-27,497215,Thursday,W,,2003,2,9
2003-02-28,495854,Friday,W,,2003,2,9
2003-03-01,241713,Saturday,A,,2003,3,9
2003-03-02,151203,Sunday,U,,2003,3,9
2003-03-03,444237,Monday,W,,2003,3,10
2003-03-04,502940,Tuesday,W,,2003,3,10
2003-03-05,484588,Wednesday,W,,2003,3,10
2003-03-06,476112,Thursday,W,,2003,3,10
2003-03-07,484874,Friday,W,,2003,3,10
2003-03-08,227820,Saturday,A,,2003,3,10
2003-03-09,147613,Sunday,U,,2003,3,10
2003-03-10,476046,Monday,W,,2003,3,11
2003-03-11,498783,Tuesday,W,,2003,3,11
2003-03-12,501521,Wednesday,W,,2003,3,11
2003-03-13,506138,Thursday,W,,2003,3,11
2003-03-14,510686,Friday,W,,2003,3,11
2003-03-15,316656,Saturday,A,,2003,3,11
2003-03-16,195384,Sunday,U,,2003,3,11
2003-03-17,496251,Monday,W,,2003,3,12
2003-03-18,494793,Tuesday,W,,2003,3,12
2003-03-19,487038,Wednesday,W,,2003,3,12
2003-03-20,493229,Thursday,W,,2003,3,12
2003-03-21,488510,Friday,W,,2003,3,12
2003-03-22,242597,Saturday,A,,2003,3,12
2003-03-23,178943,Sunday,U,,2003,3,12
2003-03-24,484771,Monday,W,,2003,3,13
2003-03-25,493435,Tuesday,W,,2003,3,13
2003-03-26,493713,Wednesday,W,,2003,3,13
2003-03-27,492677,Thursday,W,,2003,3,13
2003-03-28,458292,Friday,W,,2003,3,13
2003-03-29,232665,Saturday,A,,2003,3,13
2003-03-30,158597,Sunday,U,,2003,3,13
2003-03-31,479530,Monday,W,,2003,3,14
2003-04-01,500883,Tuesday,W,,2003,4,14
2003-04-02,500295,Wednesday,W,,2003,4,14
2003-04-03,491348,Thursday,W,,2003,4,14
2003-04-04,475383,Friday,W,,2003,4,14
2003-04-05,243565,Saturday,A,,2003,4,14
2003-04-06,156404,Sunday,U,,2003,4,14
2003-04-07,469204,Monday,W,,2003,4,15
2003-04-08,497734,Tuesday,W,,2003,4,15
2003-04-09,507871,Wednesday,W,,2003,4,15
2003-04-10,518074,Thursday,W,,2003,4,15
2003-04-11,498479,Friday,W,,2003,4,15
2003-04-12,266684,Saturday,A,,2003,4,15
2003-04-13,182202,Sunday,U,,2003,4,15
2003-04-14,492509,Monday,W,,2003,4,16
2003-04-15,503287,Tuesday,W,,2003,4,16
2003-04-16,479883,Wednesday,W,,2003,4,16
2003-04-17,467729,Thursday,W,,2003,4,16
2003-04-18,400163,Friday,W,,2003,4,16
2003-04-19,218642,Saturday,A,,2003,4,16
2003-04-20,143070,Sunday,U,,2003,4,16
2003-04-21,475056,Monday,W,,2003,4,17
2003-04-22,512368,Tuesday,W,,2003,4,17
2003-04-23,508819,Wednesday,W,,2003,4,17
2003-04-24,514639,Thursday,W,,2003,4,17
2003-04-25,493861,Friday,W,,2003,4,17
2003-04-26,249567,Saturday,A,,2003,4,17
2003-04-27,174868,Sunday,U,,2003,4,17
2003-04-28,483108,Monday,W,,2003,4,18
2003-04-29,494298,Tuesday,W,,2003,4,18
2003-04-30,471034,Wednesday,W,,2003,4,18
2003-05-01,495569,Thursday,W,,2003,5,18
2003-05-02,511585,Friday,W,,2003,5,18
2003-05-03,278498,Saturday,A,,2003,5,18
2003-05-04,177897,Sunday,U,,2003,5,18
2003-05-05,504632,Monday,W,,2003,5,19
2003-05-06,519731,Tuesday,W,,2003,5,19
2003-05-07,506531,Wednesday,W,,2003,5,19
2003-05-08,502211,Thursday,W,,2003,5,19
2003-05-09,511789,Friday,W,,2003,5,19
2003-05-10,250504,Saturday,A,,2003,5,19
2003-05-11,160496,Sunday,U,,2003,5,19
2003-05-12,481787,Monday,W,,2003,5,20
2003-05-13,500052,Tuesday,W,,2003,5,20
2003-05-14,483982,Wednesday,W,,2003,5,20
2003-05-15,496584,Thursday,W,,2003,5,20
2003-05-16,489552,Friday,W,,2003,5,20
2003-05-17,252882,Saturday,A,,2003,5,20
2003-05-18,172498,Sunday,U,,2003,5,20
2003-05-19,481050,Monday,W,,2003,5,21
2003-05-20,493368,Tuesday,W,,2003,5,21
2003-05-21,491924,Wednesday,W,,2003,5,21
2003-05-22,490368,Thursday,W,,2003,5,21
2003-05-23,477487,Friday,W,,2003,5,21
2003-05-24,249849,Saturday,A,,2003,5,21
2003-05-25,185449,Sunday,U,,2003,5,21
2003-05-26,185911,Monday,U,Memorial Day,2003,5,22
2003-05-27,496103,Tuesday,W,,2003,5,22
2003-05-28,486891,Wednesday,W,,2003,5,22
2003-05-29,494051,Thursday,W,,2003,5,22
2003-05-30,509230,Friday,W,,2003,5,22
2003-05-31,264012,Saturday,A,,2003,5,22
2003-06-01,203561,Sunday,U,,2003,6,22
2003-06-02,483922,Monday,W,,2003,6,23
2003-06-03,506456,Tuesday,W,,2003,6,23
2003-06-04,510717,Wednesday,W,,2003,6,23
2003-06-05,516582,Thursday,W,,2003,6,23
2003-06-06,510898,Friday,W,,2003,6,23
2003-06-07,293940,Saturday,A,,2003,6,23
2003-06-08,190231,Sunday,U,,2003,6,23
2003-06-09,490363,Monday,W,,2003,6,24
2003-06-10,495064,Tuesday,W,,2003,6,24
2003-06-11,503770,Wednesday,W,,2003,6,24
2003-06-12,501978,Thursday,W,,2003,6,24
2003-06-13,492105,Friday,W,,2003,6,24
2003-06-14,265584,Saturday,A,,2003,6,24
2003-06-15,184085,Sunday,U,,2003,6,24
2003-06-16,482479,Monday,W,,2003,6,25
2003-06-17,499104,Tuesday,W,,2003,6,25
2003-06-18,487955,Wednesday,W,,2003,6,25
2003-06-19,494709,Thursday,W,,2003,6,25
2003-06-20,507236,Friday,W,,2003,6,25
2003-06-21,287050,Saturday,A,,2003,6,25
2003-06-22,200894,Sunday,U,,2003,6,25
2003-06-23,471684,Monday,W,,2003,6,26
2003-06-24,514981,Tuesday,W,,2003,6,26
2003-06-25,501145,Wednesday,W,,2003,6,26
2003-06-26,498473,Thursday,W,,2003,6,26
2003-06-27,548672,Friday,W,,2003,6,26
2003-06-28,290591,Saturday,A,,2003,6,26
2003-06-29,273654,Sunday,U,,2003,6,26
2003-06-30,507779,Monday,W,,2003,6,27
2003-07-01,526315,Tuesday,W,,2003,7,27
2003-07-02,531296,Wednesday,W,,2003,7,27
2003-07-03,656184,Thursday,W,,2003,7,27
2003-07-04,288703,Friday,U,Independence Day,2003,7,27
2003-07-05,301501,Saturday,A,,2003,7,27
2003-07-06,223426,Sunday,U,,2003,7,27
2003-07-07,472562,Monday,W,,2003,7,28
2003-07-08,481106,Tuesday,W,,2003,7,28
2003-07-09,497068,Wednesday,W,,2003,7,28
2003-07-10,509933,Thursday,W,,2003,7,28
2003-07-11,510733,Friday,W,,2003,7,28
2003-07-12,281454,Saturday,A,,2003,7,28
2003-07-13,213320,Sunday,U,,2003,7,28
2003-07-14,507212,Monday,W,,2003,7,29
2003-07-15,513032,Tuesday,W,,2003,7,29
2003-07-16,496205,Wednesday,W,,2003,7,29
2003-07-17,481058,Thursday,W,,2003,7,29
2003-07-18,489922,Friday,W,,2003,7,29
2003-07-19,269324,Saturday,A,,2003,7,29
2003-07-20,185900,Sunday,U,,2003,7,29
2003-07-21,479969,Monday,W,,2003,7,30
2003-07-22,490357,Tuesday,W,,2003,7,30
2003-07-23,516315,Wednesday,W,,2003,7,30
2003-07-24,516416,Thursday,W,,2003,7,30
2003-07-25,491114,Friday,W,,2003,7,30
2003-07-26,259338,Saturday,A,,2003,7,30
2003-07-27,184721,Sunday,U,,2003,7,30
2003-07-28,467164,Monday,W,,2003,7,31
2003-07-29,510717,Tuesday,W,,2003,7,31
2003-07-30,511540,Wednesday,W,,2003,7,31
2003-07-31,512361,Thursday,W,,2003,7,31
2003-08-01,502246,Friday,W,,2003,8,31
2003-08-02,331942,Saturday,A,,2003,8,31
2003-08-03,203308,Sunday,U,,2003,8,31
2003-08-04,485497,Monday,W,,2003,8,32
2003-08-05,498387,Tuesday,W,,2003,8,32
2003-08-06,482900,Wednesday,W,,2003,8,32
2003-08-07,484669,Thursday,W,,2003,8,32
2003-08-08,484507,Friday,W,,2003,8,32
2003-08-09,308228,Saturday,A,,2003,8,32
2003-08-10,203217,Sunday,U,,2003,8,32
2003-08-11,470465,Monday,W,,2003,8,33
2003-08-12,493967,Tuesday,W,,2003,8,33
2003-08-13,509898,Wednesday,W,,2003,8,33
2003-08-14,491785,Thursday,W,,2003,8,33
2003-08-15,499677,Friday,W,,2003,8,33
2003-08-16,301342,Saturday,A,,2003,8,33
2003-08-17,241085,Sunday,U,,2003,8,33
2003-08-18,464078,Monday,W,,2003,8,34
2003-08-19,479185,Tuesday,W,,2003,8,34
2003-08-20,470636,Wednesday,W,,2003,8,34
2003-08-21,466859,Thursday,W,,2003,8,34
2003-08-22,478176,Friday,W,,2003,8,34
2003-08-23,259780,Saturday,A,,2003,8,34
2003-08-24,188535,Sunday,U,,2003,8,34
2003-08-25,465671,Monday,W,,2003,8,35
2003-08-26,475694,Tuesday,W,,2003,8,35
2003-08-27,480466,Wednesday,W,,2003,8,35
2003-08-28,480316,Thursday,W,,2003,8,35
2003-08-29,501941,Friday,W,,2003,8,35
2003-08-30,281721,Saturday,A,,2003,8,35
2003-08-31,201332,Sunday,U,,2003,8,35
2003-09-01,165391,Monday,U,Labor Day,2003,9,36
2003-09-02,538476,Tuesday,W,,2003,9,36
2003-09-03,539684,Wednesday,W,,2003,9,36
2003-09-04,541397,Thursday,W,,2003,9,36
2003-09-05,526833,Friday,W,,2003,9,36
2003-09-06,277189,Saturday,A,,2003,9,36
2003-09-07,185040,Sunday,U,,2003,9,36
2003-09-08,517072,Monday,W,,2003,9,37
2003-09-09,525051,Tuesday,W,,2003,9,37
2003-09-10,535982,Wednesday,W,,2003,9,37
2003-09-11,530898,Thursday,W,,2003,9,37
2003-09-12,539561,Friday,W,,2003,9,37
2003-09-13,290949,Saturday,A,,2003,9,37
2003-09-14,195361,Sunday,U,,2003,9,37
2003-09-15,542381,Monday,W,,2003,9,38
2003-09-16,550711,Tuesday,W,,2003,9,38
2003-09-17,550839,Wednesday,W,,2003,9,38
2003-09-18,537315,Thursday,W,,2003,9,38
2003-09-19,533291,Friday,W,,2003,9,38
2003-09-20,281151,Saturday,A,,2003,9,38
2003-09-21,191780,Sunday,U,,2003,9,38
2003-09-22,529663,Monday,W,,2003,9,39
2003-09-23,543928,Tuesday,W,,2003,9,39
2003-09-24,534304,Wednesday,W,,2003,9,39
2003-09-25,538053,Thursday,W,,2003,9,39
2003-09-26,534429,Friday,W,,2003,9,39
2003-09-27,297419,Saturday,A,,2003,9,39
2003-09-28,196499,Sunday,U,,2003,9,39
2003-09-29,528921,Monday,W,,2003,9,40
2003-09-30,528958,Tuesday,W,,2003,9,40
2003-10-01,534638,Wednesday,W,,2003,10,40
2003-10-02,532455,Thursday,W,,2003,10,40
2003-10-03,554326,Friday,W,,2003,10,40
2003-10-04,318302,Saturday,A,,2003,10,40
2003-10-05,196564,Sunday,U,,2003,10,40
2003-10-06,513246,Monday,W,,2003,10,41
2003-10-07,580836,Tuesday,W,,2003,10,41
2003-10-08,575366,Wednesday,W,,2003,10,41
2003-10-09,540175,Thursday,W,,2003,10,41
2003-10-10,549365,Friday,W,,2003,10,41
2003-10-11,304288,Saturday,A,,2003,10,41
2003-10-12,291440,Sunday,U,,2003,10,41
2003-10-13,454652,Monday,W,,2003,10,42
2003-10-14,573891,Tuesday,W,,2003,10,42
2003-10-15,590693,Wednesday,W,,2003,10,42
2003-10-16,540147,Thursday,W,,2003,10,42
2003-10-17,540440,Friday,W,,2003,10,42
2003-10-18,300727,Saturday,A,,2003,10,42
2003-10-19,200200,Sunday,U,,2003,10,42
2003-10-20,524755,Monday,W,,2003,10,43
2003-10-21,535007,Tuesday,W,,2003,10,43
2003-10-22,531469,Wednesday,W,,2003,10,43
2003-10-23,534604,Thursday,W,,2003,10,43
2003-10-24,530691,Friday,W,,2003,10,43
2003-10-25,276126,Saturday,A,,2003,10,43
2003-10-26,192372,Sunday,U,,2003,10,43
2003-10-27,515093,Monday,W,,2003,10,44
2003-10-28,523915,Tuesday,W,,2003,10,44
2003-10-29,529405,Wednesday,W,,2003,10,44
2003-10-30,541638,Thursday,W,,2003,10,44
2003-10-31,521662,Friday,W,,2003,10,44
2003-11-01,256969,Saturday,A,,2003,11,44
2003-11-02,178798,Sunday,U,,2003,11,44
2003-11-03,510040,Monday,W,,2003,11,45
2003-11-04,523067,Tuesday,W,,2003,11,45
2003-11-05,530377,Wednesday,W,,2003,11,45
2003-11-06,535237,Thursday,W,,2003,11,45
2003-11-07,515345,Friday,W,,2003,11,45
2003-11-08,266233,Saturday,A,,2003,11,45
2003-11-09,184063,Sunday,U,,2003,11,45
2003-11-10,503089,Monday,W,,2003,11,46
2003-11-11,450515,Tuesday,W,,2003,11,46
2003-11-12,520754,Wednesday,W,,2003,11,46
2003-11-13,511639,Thursday,W,,2003,11,46
2003-11-14,524940,Friday,W,,2003,11,46
2003-11-15,277333,Saturday,A,,2003,11,46
2003-11-16,184758,Sunday,U,,2003,11,46
2003-11-17,513218,Monday,W,,2003,11,47
2003-11-18,504774,Tuesday,W,,2003,11,47
2003-11-19,524519,Wednesday,W,,2003,11,47
2003-11-20,529736,Thursday,W,,2003,11,47
2003-11-21,519631,Friday,W,,2003,11,47
2003-11-22,300101,Saturday,A,,2003,11,47
2003-11-23,168069,Sunday,U,,2003,11,47
2003-11-24,484531,Monday,W,,2003,11,48
2003-11-25,500390,Tuesday,W,,2003,11,48
2003-11-26,480711,Wednesday,W,,2003,11,48
2003-11-27,127179,Thursday,U,Thanksgiving Day,2003,11,48
2003-11-28,285698,Friday,W,,2003,11,48
2003-11-29,220720,Saturday,A,,2003,11,48
2003-11-30,180605,Sunday,U,,2003,11,48
2003-12-01,499057,Monday,W,,2003,12,49
2003-12-02,502635,Tuesday,W,,2003,12,49
2003-12-03,509181,Wednesday,W,,2003,12,49
2003-12-04,506491,Thursday,W,,2003,12,49
2003-12-05,503462,Friday,W,,2003,12,49
2003-12-06,270934,Saturday,A,,2003,12,49
2003-12-07,178372,Sunday,U,,2003,12,49
2003-12-08,486325,Monday,W,,2003,12,50
2003-12-09,493274,Tuesday,W,,2003,12,50
2003-12-10,495934,Wednesday,W,,2003,12,50
2003-12-11,490728,Thursday,W,,2003,12,50
2003-12-12,477870,Friday,W,,2003,12,50
2003-12-13,253543,Saturday,A,,2003,12,50
2003-12-14,174223,Sunday,U,,2003,12,50
2003-12-15,471912,Monday,W,,2003,12,51
2003-12-16,478420,Tuesday,W,,2003,12,51
2003-12-17,476199,Wednesday,W,,2003,12,51
2003-12-18,471057,Thursday,W,,2003,12,51
2003-12-19,461346,Friday,W,,2003,12,51
2003-12-20,239952,Saturday,A,,2003,12,51
2003-12-21,181696,Sunday,U,,2003,12,51
2003-12-22,421588,Monday,W,,2003,12,52
2003-12-23,403703,Tuesday,W,,2003,12,52
2003-12-24,276892,Wednesday,W,,2003,12,52
2003-12-25,83831,Thursday,U,Christmas Day,2003,12,52
2003-12-26,266468,Friday,W,,2003,12,52
2003-12-27,193344,Saturday,A,,2003,12,52
2003-12-28,148236,Sunday,U,,2003,12,52
2003-12-29,383385,Monday,W,,2003,12,1
2003-12-30,393813,Tuesday,W,,2003,12,1
2003-12-31,357652,Wednesday,W,,2003,12,1
2004-01-01,144401,Thursday,U,New Year's Day,2004,1,1
2004-01-02,350084,Friday,W,,2004,1,1
2004-01-03,207577,Saturday,A,,2004,1,1
2004-01-04,135170,Sunday,U,,2004,1,1
2004-01-05,455311,Monday,W,,2004,1,2
2004-01-06,428544,Tuesday,W,,2004,1,2
2004-01-07,445061,Wednesday,W,,2004,1,2
2004-01-08,462150,Thursday,W,,2004,1,2
2004-01-09,465161,Friday,W,,2004,1,2
2004-01-10,217168,Saturday,A,,2004,1,2
2004-01-11,149407,Sunday,U,,2004,1,2
2004-01-12,488719,Monday,W,,2004,1,3
2004-01-13,495241,Tuesday,W,,2004,1,3
2004-01-14,490975,Wednesday,W,,2004,1,3
2004-01-15,490427,Thursday,W,,2004,1,3
2004-01-16,479795,Friday,W,,2004,1,3
2004-01-17,230823,Saturday,A,,2004,1,3
2004-01-18,148250,Sunday,U,,2004,1,3
2004-01-19,293659,Monday,W,,2004,1,4
2004-01-20,475215,Tuesday,W,,2004,1,4
2004-01-21,478500,Wednesday,W,,2004,1,4
2004-01-22,450078,Thursday,W,,2004,1,4
2004-01-23,456735,Friday,W,,2004,1,4
2004-01-24,218731,Saturday,A,,2004,1,4
2004-01-25,146869,Sunday,U,,2004,1,4
2004-01-26,469735,Monday,W,,2004,1,5
2004-01-27,487014,Tuesday,W,,2004,1,5
2004-01-28,469103,Wednesday,W,,2004,1,5
2004-01-29,459293,Thursday,W,,2004,1,5
2004-01-30,415674,Friday,W,,2004,1,5
2004-01-31,204326,Saturday,A,,2004,1,5
2004-02-01,141737,Sunday,U,,2004,2,5
2004-02-02,470127,Monday,W,,2004,2,6
2004-02-03,490583,Tuesday,W,,2004,2,6
2004-02-04,482715,Wednesday,W,,2004,2,6
2004-02-05,486864,Thursday,W,,2004,2,6
2004-02-06,475483,Friday,W,,2004,2,6
2004-02-07,233852,Saturday,A,,2004,2,6
2004-02-08,154268,Sunday,U,,2004,2,6
2004-02-09,479727,Monday,W,,2004,2,7
2004-02-10,492128,Tuesday,W,,2004,2,7
2004-02-11,493277,Wednesday,W,,2004,2,7
2004-02-12,445818,Thursday,W,,2004,2,7
2004-02-13,482132,Friday,W,,2004,2,7
2004-02-14,250397,Saturday,A,,2004,2,7
2004-02-15,159136,Sunday,U,,2004,2,7
2004-02-16,366422,Monday,W,,2004,2,8
2004-02-17,495278,Tuesday,W,,2004,2,8
2004-02-18,492593,Wednesday,W,,2004,2,8
2004-02-19,499122,Thursday,W,,2004,2,8
2004-02-20,481709,Friday,W,,2004,2,8
2004-02-21,239752,Saturday,A,,2004,2,8
2004-02-22,155460,Sunday,U,,2004,2,8
2004-02-23,479200,Monday,W,,2004,2,9
2004-02-24,488376,Tuesday,W,,2004,2,9
2004-02-25,495136,Wednesday,W,,2004,2,9
2004-02-26,496408,Thursday,W,,2004,2,9
2004-02-27,489434,Friday,W,,2004,2,9
2004-02-28,257541,Saturday,A,,2004,2,9
2004-02-29,172828,Sunday,U,,2004,2,9
2004-03-01,443654,Monday,W,,2004,3,10
2004-03-02,496166,Tuesday,W,,2004,3,10
2004-03-03,493258,Wednesday,W,,2004,3,10
2004-03-04,484834,Thursday,W,,2004,3,10
2004-03-05,477880,Friday,W,,2004,3,10
2004-03-06,245787,Saturday,A,,2004,3,10
2004-03-07,155124,Sunday,U,,2004,3,10
2004-03-08,486285,Monday,W,,2004,3,11
2004-03-09,496046,Tuesday,W,,2004,3,11
2004-03-10,499461,Wednesday,W,,2004,3,11
2004-03-11,489145,Thursday,W,,2004,3,11
2004-03-12,481539,Friday,W,,2004,3,11
2004-03-13,284636,Saturday,A,,2004,3,11
2004-03-14,166584,Sunday,U,,2004,3,11
2004-03-15,481359,Monday,W,,2004,3,12
2004-03-16,483415,Tuesday,W,,2004,3,12
2004-03-17,489329,Wednesday,W,,2004,3,12
2004-03-18,488218,Thursday,W,,2004,3,12
2004-03-19,492323,Friday,W,,2004,3,12
2004-03-20,258199,Saturday,A,,2004,3,12
2004-03-21,157181,Sunday,U,,2004,3,12
2004-03-22,464553,Monday,W,,2004,3,13
2004-03-23,480687,Tuesday,W,,2004,3,13
2004-03-24,469608,Wednesday,W,,2004,3,13
2004-03-25,478916,Thursday,W,,2004,3,13
2004-03-26,462867,Friday,W,,2004,3,13
2004-03-27,249661,Saturday,A,,2004,3,13
2004-03-28,178496,Sunday,U,,2004,3,13
2004-03-29,476290,Monday,W,,2004,3,14
2004-03-30,480902,Tuesday,W,,2004,3,14
2004-03-31,480783,Wednesday,W,,2004,3,14
2004-04-01,491995,Thursday,W,,2004,4,14
2004-04-02,488832,Friday,W,,2004,4,14
2004-04-03,252935,Saturday,A,,2004,4,14
2004-04-04,164704,Sunday,U,,2004,4,14
2004-04-05,474532,Monday,W,,2004,4,15
2004-04-06,485990,Tuesday,W,,2004,4,15
2004-04-07,491321,Wednesday,W,,2004,4,15
2004-04-08,488315,Thursday,W,,2004,4,15
2004-04-09,406670,Friday,W,,2004,4,15
2004-04-10,218287,Saturday,A,,2004,4,15
2004-04-11,135023,Sunday,U,,2004,4,15
2004-04-12,465269,Monday,W,,2004,4,16
2004-04-13,474534,Tuesday,W,,2004,4,16
2004-04-14,492464,Wednesday,W,,2004,4,16
2004-04-15,498897,Thursday,W,,2004,4,16
2004-04-16,498035,Friday,W,,2004,4,16
2004-04-17,275002,Saturday,A,,2004,4,16
2004-04-18,188901,Sunday,U,,2004,4,16
2004-04-19,491307,Monday,W,,2004,4,17
2004-04-20,491551,Tuesday,W,,2004,4,17
2004-04-21,495440,Wednesday,W,,2004,4,17
2004-04-22,495509,Thursday,W,,2004,4,17
2004-04-23,511158,Friday,W,,2004,4,17
2004-04-24,261367,Saturday,A,,2004,4,17
2004-04-25,180929,Sunday,U,,2004,4,17
2004-04-26,478247,Monday,W,,2004,4,18
2004-04-27,488145,Tuesday,W,,2004,4,18
2004-04-28,485788,Wednesday,W,,2004,4,18
2004-04-29,481501,Thursday,W,,2004,4,18
2004-04-30,481324,Friday,W,,2004,4,18
2004-05-01,234400,Saturday,A,,2004,5,18
2004-05-02,168583,Sunday,U,,2004,5,18
2004-05-03,482028,Monday,W,,2004,5,19
2004-05-04,511177,Tuesday,W,,2004,5,19
2004-05-05,516877,Wednesday,W,,2004,5,19
2004-05-06,509956,Thursday,W,,2004,5,19
2004-05-07,490478,Friday,W,,2004,5,19
2004-05-08,262650,Saturday,A,,2004,5,19
2004-05-09,183714,Sunday,U,,2004,5,19
2004-05-10,463644,Monday,W,,2004,5,20
2004-05-11,484422,Tuesday,W,,2004,5,20
2004-05-12,478542,Wednesday,W,,2004,5,20
2004-05-13,481081,Thursday,W,,2004,5,20
2004-05-14,469907,Friday,W,,2004,5,20
2004-05-15,255612,Saturday,A,,2004,5,20
2004-05-16,178329,Sunday,U,,2004,5,20
2004-05-17,470971,Monday,W,,2004,5,21
2004-05-18,498152,Tuesday,W,,2004,5,21
2004-05-19,509505,Wednesday,W,,2004,5,21
2004-05-20,501907,Thursday,W,,2004,5,21
2004-05-21,491765,Friday,W,,2004,5,21
2004-05-22,262833,Saturday,A,,2004,5,21
2004-05-23,186201,Sunday,U,,2004,5,21
2004-05-24,474946,Monday,W,,2004,5,22
2004-05-25,486993,Tuesday,W,,2004,5,22
2004-05-26,484469,Wednesday,W,,2004,5,22
2004-05-27,484348,Thursday,W,,2004,5,22
2004-05-28,476471,Friday,W,,2004,5,22
2004-05-29,239211,Saturday,A,,2004,5,22
2004-05-30,153820,Sunday,U,,2004,5,22
2004-05-31,174337,Monday,U,Memorial Day,2004,5,23
2004-06-01,501862,Tuesday,W,,2004,6,23
2004-06-02,502235,Wednesday,W,,2004,6,23
2004-06-03,496051,Thursday,W,,2004,6,23
2004-06-04,514398,Friday,W,,2004,6,23
2004-06-05,290745,Saturday,A,,2004,6,23
2004-06-06,205642,Sunday,U,,2004,6,23
2004-06-07,500040,Monday,W,,2004,6,24
2004-06-08,520476,Tuesday,W,,2004,6,24
2004-06-09,511550,Wednesday,W,,2004,6,24
2004-06-10,509845,Thursday,W,,2004,6,24
2004-06-11,484971,Friday,W,,2004,6,24
2004-06-12,288496,Saturday,A,,2004,6,24
2004-06-13,196899,Sunday,U,,2004,6,24
2004-06-14,472597,Monday,W,,2004,6,25
2004-06-15,490577,Tuesday,W,,2004,6,25
2004-06-16,485076,Wednesday,W,,2004,6,25
2004-06-17,485734,Thursday,W,,2004,6,25
2004-06-18,498408,Friday,W,,2004,6,25
2004-06-19,279237,Saturday,A,,2004,6,25
2004-06-20,192183,Sunday,U,,2004,6,25
2004-06-21,448409,Monday,W,,2004,6,26
2004-06-22,495802,Tuesday,W,,2004,6,26
2004-06-23,479919,Wednesday,W,,2004,6,26
2004-06-24,474223,Thursday,W,,2004,6,26
2004-06-25,522364,Friday,W,,2004,6,26
2004-06-26,310994,Saturday,A,,2004,6,26
2004-06-27,269691,Sunday,U,,2004,6,26
2004-06-28,475451,Monday,W,,2004,6,27
2004-06-29,533624,Tuesday,W,,2004,6,27
2004-06-30,531103,Wednesday,W,,2004,6,27
2004-07-01,536151,Thursday,W,,2004,7,27
2004-07-02,537542,Friday,W,,2004,7,27
2004-07-03,346892,Saturday,A,,2004,7,27
2004-07-04,269347,Sunday,U,Independence Day,2004,7,27
2004-07-05,190722,Monday,U,,2004,7,28
2004-07-06,461766,Tuesday,W,,2004,7,28
2004-07-07,471453,Wednesday,W,,2004,7,28
2004-07-08,481749,Thursday,W,,2004,7,28
2004-07-09,465058,Friday,W,,2004,7,28
2004-07-10,253689,Saturday,A,,2004,7,28
2004-07-11,189222,Sunday,U,,2004,7,28
2004-07-12,468538,Monday,W,,2004,7,29
2004-07-13,474257,Tuesday,W,,2004,7,29
2004-07-14,482322,Wednesday,W,,2004,7,29
2004-07-15,510961,Thursday,W,,2004,7,29
2004-07-16,506878,Friday,W,,2004,7,29
2004-07-17,303247,Saturday,A,,2004,7,29
2004-07-18,225087,Sunday,U,,2004,7,29
2004-07-19,492592,Monday,W,,2004,7,30
2004-07-20,503452,Tuesday,W,,2004,7,30
2004-07-21,490137,Wednesday,W,,2004,7,30
2004-07-22,496395,Thursday,W,,2004,7,30
2004-07-23,490053,Friday,W,,2004,7,30
2004-07-24,265131,Saturday,A,,2004,7,30
2004-07-25,207626,Sunday,U,,2004,7,30
2004-07-26,469262,Monday,W,,2004,7,31
2004-07-27,489829,Tuesday,W,,2004,7,31
2004-07-28,482825,Wednesday,W,,2004,7,31
2004-07-29,476657,Thursday,W,,2004,7,31
2004-07-30,497409,Friday,W,,2004,7,31
2004-07-31,312819,Saturday,A,,2004,7,31
2004-08-01,208797,Sunday,U,,2004,8,31
2004-08-02,451708,Monday,W,,2004,8,32
2004-08-03,473394,Tuesday,W,,2004,8,32
2004-08-04,461798,Wednesday,W,,2004,8,32
2004-08-05,475276,Thursday,W,,2004,8,32
2004-08-06,478082,Friday,W,,2004,8,32
2004-08-07,265501,Saturday,A,,2004,8,32
2004-08-08,195767,Sunday,U,,2004,8,32
2004-08-09,451239,Monday,W,,2004,8,33
2004-08-10,485275,Tuesday,W,,2004,8,33
2004-08-11,482289,Wednesday,W,,2004,8,33
2004-08-12,486836,Thursday,W,,2004,8,33
2004-08-13,491015,Friday,W,,2004,8,33
2004-08-14,298315,Saturday,A,,2004,8,33
2004-08-15,198672,Sunday,U,,2004,8,33
2004-08-16,441378,Monday,W,,2004,8,34
2004-08-17,454175,Tuesday,W,,2004,8,34
2004-08-18,456842,Wednesday,W,,2004,8,34
2004-08-19,465514,Thursday,W,,2004,8,34
2004-08-20,471918,Friday,W,,2004,8,34
2004-08-21,299251,Saturday,A,,2004,8,34
2004-08-22,225300,Sunday,U,,2004,8,34
2004-08-23,469919,Monday,W,,2004,8,35
2004-08-24,470952,Tuesday,W,,2004,8,35
2004-08-25,473351,Wednesday,W,,2004,8,35
2004-08-26,487121,Thursday,W,,2004,8,35
2004-08-27,502730,Friday,W,,2004,8,35
2004-08-28,247041,Saturday,A,,2004,8,35
2004-08-29,201838,Sunday,U,,2004,8,35
2004-08-30,471178,Monday,W,,2004,8,36
2004-08-31,486884,Tuesday,W,,2004,8,36
2004-09-01,495756,Wednesday,W,,2004,9,36
2004-09-02,497506,Thursday,W,,2004,9,36
2004-09-03,488384,Friday,W,,2004,9,36
2004-09-04,271116,Saturday,A,,2004,9,36
2004-09-05,214104,Sunday,U,,2004,9,36
2004-09-06,192603,Monday,U,Labor Day,2004,9,37
2004-09-07,519794,Tuesday,W,,2004,9,37
2004-09-08,529428,Wednesday,W,,2004,9,37
2004-09-09,521387,Thursday,W,,2004,9,37
2004-09-10,540838,Friday,W,,2004,9,37
2004-09-11,295299,Saturday,A,,2004,9,37
2004-09-12,214530,Sunday,U,,2004,9,37
2004-09-13,528521,Monday,W,,2004,9,38
2004-09-14,537886,Tuesday,W,,2004,9,38
2004-09-15,531352,Wednesday,W,,2004,9,38
2004-09-16,515536,Thursday,W,,2004,9,38
2004-09-17,518876,Friday,W,,2004,9,38
2004-09-18,282785,Saturday,A,,2004,9,38
2004-09-19,197306,Sunday,U,,2004,9,38
2004-09-20,513678,Monday,W,,2004,9,39
2004-09-21,524780,Tuesday,W,,2004,9,39
2004-09-22,522257,Wednesday,W,,2004,9,39
2004-09-23,530406,Thursday,W,,2004,9,39
2004-09-24,516424,Friday,W,,2004,9,39
2004-09-25,268000,Saturday,A,,2004,9,39
2004-09-26,187701,Sunday,U,,2004,9,39
2004-09-27,528423,Monday,W,,2004,9,40
2004-09-28,540833,Tuesday,W,,2004,9,40
2004-09-29,540453,Wednesday,W,,2004,9,40
2004-09-30,541594,Thursday,W,,2004,9,40
2004-10-01,543057,Friday,W,,2004,10,40
2004-10-02,301727,Saturday,A,,2004,10,40
2004-10-03,209554,Sunday,U,,2004,10,40
2004-10-04,519550,Monday,W,,2004,10,41
2004-10-05,524601,Tuesday,W,,2004,10,41
2004-10-06,525805,Wednesday,W,,2004,10,41
2004-10-07,531208,Thursday,W,,2004,10,41
2004-10-08,525771,Friday,W,,2004,10,41
2004-10-09,301341,Saturday,A,,2004,10,41
2004-10-10,290942,Sunday,U,,2004,10,41
2004-10-11,442499,Monday,W,,2004,10,42
2004-10-12,527878,Tuesday,W,,2004,10,42
2004-10-13,525834,Wednesday,W,,2004,10,42
2004-10-14,526851,Thursday,W,,2004,10,42
2004-10-15,526592,Friday,W,,2004,10,42
2004-10-16,270911,Saturday,A,,2004,10,42
2004-10-17,202405,Sunday,U,,2004,10,42
2004-10-18,505776,Monday,W,,2004,10,43
2004-10-19,517889,Tuesday,W,,2004,10,43
2004-10-20,517645,Wednesday,W,,2004,10,43
2004-10-21,528781,Thursday,W,,2004,10,43
2004-10-22,522193,Friday,W,,2004,10,43
2004-10-23,260410,Saturday,A,,2004,10,43
2004-10-24,188678,Sunday,U,,2004,10,43
2004-10-25,508290,Monday,W,,2004,10,44
2004-10-26,515666,Tuesday,W,,2004,10,44
2004-10-27,521762,Wednesday,W,,2004,10,44
2004-10-28,522678,Thursday,W,,2004,10,44
2004-10-29,523432,Friday,W,,2004,10,44
2004-10-30,263961,Saturday,A,,2004,10,44
2004-10-31,191138,Sunday,U,,2004,10,44
2004-11-01,487554,Monday,W,,2004,11,45
2004-11-02,479220,Tuesday,W,,2004,11,45
2004-11-03,519495,Wednesday,W,,2004,11,45
2004-11-04,517790,Thursday,W,,2004,11,45
2004-11-05,522947,Friday,W,,2004,11,45
2004-11-06,275016,Saturday,A,,2004,11,45
2004-11-07,184393,Sunday,U,,2004,11,45
2004-11-08,511200,Monday,W,,2004,11,46
2004-11-09,522303,Tuesday,W,,2004,11,46
2004-11-10,527547,Wednesday,W,,2004,11,46
2004-11-11,455626,Thursday,W,,2004,11,46
2004-11-12,503537,Friday,W,,2004,11,46
2004-11-13,275452,Saturday,A,,2004,11,46
2004-11-14,183739,Sunday,U,,2004,11,46
2004-11-15,507706,Monday,W,,2004,11,47
2004-11-16,517677,Tuesday,W,,2004,11,47
2004-11-17,514967,Wednesday,W,,2004,11,47
2004-11-18,506682,Thursday,W,,2004,11,47
2004-11-19,516762,Friday,W,,2004,11,47
2004-11-20,308228,Saturday,A,,2004,11,47
2004-11-21,190280,Sunday,U,,2004,11,47
2004-11-22,502976,Monday,W,,2004,11,48
2004-11-23,511871,Tuesday,W,,2004,11,48
2004-11-24,457077,Wednesday,W,,2004,11,48
2004-11-25,122462,Thursday,U,Thanksgiving Day,2004,11,48
2004-11-26,286484,Friday,W,,2004,11,48
2004-11-27,204193,Saturday,A,,2004,11,48
2004-11-28,171523,Sunday,U,,2004,11,48
2004-11-29,488292,Monday,W,,2004,11,49
2004-11-30,498718,Tuesday,W,,2004,11,49
2004-12-01,509781,Wednesday,W,,2004,12,49
2004-12-02,508764,Thursday,W,,2004,12,49
2004-12-03,510657,Friday,W,,2004,12,49
2004-12-04,278271,Saturday,A,,2004,12,49
2004-12-05,192413,Sunday,U,,2004,12,49
2004-12-06,487616,Monday,W,,2004,12,50
2004-12-07,487274,Tuesday,W,,2004,12,50
2004-12-08,502160,Wednesday,W,,2004,12,50
2004-12-09,504096,Thursday,W,,2004,12,50
2004-12-10,497002,Friday,W,,2004,12,50
2004-12-11,264529,Saturday,A,,2004,12,50
2004-12-12,170777,Sunday,U,,2004,12,50
2004-12-13,467093,Monday,W,,2004,12,51
2004-12-14,476388,Tuesday,W,,2004,12,51
2004-12-15,485445,Wednesday,W,,2004,12,51
2004-12-16,486099,Thursday,W,,2004,12,51
2004-12-17,475323,Friday,W,,2004,12,51
2004-12-18,250676,Saturday,A,,2004,12,51
2004-12-19,150424,Sunday,U,,2004,12,51
2004-12-20,405757,Monday,W,,2004,12,52
2004-12-21,422197,Tuesday,W,,2004,12,52
2004-12-22,393184,Wednesday,W,,2004,12,52
2004-12-23,339203,Thursday,W,,2004,12,52
2004-12-24,159287,Friday,W,,2004,12,52
2004-12-25,73022,Saturday,U,Christmas Day,2004,12,52
2004-12-26,126432,Sunday,U,,2004,12,52
2004-12-27,320833,Monday,W,,2004,12,53
2004-12-28,364151,Tuesday,W,,2004,12,53
2004-12-29,379247,Wednesday,W,,2004,12,53
2004-12-30,379914,Thursday,W,,2004,12,53
2004-12-31,302087,Friday,W,,2004,12,53
2005-01-01,162877,Saturday,U,New Year's Day,2005,1,53
2005-01-02,152425,Sunday,U,,2005,1,53
2005-01-03,425411,Monday,W,,2005,1,1
2005-01-04,464368,Tuesday,W,,2005,1,1
2005-01-05,463650,Wednesday,W,,2005,1,1
2005-01-06,459986,Thursday,W,,2005,1,1
2005-01-07,460389,Friday,W,,2005,1,1
2005-01-08,216632,Saturday,A,,2005,1,1
2005-01-09,147691,Sunday,U,,2005,1,1
2005-01-10,485026,Monday,W,,2005,1,2
2005-01-11,489932,Tuesday,W,,2005,1,2
2005-01-12,489095,Wednesday,W,,2005,1,2
2005-01-13,483482,Thursday,W,,2005,1,2
2005-01-14,458166,Friday,W,,2005,1,2
2005-01-15,206972,Saturday,A,,2005,1,2
2005-01-16,140979,Sunday,U,,2005,1,2
2005-01-17,289862,Monday,W,,2005,1,3
2005-01-18,472864,Tuesday,W,,2005,1,3
2005-01-19,483907,Wednesday,W,,2005,1,3
2005-01-20,490090,Thursday,W,,2005,1,3
2005-01-21,490992,Friday,W,,2005,1,3
2005-01-22,218364,Saturday,A,,2005,1,3
2005-01-23,156053,Sunday,U,,2005,1,3
2005-01-24,481444,Monday,W,,2005,1,4
2005-01-25,491496,Tuesday,W,,2005,1,4
2005-01-26,482171,Wednesday,W,,2005,1,4
2005-01-27,487177,Thursday,W,,2005,1,4
2005-01-28,460056,Friday,W,,2005,1,4
2005-01-29,230117,Saturday,A,,2005,1,4
2005-01-30,155721,Sunday,U,,2005,1,4
2005-01-31,484008,Monday,W,,2005,1,5
2005-02-01,496833,Tuesday,W,,2005,2,5
2005-02-02,497389,Wednesday,W,,2005,2,5
2005-02-03,504005,Thursday,W,,2005,2,5
2005-02-04,494200,Friday,W,,2005,2,5
2005-02-05,259202,Saturday,A,,2005,2,5
2005-02-06,162740,Sunday,U,,2005,2,5
2005-02-07,480248,Monday,W,,2005,2,6
2005-02-08,492401,Tuesday,W,,2005,2,6
2005-02-09,494586,Wednesday,W,,2005,2,6
2005-02-10,494843,Thursday,W,,2005,2,6
2005-02-11,469822,Friday,W,,2005,2,6
2005-02-12,262420,Saturday,A,,2005,2,6
2005-02-13,161122,Sunday,U,,2005,2,6
2005-02-14,495376,Monday,W,,2005,2,7
2005-02-15,490271,Tuesday,W,,2005,2,7
2005-02-16,499949,Wednesday,W,,2005,2,7
2005-02-17,492511,Thursday,W,,2005,2,7
2005-02-18,483713,Friday,W,,2005,2,7
2005-02-19,255949,Saturday,A,,2005,2,7
2005-02-20,160028,Sunday,U,,2005,2,7
2005-02-21,369910,Monday,W,,2005,2,8
2005-02-22,498261,Tuesday,W,,2005,2,8
2005-02-23,499292,Wednesday,W,,2005,2,8
2005-02-24,497567,Thursday,W,,2005,2,8
2005-02-25,489865,Friday,W,,2005,2,8
2005-02-26,252304,Saturday,A,,2005,2,8
2005-02-27,166551,Sunday,U,,2005,2,8
2005-02-28,480267,Monday,W,,2005,2,9
2005-03-01,491096,Tuesday,W,,2005,3,9
2005-03-02,487863,Wednesday,W,,2005,3,9
2005-03-03,498398,Thursday,W,,2005,3,9
2005-03-04,489514,Friday,W,,2005,3,9
2005-03-05,252209,Saturday,A,,2005,3,9
2005-03-06,181187,Sunday,U,,2005,3,9
2005-03-07,442498,Monday,W,,2005,3,10
2005-03-08,496255,Tuesday,W,,2005,3,10
2005-03-09,496269,Wednesday,W,,2005,3,10
2005-03-10,485775,Thursday,W,,2005,3,10
2005-03-11,487563,Friday,W,,2005,3,10
2005-03-12,263899,Saturday,A,,2005,3,10
2005-03-13,170335,Sunday,U,,2005,3,10
2005-03-14,483837,Monday,W,,2005,3,11
2005-03-15,503244,Tuesday,W,,2005,3,11
2005-03-16,504273,Wednesday,W,,2005,3,11
2005-03-17,502543,Thursday,W,,2005,3,11
2005-03-18,492489,Friday,W,,2005,3,11
2005-03-19,259597,Saturday,A,,2005,3,11
2005-03-20,173217,Sunday,U,,2005,3,11
2005-03-21,451671,Monday,W,,2005,3,12
2005-03-22,459748,Tuesday,W,,2005,3,12
2005-03-23,452137,Wednesday,W,,2005,3,12
2005-03-24,451653,Thursday,W,,2005,3,12
2005-03-25,378486,Friday,W,,2005,3,12
2005-03-26,221325,Saturday,A,,2005,3,12
2005-03-27,142904,Sunday,U,,2005,3,12
2005-03-28,471380,Monday,W,,2005,3,13
2005-03-29,496915,Tuesday,W,,2005,3,13
2005-03-30,481811,Wednesday,W,,2005,3,13
2005-03-31,489574,Thursday,W,,2005,3,13
2005-04-01,498683,Friday,W,,2005,4,13
2005-04-02,267354,Saturday,A,,2005,4,13
2005-04-03,190632,Sunday,U,,2005,4,13
2005-04-04,504641,Monday,W,,2005,4,14
2005-04-05,508099,Tuesday,W,,2005,4,14
2005-04-06,506951,Wednesday,W,,2005,4,14
2005-04-07,507924,Thursday,W,,2005,4,14
2005-04-08,533559,Friday,W,,2005,4,14
2005-04-09,288288,Saturday,A,,2005,4,14
2005-04-10,203109,Sunday,U,,2005,4,14
2005-04-11,510940,Monday,W,,2005,4,15
2005-04-12,496034,Tuesday,W,,2005,4,15
2005-04-13,523449,Wednesday,W,,2005,4,15
2005-04-14,511322,Thursday,W,,2005,4,15
2005-04-15,500104,Friday,W,,2005,4,15
2005-04-16,275367,Saturday,A,,2005,4,15
2005-04-17,186964,Sunday,U,,2005,4,15
2005-04-18,505923,Monday,W,,2005,4,16
2005-04-19,516445,Tuesday,W,,2005,4,16
2005-04-20,497958,Wednesday,W,,2005,4,16
2005-04-21,498859,Thursday,W,,2005,4,16
2005-04-22,488601,Friday,W,,2005,4,16
2005-04-23,246574,Saturday,A,,2005,4,16
2005-04-24,183564,Sunday,U,,2005,4,16
2005-04-25,506738,Monday,W,,2005,4,17
2005-04-26,514673,Tuesday,W,,2005,4,17
2005-04-27,514822,Wednesday,W,,2005,4,17
2005-04-28,501620,Thursday,W,,2005,4,17
2005-04-29,504783,Friday,W,,2005,4,17
2005-04-30,261679,Saturday,A,,2005,4,17
2005-05-01,178543,Sunday,U,,2005,5,17
2005-05-02,485633,Monday,W,,2005,5,18
2005-05-03,506837,Tuesday,W,,2005,5,18
2005-05-04,508187,Wednesday,W,,2005,5,18
2005-05-05,516176,Thursday,W,,2005,5,18
2005-05-06,519506,Friday,W,,2005,5,18
2005-05-07,283445,Saturday,A,,2005,5,18
2005-05-08,201518,Sunday,U,,2005,5,18
2005-05-09,492562,Monday,W,,2005,5,19
2005-05-10,526597,Tuesday,W,,2005,5,19
2005-05-11,491723,Wednesday,W,,2005,5,19
2005-05-12,502276,Thursday,W,,2005,5,19
2005-05-13,495598,Friday,W,,2005,5,19
2005-05-14,269287,Saturday,A,,2005,5,19
2005-05-15,181136,Sunday,U,,2005,5,19
2005-05-16,497047,Monday,W,,2005,5,20
2005-05-17,503980,Tuesday,W,,2005,5,20
2005-05-18,501943,Wednesday,W,,2005,5,20
2005-05-19,492399,Thursday,W,,2005,5,20
2005-05-20,519193,Friday,W,,2005,5,20
2005-05-21,293257,Saturday,A,,2005,5,20
2005-05-22,206706,Sunday,U,,2005,5,20
2005-05-23,508683,Monday,W,,2005,5,21
2005-05-24,527815,Tuesday,W,,2005,5,21
2005-05-25,521687,Wednesday,W,,2005,5,21
2005-05-26,524487,Thursday,W,,2005,5,21
2005-05-27,511287,Friday,W,,2005,5,21
2005-05-28,296031,Saturday,A,,2005,5,21
2005-05-29,216963,Sunday,U,,2005,5,21
2005-05-30,192614,Monday,U,Memorial Day,2005,5,22
2005-05-31,490890,Tuesday,W,,2005,5,22
2005-06-01,508742,Wednesday,W,,2005,6,22
2005-06-02,501133,Thursday,W,,2005,6,22
2005-06-03,511344,Friday,W,,2005,6,22
2005-06-04,267869,Saturday,A,,2005,6,22
2005-06-05,196647,Sunday,U,,2005,6,22
2005-06-06,514111,Monday,W,,2005,6,23
2005-06-07,521756,Tuesday,W,,2005,6,23
2005-06-08,524857,Wednesday,W,,2005,6,23
2005-06-09,516785,Thursday,W,,2005,6,23
2005-06-10,543475,Friday,W,,2005,6,23
2005-06-11,343271,Saturday,A,,2005,6,23
2005-06-12,238691,Sunday,U,,2005,6,23
2005-06-13,521873,Monday,W,,2005,6,24
2005-06-14,527703,Tuesday,W,,2005,6,24
2005-06-15,528895,Wednesday,W,,2005,6,24
2005-06-16,500963,Thursday,W,,2005,6,24
2005-06-17,507615,Friday,W,,2005,6,24
2005-06-18,287351,Saturday,A,,2005,6,24
2005-06-19,202303,Sunday,U,,2005,6,24
2005-06-20,491050,Monday,W,,2005,6,25
2005-06-21,503079,Tuesday,W,,2005,6,25
2005-06-22,504307,Wednesday,W,,2005,6,25
2005-06-23,492451,Thursday,W,,2005,6,25
2005-06-24,534070,Friday,W,,2005,6,25
2005-06-25,330852,Saturday,A,,2005,6,25
2005-06-26,294508,Sunday,U,,2005,6,25
2005-06-27,491051,Monday,W,,2005,6,26
2005-06-28,524670,Tuesday,W,,2005,6,26
2005-06-29,529959,Wednesday,W,,2005,6,26
2005-06-30,536913,Thursday,W,,2005,6,26
2005-07-01,549846,Friday,W,,2005,7,26
2005-07-02,384479,Saturday,A,,2005,7,26
2005-07-03,429543,Sunday,U,,2005,7,26
2005-07-04,231268,Monday,U,Independence Day,2005,7,27
2005-07-05,472827,Tuesday,W,,2005,7,27
2005-07-06,490159,Wednesday,W,,2005,7,27
2005-07-07,479997,Thursday,W,,2005,7,27
2005-07-08,490726,Friday,W,,2005,7,27
2005-07-09,274703,Saturday,A,,2005,7,27
2005-07-10,198908,Sunday,U,,2005,7,27
2005-07-11,475522,Monday,W,,2005,7,28
2005-07-12,485804,Tuesday,W,,2005,7,28
2005-07-13,494915,Wednesday,W,,2005,7,28
2005-07-14,526230,Thursday,W,,2005,7,28
2005-07-15,523998,Friday,W,,2005,7,28
2005-07-16,330121,Saturday,A,,2005,7,28
2005-07-17,224756,Sunday,U,,2005,7,28
2005-07-18,483526,Monday,W,,2005,7,29
2005-07-19,504946,Tuesday,W,,2005,7,29
2005-07-20,495997,Wednesday,W,,2005,7,29
2005-07-21,506606,Thursday,W,,2005,7,29
2005-07-22,510096,Friday,W,,2005,7,29
2005-07-23,300098,Saturday,A,,2005,7,29
2005-07-24,212319,Sunday,U,,2005,7,29
2005-07-25,481893,Monday,W,,2005,7,30
2005-07-26,488141,Tuesday,W,,2005,7,30
2005-07-27,520160,Wednesday,W,,2005,7,30
2005-07-28,519638,Thursday,W,,2005,7,30
2005-07-29,513053,Friday,W,,2005,7,30
2005-07-30,322597,Saturday,A,,2005,7,30
2005-07-31,216770,Sunday,U,,2005,7,30
2005-08-01,476628,Monday,W,,2005,8,31
2005-08-02,498297,Tuesday,W,,2005,8,31
2005-08-03,497076,Wednesday,W,,2005,8,31
2005-08-04,495478,Thursday,W,,2005,8,31
2005-08-05,501202,Friday,W,,2005,8,31
2005-08-06,296465,Saturday,A,,2005,8,31
2005-08-07,216887,Sunday,U,,2005,8,31
2005-08-08,490256,Monday,W,,2005,8,32
2005-08-09,503252,Tuesday,W,,2005,8,32
2005-08-10,502329,Wednesday,W,,2005,8,32
2005-08-11,488698,Thursday,W,,2005,8,32
2005-08-12,503350,Friday,W,,2005,8,32
2005-08-13,290465,Saturday,A,,2005,8,32
2005-08-14,206079,Sunday,U,,2005,8,32
2005-08-15,476637,Monday,W,,2005,8,33
2005-08-16,488986,Tuesday,W,,2005,8,33
2005-08-17,489919,Wednesday,W,,2005,8,33
2005-08-18,465833,Thursday,W,,2005,8,33
2005-08-19,499721,Friday,W,,2005,8,33
2005-08-20,299837,Saturday,A,,2005,8,33
2005-08-21,243064,Sunday,U,,2005,8,33
2005-08-22,495440,Monday,W,,2005,8,34
2005-08-23,511817,Tuesday,W,,2005,8,34
2005-08-24,511310,Wednesday,W,,2005,8,34
2005-08-25,490248,Thursday,W,,2005,8,34
2005-08-26,519114,Friday,W,,2005,8,34
2005-08-27,302503,Saturday,A,,2005,8,34
2005-08-28,226640,Sunday,U,,2005,8,34
2005-08-29,508252,Monday,W,,2005,8,35
2005-08-30,519095,Tuesday,W,,2005,8,35
2005-08-31,523946,Wednesday,W,,2005,8,35
2005-09-01,534217,Thursday,W,,2005,9,35
2005-09-02,524568,Friday,W,,2005,9,35
2005-09-03,313284,Saturday,A,,2005,9,35
2005-09-04,268475,Sunday,U,,2005,9,35
2005-09-05,227430,Monday,U,Labor Day,2005,9,36
2005-09-06,537214,Tuesday,W,,2005,9,36
2005-09-07,551071,Wednesday,W,,2005,9,36
2005-09-08,557305,Thursday,W,,2005,9,36
2005-09-09,558151,Friday,W,,2005,9,36
2005-09-10,315275,Saturday,A,,2005,9,36
2005-09-11,213445,Sunday,U,,2005,9,36
2005-09-12,560000,Monday,W,,2005,9,37
2005-09-13,573530,Tuesday,W,,2005,9,37
2005-09-14,570679,Wednesday,W,,2005,9,37
2005-09-15,582652,Thursday,W,,2005,9,37
2005-09-16,572353,Friday,W,,2005,9,37
2005-09-17,335388,Saturday,A,,2005,9,37
2005-09-18,243087,Sunday,U,,2005,9,37
2005-09-19,545823,Monday,W,,2005,9,38
2005-09-20,569259,Tuesday,W,,2005,9,38
2005-09-21,569274,Wednesday,W,,2005,9,38
2005-09-22,558177,Thursday,W,,2005,9,38
2005-09-23,580470,Friday,W,,2005,9,38
2005-09-24,323748,Saturday,A,,2005,9,38
2005-09-25,230306,Sunday,U,,2005,9,38
2005-09-26,540386,Monday,W,,2005,9,39
2005-09-27,570105,Tuesday,W,,2005,9,39
2005-09-28,554730,Wednesday,W,,2005,9,39
2005-09-29,555125,Thursday,W,,2005,9,39
2005-09-30,559150,Friday,W,,2005,9,39
2005-10-01,309811,Saturday,A,,2005,10,39
2005-10-02,203715,Sunday,U,,2005,10,39
2005-10-03,530135,Monday,W,,2005,10,40
2005-10-04,562424,Tuesday,W,,2005,10,40
2005-10-05,572414,Wednesday,W,,2005,10,40
2005-10-06,564287,Thursday,W,,2005,10,40
2005-10-07,550432,Friday,W,,2005,10,40
2005-10-08,313871,Saturday,A,,2005,10,40
2005-10-09,309077,Sunday,U,,2005,10,40
2005-10-10,466579,Monday,W,,2005,10,41
2005-10-11,570292,Tuesday,W,,2005,10,41
2005-10-12,569081,Wednesday,W,,2005,10,41
2005-10-13,552369,Thursday,W,,2005,10,41
2005-10-14,566949,Friday,W,,2005,10,41
2005-10-15,312710,Saturday,A,,2005,10,41
2005-10-16,223152,Sunday,U,,2005,10,41
2005-10-17,542339,Monday,W,,2005,10,42
2005-10-18,555364,Tuesday,W,,2005,10,42
2005-10-19,553360,Wednesday,W,,2005,10,42
2005-10-20,561353,Thursday,W,,2005,10,42
2005-10-21,559578,Friday,W,,2005,10,42
2005-10-22,320002,Saturday,A,,2005,10,42
2005-10-23,230165,Sunday,U,,2005,10,42
2005-10-24,528873,Monday,W,,2005,10,43
2005-10-25,542124,Tuesday,W,,2005,10,43
2005-10-26,549418,Wednesday,W,,2005,10,43
2005-10-27,555985,Thursday,W,,2005,10,43
2005-10-28,609595,Friday,W,,2005,10,43
2005-10-29,313814,Saturday,A,,2005,10,43
2005-10-30,208334,Sunday,U,,2005,10,43
2005-10-31,528418,Monday,W,,2005,10,44
2005-11-01,555163,Tuesday,W,,2005,11,44
2005-11-02,554329,Wednesday,W,,2005,11,44
2005-11-03,563354,Thursday,W,,2005,11,44
2005-11-04,542526,Friday,W,,2005,11,44
2005-11-05,291992,Saturday,A,,2005,11,44
2005-11-06,198500,Sunday,U,,2005,11,44
2005-11-07,538500,Monday,W,,2005,11,45
2005-11-08,533110,Tuesday,W,,2005,11,45
2005-11-09,544078,Wednesday,W,,2005,11,45
2005-11-10,558197,Thursday,W,,2005,11,45
2005-11-11,487669,Friday,W,,2005,11,45
2005-11-12,291357,Saturday,A,,2005,11,45
2005-11-13,205790,Sunday,U,,2005,11,45
2005-11-14,529044,Monday,W,,2005,11,46
2005-11-15,535054,Tuesday,W,,2005,11,46
2005-11-16,519205,Wednesday,W,,2005,11,46
2005-11-17,528043,Thursday,W,,2005,11,46
2005-11-18,527718,Friday,W,,2005,11,46
2005-11-19,328507,Saturday,A,,2005,11,46
2005-11-20,201818,Sunday,U,,2005,11,46
2005-11-21,520875,Monday,W,,2005,11,47
2005-11-22,528989,Tuesday,W,,2005,11,47
2005-11-23,493428,Wednesday,W,,2005,11,47
2005-11-24,123943,Thursday,U,Thanksgiving Day,2005,11,47
2005-11-25,278175,Friday,W,,2005,11,47
2005-11-26,241316,Saturday,A,,2005,11,47
2005-11-27,177966,Sunday,U,,2005,11,47
2005-11-28,506451,Monday,W,,2005,11,48
2005-11-29,515542,Tuesday,W,,2005,11,48
2005-11-30,517367,Wednesday,W,,2005,11,48
2005-12-01,528879,Thursday,W,,2005,12,48
2005-12-02,520107,Friday,W,,2005,12,48
2005-12-03,285431,Saturday,A,,2005,12,48
2005-12-04,193302,Sunday,U,,2005,12,48
2005-12-05,490920,Monday,W,,2005,12,49
2005-12-06,493919,Tuesday,W,,2005,12,49
2005-12-07,490871,Wednesday,W,,2005,12,49
2005-12-08,540509,Thursday,W,,2005,12,49
2005-12-09,523078,Friday,W,,2005,12,49
2005-12-10,275123,Saturday,A,,2005,12,49
2005-12-11,185783,Sunday,U,,2005,12,49
2005-12-12,500914,Monday,W,,2005,12,50
2005-12-13,508197,Tuesday,W,,2005,12,50
2005-12-14,522176,Wednesday,W,,2005,12,50
2005-12-15,515813,Thursday,W,,2005,12,50
2005-12-16,502684,Friday,W,,2005,12,50
2005-12-17,270563,Saturday,A,,2005,12,50
2005-12-18,184543,Sunday,U,,2005,12,50
2005-12-19,444787,Monday,W,,2005,12,51
2005-12-20,443789,Tuesday,W,,2005,12,51
2005-12-21,459530,Wednesday,W,,2005,12,51
2005-12-22,451904,Thursday,W,,2005,12,51
2005-12-23,397820,Friday,W,,2005,12,51
2005-12-24,164850,Saturday,A,,2005,12,51
2005-12-25,87733,Sunday,U,Christmas Day,2005,12,51
2005-12-26,186543,Monday,U,,2005,12,52
2005-12-27,379856,Tuesday,W,,2005,12,52
2005-12-28,383884,Wednesday,W,,2005,12,52
2005-12-29,399368,Thursday,W,,2005,12,52
2005-12-30,391320,Friday,W,,2005,12,52
2005-12-31,255140,Saturday,A,,2005,12,52
2006-01-01,168706,Sunday,U,New Year's Day,2006,1,52
2006-01-02,179187,Monday,U,,2006,1,1
2006-01-03,448416,Tuesday,W,,2006,1,1
2006-01-04,450824,Wednesday,W,,2006,1,1
2006-01-05,456668,Thursday,W,,2006,1,1
2006-01-06,457848,Friday,W,,2006,1,1
2006-01-07,232812,Saturday,A,,2006,1,1
2006-01-08,165719,Sunday,U,,2006,1,1
2006-01-09,488300,Monday,W,,2006,1,2
2006-01-10,498204,Tuesday,W,,2006,1,2
2006-01-11,499665,Wednesday,W,,2006,1,2
2006-01-12,511412,Thursday,W,,2006,1,2
2006-01-13,485649,Friday,W,,2006,1,2
2006-01-14,257247,Saturday,A,,2006,1,2
2006-01-15,185476,Sunday,U,,2006,1,2
2006-01-16,331587,Monday,W,,2006,1,3
2006-01-17,514130,Tuesday,W,,2006,1,3
2006-01-18,515708,Wednesday,W,,2006,1,3
2006-01-19,526177,Thursday,W,,2006,1,3
2006-01-20,510722,Friday,W,,2006,1,3
2006-01-21,255915,Saturday,A,,2006,1,3
2006-01-22,172827,Sunday,U,,2006,1,3
2006-01-23,519744,Monday,W,,2006,1,4
2006-01-24,526310,Tuesday,W,,2006,1,4
2006-01-25,526692,Wednesday,W,,2006,1,4
2006-01-26,533666,Thursday,W,,2006,1,4
2006-01-27,504836,Friday,W,,2006,1,4
2006-01-28,260934,Saturday,A,,2006,1,4
2006-01-29,185225,Sunday,U,,2006,1,4
2006-01-30,510219,Monday,W,,2006,1,5
2006-01-31,526522,Tuesday,W,,2006,1,5
2006-02-01,532511,Wednesday,W,,2006,2,5
2006-02-02,533073,Thursday,W,,2006,2,5
2006-02-03,520606,Friday,W,,2006,2,5
2006-02-04,263269,Saturday,A,,2006,2,5
2006-02-05,175639,Sunday,U,,2006,2,5
2006-02-06,507972,Monday,W,,2006,2,6
2006-02-07,524267,Tuesday,W,,2006,2,6
2006-02-08,522120,Wednesday,W,,2006,2,6
2006-02-09,527310,Thursday,W,,2006,2,6
2006-02-10,517688,Friday,W,,2006,2,6
2006-02-11,272030,Saturday,A,,2006,2,6
2006-02-12,183742,Sunday,U,,2006,2,6
2006-02-13,453235,Monday,W,,2006,2,7
2006-02-14,534621,Tuesday,W,,2006,2,7
2006-02-15,519562,Wednesday,W,,2006,2,7
2006-02-16,509002,Thursday,W,,2006,2,7
2006-02-17,501276,Friday,W,,2006,2,7
2006-02-18,220456,Saturday,A,,2006,2,7
2006-02-19,163450,Sunday,U,,2006,2,7
2006-02-20,376099,Monday,W,,2006,2,8
2006-02-21,517726,Tuesday,W,,2006,2,8
2006-02-22,522093,Wednesday,W,,2006,2,8
2006-02-23,526982,Thursday,W,,2006,2,8
2006-02-24,510706,Friday,W,,2006,2,8
2006-02-25,260612,Saturday,A,,2006,2,8
2006-02-26,175426,Sunday,U,,2006,2,8
2006-02-27,500454,Monday,W,,2006,2,9
2006-02-28,517209,Tuesday,W,,2006,2,9
2006-03-01,520769,Wednesday,W,,2006,3,9
2006-03-02,514718,Thursday,W,,2006,3,9
2006-03-03,515261,Friday,W,,2006,3,9
2006-03-04,267523,Saturday,A,,2006,3,9
2006-03-05,173116,Sunday,U,,2006,3,9
2006-03-06,456738,Monday,W,,2006,3,10
2006-03-07,519964,Tuesday,W,,2006,3,10
2006-03-08,517253,Wednesday,W,,2006,3,10
2006-03-09,520399,Thursday,W,,2006,3,10
2006-03-10,598471,Friday,W,,2006,3,10
2006-03-11,320585,Saturday,A,,2006,3,10
2006-03-12,193861,Sunday,U,,2006,3,10
2006-03-13,506199,Monday,W,,2006,3,11
2006-03-14,522763,Tuesday,W,,2006,3,11
2006-03-15,525062,Wednesday,W,,2006,3,11
2006-03-16,523189,Thursday,W,,2006,3,11
2006-03-17,525976,Friday,W,,2006,3,11
2006-03-18,288404,Saturday,A,,2006,3,11
2006-03-19,187336,Sunday,U,,2006,3,11
2006-03-20,487223,Monday,W,,2006,3,12
2006-03-21,485967,Tuesday,W,,2006,3,12
2006-03-22,502611,Wednesday,W,,2006,3,12
2006-03-23,505664,Thursday,W,,2006,3,12
2006-03-24,496218,Friday,W,,2006,3,12
2006-03-25,267788,Saturday,A,,2006,3,12
2006-03-26,194906,Sunday,U,,2006,3,12
2006-03-27,499160,Monday,W,,2006,3,13
2006-03-28,514232,Tuesday,W,,2006,3,13
2006-03-29,528375,Wednesday,W,,2006,3,13
2006-03-30,498526,Thursday,W,,2006,3,13
2006-03-31,532016,Friday,W,,2006,3,13
2006-04-01,289082,Saturday,A,,2006,4,13
2006-04-02,211131,Sunday,U,,2006,4,13
2006-04-03,511524,Monday,W,,2006,4,14
2006-04-04,548034,Tuesday,W,,2006,4,14
2006-04-05,542767,Wednesday,W,,2006,4,14
2006-04-06,527556,Thursday,W,,2006,4,14
2006-04-07,526786,Friday,W,,2006,4,14
2006-04-08,299122,Saturday,A,,2006,4,14
2006-04-09,214617,Sunday,U,,2006,4,14
2006-04-10,498813,Monday,W,,2006,4,15
2006-04-11,521472,Tuesday,W,,2006,4,15
2006-04-12,520943,Wednesday,W,,2006,4,15
2006-04-13,526195,Thursday,W,,2006,4,15
2006-04-14,457696,Friday,W,,2006,4,15
2006-04-15,268751,Saturday,A,,2006,4,15
2006-04-16,151021,Sunday,U,,2006,4,15
2006-04-17,517224,Monday,W,,2006,4,16
2006-04-18,536362,Tuesday,W,,2006,4,16
2006-04-19,541307,Wednesday,W,,2006,4,16
2006-04-20,532742,Thursday,W,,2006,4,16
2006-04-21,546993,Friday,W,,2006,4,16
2006-04-22,296527,Saturday,A,,2006,4,16
2006-04-23,205953,Sunday,U,,2006,4,16
2006-04-24,533457,Monday,W,,2006,4,17
2006-04-25,527908,Tuesday,W,,2006,4,17
2006-04-26,539392,Wednesday,W,,2006,4,17
2006-04-27,534449,Thursday,W,,2006,4,17
2006-04-28,553139,Friday,W,,2006,4,17
2006-04-29,284850,Saturday,A,,2006,4,17
2006-04-30,185993,Sunday,U,,2006,4,17
2006-05-01,613250,Monday,W,,2006,5,18
2006-05-02,551822,Tuesday,W,,2006,5,18
2006-05-03,550777,Wednesday,W,,2006,5,18
2006-05-04,552294,Thursday,W,,2006,5,18
2006-05-05,540911,Friday,W,,2006,5,18
2006-05-06,306133,Saturday,A,,2006,5,18
2006-05-07,214599,Sunday,U,,2006,5,18
2006-05-08,518006,Monday,W,,2006,5,19
2006-05-09,539776,Tuesday,W,,2006,5,19
2006-05-10,538059,Wednesday,W,,2006,5,19
2006-05-11,515627,Thursday,W,,2006,5,19
2006-05-12,530546,Friday,W,,2006,5,19
2006-05-13,282908,Saturday,A,,2006,5,19
2006-05-14,207180,Sunday,U,,2006,5,19
2006-05-15,499451,Monday,W,,2006,5,20
2006-05-16,538180,Tuesday,W,,2006,5,20
2006-05-17,531344,Wednesday,W,,2006,5,20
2006-05-18,541967,Thursday,W,,2006,5,20
2006-05-19,540604,Friday,W,,2006,5,20
2006-05-20,303234,Saturday,A,,2006,5,20
2006-05-21,214747,Sunday,U,,2006,5,20
2006-05-22,522635,Monday,W,,2006,5,21
2006-05-23,537463,Tuesday,W,,2006,5,21
2006-05-24,524075,Wednesday,W,,2006,5,21
2006-05-25,530739,Thursday,W,,2006,5,21
2006-05-26,545543,Friday,W,,2006,5,21
2006-05-27,297448,Saturday,A,,2006,5,21
2006-05-28,234730,Sunday,U,,2006,5,21
2006-05-29,203488,Monday,U,Memorial Day,2006,5,22
2006-05-30,524758,Tuesday,W,,2006,5,22
2006-05-31,536901,Wednesday,W,,2006,5,22
2006-06-01,529620,Thursday,W,,2006,6,22
2006-06-02,537442,Friday,W,,2006,6,22
2006-06-03,308521,Saturday,A,,2006,6,22
2006-06-04,227854,Sunday,U,,2006,6,22
2006-06-05,518814,Monday,W,,2006,6,23
2006-06-06,541949,Tuesday,W,,2006,6,23
2006-06-07,552730,Wednesday,W,,2006,6,23
2006-06-08,560706,Thursday,W,,2006,6,23
2006-06-09,541293,Friday,W,,2006,6,23
2006-06-10,290197,Saturday,A,,2006,6,23
2006-06-11,222310,Sunday,U,,2006,6,23
2006-06-12,517448,Monday,W,,2006,6,24
2006-06-13,551485,Tuesday,W,,2006,6,24
2006-06-14,552099,Wednesday,W,,2006,6,24
2006-06-15,547309,Thursday,W,,2006,6,24
2006-06-16,554159,Friday,W,,2006,6,24
2006-06-17,319121,Saturday,A,,2006,6,24
2006-06-18,215675,Sunday,U,,2006,6,24
2006-06-19,505273,Monday,W,,2006,6,25
2006-06-20,528348,Tuesday,W,,2006,6,25
2006-06-21,522351,Wednesday,W,,2006,6,25
2006-06-22,525329,Thursday,W,,2006,6,25
2006-06-23,530593,Friday,W,,2006,6,25
2006-06-24,308556,Saturday,A,,2006,6,25
2006-06-25,251219,Sunday,U,,2006,6,25
2006-06-26,520168,Monday,W,,2006,6,26
2006-06-27,533545,Tuesday,W,,2006,6,26
2006-06-28,538987,Wednesday,W,,2006,6,26
2006-06-29,554022,Thursday,W,,2006,6,26
2006-06-30,594284,Friday,W,,2006,6,26
2006-07-01,356281,Saturday,A,,2006,7,26
2006-07-02,285431,Sunday,U,,2006,7,26
2006-07-03,567668,Monday,W,,2006,7,27
2006-07-04,290657,Tuesday,U,Independence Day,2006,7,27
2006-07-05,548901,Wednesday,W,,2006,7,27
2006-07-06,562938,Thursday,W,,2006,7,27
2006-07-07,583176,Friday,W,,2006,7,27
2006-07-08,351286,Saturday,A,,2006,7,27
2006-07-09,260176,Sunday,U,,2006,7,27
2006-07-10,513446,Monday,W,,2006,7,28
2006-07-11,502359,Tuesday,W,,2006,7,28
2006-07-12,510536,Wednesday,W,,2006,7,28
2006-07-13,534845,Thursday,W,,2006,7,28
2006-07-14,555907,Friday,W,,2006,7,28
2006-07-15,342028,Saturday,A,,2006,7,28
2006-07-16,255745,Sunday,U,,2006,7,28
2006-07-17,520320,Monday,W,,2006,7,29
2006-07-18,560219,Tuesday,W,,2006,7,29
2006-07-19,570868,Wednesday,W,,2006,7,29
2006-07-20,534564,Thursday,W,,2006,7,29
2006-07-21,561403,Friday,W,,2006,7,29
2006-07-22,338949,Saturday,A,,2006,7,29
2006-07-23,236209,Sunday,U,,2006,7,29
2006-07-24,525464,Monday,W,,2006,7,30
2006-07-25,539721,Tuesday,W,,2006,7,30
2006-07-26,532196,Wednesday,W,,2006,7,30
2006-07-27,550529,Thursday,W,,2006,7,30
2006-07-28,559161,Friday,W,,2006,7,30
2006-07-29,351114,Saturday,A,,2006,7,30
2006-07-30,241440,Sunday,U,,2006,7,30
2006-07-31,505178,Monday,W,,2006,7,31
2006-08-01,514288,Tuesday,W,,2006,8,31
2006-08-02,521410,Wednesday,W,,2006,8,31
2006-08-03,544415,Thursday,W,,2006,8,31
2006-08-04,599230,Friday,W,,2006,8,31
2006-08-05,391833,Saturday,A,,2006,8,31
2006-08-06,296927,Sunday,U,,2006,8,31
2006-08-07,525376,Monday,W,,2006,8,32
2006-08-08,536745,Tuesday,W,,2006,8,32
2006-08-09,532013,Wednesday,W,,2006,8,32
2006-08-10,509810,Thursday,W,,2006,8,32
2006-08-11,529507,Friday,W,,2006,8,32
2006-08-12,325197,Saturday,A,,2006,8,32
2006-08-13,222579,Sunday,U,,2006,8,32
2006-08-14,494233,Monday,W,,2006,8,33
2006-08-15,513172,Tuesday,W,,2006,8,33
2006-08-16,515263,Wednesday,W,,2006,8,33
2006-08-17,521789,Thursday,W,,2006,8,33
2006-08-18,530239,Friday,W,,2006,8,33
2006-08-19,319491,Saturday,A,,2006,8,33
2006-08-20,266722,Sunday,U,,2006,8,33
2006-08-21,509308,Monday,W,,2006,8,34
2006-08-22,521952,Tuesday,W,,2006,8,34
2006-08-23,525047,Wednesday,W,,2006,8,34
2006-08-24,512488,Thursday,W,,2006,8,34
2006-08-25,535882,Friday,W,,2006,8,34
2006-08-26,299880,Saturday,A,,2006,8,34
2006-08-27,229164,Sunday,U,,2006,8,34
2006-08-28,487736,Monday,W,,2006,8,35
2006-08-29,529567,Tuesday,W,,2006,8,35
2006-08-30,539717,Wednesday,W,,2006,8,35
2006-08-31,543101,Thursday,W,,2006,8,35
2006-09-01,550599,Friday,W,,2006,9,35
2006-09-02,336918,Saturday,A,,2006,9,35
2006-09-03,266037,Sunday,U,,2006,9,35
2006-09-04,213180,Monday,U,Labor Day,2006,9,36
2006-09-05,564710,Tuesday,W,,2006,9,36
2006-09-06,586687,Wednesday,W,,2006,9,36
2006-09-07,602947,Thursday,W,,2006,9,36
2006-09-08,588253,Friday,W,,2006,9,36
2006-09-09,320490,Saturday,A,,2006,9,36
2006-09-10,203359,Sunday,U,,2006,9,36
2006-09-11,544973,Monday,W,,2006,9,37
2006-09-12,576581,Tuesday,W,,2006,9,37
2006-09-13,576116,Wednesday,W,,2006,9,37
2006-09-14,597146,Thursday,W,,2006,9,37
2006-09-15,605805,Friday,W,,2006,9,37
2006-09-16,349952,Saturday,A,,2006,9,37
2006-09-17,244115,Sunday,U,,2006,9,37
2006-09-18,571395,Monday,W,,2006,9,38
2006-09-19,573245,Tuesday,W,,2006,9,38
2006-09-20,581358,Wednesday,W,,2006,9,38
2006-09-21,577728,Thursday,W,,2006,9,38
2006-09-22,554912,Friday,W,,2006,9,38
2006-09-23,290399,Saturday,A,,2006,9,38
2006-09-24,215353,Sunday,U,,2006,9,38
2006-09-25,552735,Monday,W,,2006,9,39
2006-09-26,577165,Tuesday,W,,2006,9,39
2006-09-27,572957,Wednesday,W,,2006,9,39
2006-09-28,561669,Thursday,W,,2006,9,39
2006-09-29,580365,Friday,W,,2006,9,39
2006-09-30,327203,Saturday,A,,2006,9,39
2006-10-01,245839,Sunday,U,,2006,10,39
2006-10-02,527719,Monday,W,,2006,10,40
2006-10-03,565461,Tuesday,W,,2006,10,40
2006-10-04,560833,Wednesday,W,,2006,10,40
2006-10-05,579959,Thursday,W,,2006,10,40
2006-10-06,573545,Friday,W,,2006,10,40
2006-10-07,310338,Saturday,A,,2006,10,40
2006-10-08,235508,Sunday,U,,2006,10,40
2006-10-09,474988,Monday,W,,2006,10,41
2006-10-10,568029,Tuesday,W,,2006,10,41
2006-10-11,567749,Wednesday,W,,2006,10,41
2006-10-12,561501,Thursday,W,,2006,10,41
2006-10-13,564841,Friday,W,,2006,10,41
2006-10-14,320667,Saturday,A,,2006,10,41
2006-10-15,215817,Sunday,U,,2006,10,41
2006-10-16,554755,Monday,W,,2006,10,42
2006-10-17,567468,Tuesday,W,,2006,10,42
2006-10-18,570361,Wednesday,W,,2006,10,42
2006-10-19,572306,Thursday,W,,2006,10,42
2006-10-20,585885,Friday,W,,2006,10,42
2006-10-21,335019,Saturday,A,,2006,10,42
2006-10-22,311982,Sunday,U,,2006,10,42
2006-10-23,547307,Monday,W,,2006,10,43
2006-10-24,560215,Tuesday,W,,2006,10,43
2006-10-25,550833,Wednesday,W,,2006,10,43
2006-10-26,547003,Thursday,W,,2006,10,43
2006-10-27,550964,Friday,W,,2006,10,43
2006-10-28,302207,Saturday,A,,2006,10,43
2006-10-29,220435,Sunday,U,,2006,10,43
2006-10-30,547931,Monday,W,,2006,10,44
2006-10-31,550490,Tuesday,W,,2006,10,44
2006-11-01,559161,Wednesday,W,,2006,11,44
2006-11-02,556891,Thursday,W,,2006,11,44
2006-11-03,542980,Friday,W,,2006,11,44
2006-11-04,295706,Saturday,A,,2006,11,44
2006-11-05,221374,Sunday,U,,2006,11,44
2006-11-06,542685,Monday,W,,2006,11,45
2006-11-07,540752,Tuesday,W,,2006,11,45
2006-11-08,560125,Wednesday,W,,2006,11,45
2006-11-09,554575,Thursday,W,,2006,11,45
2006-11-10,506678,Friday,W,,2006,11,45
2006-11-11,312358,Saturday,A,,2006,11,45
2006-11-12,209026,Sunday,U,,2006,11,45
2006-11-13,533617,Monday,W,,2006,11,46
2006-11-14,555265,Tuesday,W,,2006,11,46
2006-11-15,549101,Wednesday,W,,2006,11,46
2006-11-16,546640,Thursday,W,,2006,11,46
2006-11-17,551401,Friday,W,,2006,11,46
2006-11-18,334585,Saturday,A,,2006,11,46
2006-11-19,201519,Sunday,U,,2006,11,46
2006-11-20,529558,Monday,W,,2006,11,47
2006-11-21,540440,Tuesday,W,,2006,11,47
2006-11-22,512012,Wednesday,W,,2006,11,47
2006-11-23,151146,Thursday,U,Thanksgiving Day,2006,11,47
2006-11-24,326330,Friday,W,,2006,11,47
2006-11-25,263610,Saturday,A,,2006,11,47
2006-11-26,194988,Sunday,U,,2006,11,47
2006-11-27,521825,Monday,W,,2006,11,48
2006-11-28,537958,Tuesday,W,,2006,11,48
2006-11-29,526560,Wednesday,W,,2006,11,48
2006-11-30,539109,Thursday,W,,2006,11,48
2006-12-01,522636,Friday,W,,2006,12,48
2006-12-02,280505,Saturday,A,,2006,12,48
2006-12-03,186524,Sunday,U,,2006,12,48
2006-12-04,502364,Monday,W,,2006,12,49
2006-12-05,514723,Tuesday,W,,2006,12,49
2006-12-06,522562,Wednesday,W,,2006,12,49
2006-12-07,501162,Thursday,W,,2006,12,49
2006-12-08,519746,Friday,W,,2006,12,49
2006-12-09,285656,Saturday,A,,2006,12,49
2006-12-10,196868,Sunday,U,,2006,12,49
2006-12-11,505693,Monday,W,,2006,12,50
2006-12-12,508707,Tuesday,W,,2006,12,50
2006-12-13,531306,Wednesday,W,,2006,12,50
2006-12-14,520086,Thursday,W,,2006,12,50
2006-12-15,524545,Friday,W,,2006,12,50
2006-12-16,296063,Saturday,A,,2006,12,50
2006-12-17,208964,Sunday,U,,2006,12,50
2006-12-18,491199,Monday,W,,2006,12,51
2006-12-19,494886,Tuesday,W,,2006,12,51
2006-12-20,486347,Wednesday,W,,2006,12,51
2006-12-21,468215,Thursday,W,,2006,12,51
2006-12-22,439314,Friday,W,,2006,12,51
2006-12-23,230253,Saturday,A,,2006,12,51
2006-12-24,145931,Sunday,U,,2006,12,51
2006-12-25,93656,Monday,U,Christmas Day,2006,12,52
2006-12-26,313236,Tuesday,W,,2006,12,52
2006-12-27,382326,Wednesday,W,,2006,12,52
2006-12-28,404515,Thursday,W,,2006,12,52
2006-12-29,414718,Friday,W,,2006,12,52
2006-12-30,257829,Saturday,A,,2006,12,52
2006-12-31,243454,Sunday,U,,2006,12,52
2007-01-01,182534,Monday,U,New Year's Day,2007,1,1
2007-01-02,375184,Tuesday,W,,2007,1,1
2007-01-03,465798,Wednesday,W,,2007,1,1
2007-01-04,455522,Thursday,W,,2007,1,1
2007-01-05,472466,Friday,W,,2007,1,1
2007-01-06,253128,Saturday,A,,2007,1,1
2007-01-07,172770,Sunday,U,,2007,1,1
2007-01-08,492969,Monday,W,,2007,1,2
2007-01-09,496885,Tuesday,W,,2007,1,2
2007-01-10,497193,Wednesday,W,,2007,1,2
2007-01-11,499746,Thursday,W,,2007,1,2
2007-01-12,500793,Friday,W,,2007,1,2
2007-01-13,255641,Saturday,A,,2007,1,2
2007-01-14,180899,Sunday,U,,2007,1,2
2007-01-15,323382,Monday,W,,2007,1,3
2007-01-16,514643,Tuesday,W,,2007,1,3
2007-01-17,513606,Wednesday,W,,2007,1,3
2007-01-18,515003,Thursday,W,,2007,1,3
2007-01-19,512426,Friday,W,,2007,1,3
2007-01-20,262786,Saturday,A,,2007,1,3
2007-01-21,178254,Sunday,U,,2007,1,3
2007-01-22,511887,Monday,W,,2007,1,4
2007-01-23,522816,Tuesday,W,,2007,1,4
2007-01-24,522164,Wednesday,W,,2007,1,4
2007-01-25,522823,Thursday,W,,2007,1,4
2007-01-26,498391,Friday,W,,2007,1,4
2007-01-27,260896,Saturday,A,,2007,1,4
2007-01-28,165357,Sunday,U,,2007,1,4
2007-01-29,493562,Monday,W,,2007,1,5
2007-01-30,501365,Tuesday,W,,2007,1,5
2007-01-31,496941,Wednesday,W,,2007,1,5
2007-02-01,511552,Thursday,W,,2007,2,5
2007-02-02,485151,Friday,W,,2007,2,5
2007-02-03,205616,Saturday,A,,2007,2,5
2007-02-04,135031,Sunday,U,,2007,2,5
2007-02-05,415498,Monday,W,,2007,2,6
2007-02-06,468864,Tuesday,W,,2007,2,6
2007-02-07,492210,Wednesday,W,,2007,2,6
2007-02-08,491118,Thursday,W,,2007,2,6
2007-02-09,483061,Friday,W,,2007,2,6
2007-02-10,242362,Saturday,A,,2007,2,6
2007-02-11,167548,Sunday,U,,2007,2,6
2007-02-12,440009,Monday,W,,2007,2,7
2007-02-13,503840,Tuesday,W,,2007,2,7
2007-02-14,495167,Wednesday,W,,2007,2,7
2007-02-15,501589,Thursday,W,,2007,2,7
2007-02-16,489287,Friday,W,,2007,2,7
2007-02-17,254725,Saturday,A,,2007,2,7
2007-02-18,188064,Sunday,U,,2007,2,7
2007-02-19,387510,Monday,W,,2007,2,8
2007-02-20,519549,Tuesday,W,,2007,2,8
2007-02-21,523858,Wednesday,W,,2007,2,8
2007-02-22,524049,Thursday,W,,2007,2,8
2007-02-23,512583,Friday,W,,2007,2,8
2007-02-24,251408,Saturday,A,,2007,2,8
2007-02-25,162367,Sunday,U,,2007,2,8
2007-02-26,495804,Monday,W,,2007,2,9
2007-02-27,506307,Tuesday,W,,2007,2,9
2007-02-28,512765,Wednesday,W,,2007,2,9
2007-03-01,511316,Thursday,W,,2007,3,9
2007-03-02,495063,Friday,W,,2007,3,9
2007-03-03,252332,Saturday,A,,2007,3,9
2007-03-04,178203,Sunday,U,,2007,3,9
2007-03-05,463471,Monday,W,,2007,3,10
2007-03-06,507399,Tuesday,W,,2007,3,10
2007-03-07,507087,Wednesday,W,,2007,3,10
2007-03-08,518990,Thursday,W,,2007,3,10
2007-03-09,511841,Friday,W,,2007,3,10
2007-03-10,284799,Saturday,A,,2007,3,10
2007-03-11,196894,Sunday,U,,2007,3,10
2007-03-12,509085,Monday,W,,2007,3,11
2007-03-13,538141,Tuesday,W,,2007,3,11
2007-03-14,523814,Wednesday,W,,2007,3,11
2007-03-15,527216,Thursday,W,,2007,3,11
2007-03-16,530183,Friday,W,,2007,3,11
2007-03-17,358768,Saturday,A,,2007,3,11
2007-03-18,195942,Sunday,U,,2007,3,11
2007-03-19,503986,Monday,W,,2007,3,12
2007-03-20,515057,Tuesday,W,,2007,3,12
2007-03-21,495305,Wednesday,W,,2007,3,12
2007-03-22,514862,Thursday,W,,2007,3,12
2007-03-23,499319,Friday,W,,2007,3,12
2007-03-24,271252,Saturday,A,,2007,3,12
2007-03-25,221756,Sunday,U,,2007,3,12
2007-03-26,501476,Monday,W,,2007,3,13
2007-03-27,503327,Tuesday,W,,2007,3,13
2007-03-28,505095,Wednesday,W,,2007,3,13
2007-03-29,519563,Thursday,W,,2007,3,13
2007-03-30,515764,Friday,W,,2007,3,13
2007-03-31,268110,Saturday,A,,2007,3,13
2007-04-01,184398,Sunday,U,,2007,4,13
2007-04-02,476952,Monday,W,,2007,4,14
2007-04-03,468432,Tuesday,W,,2007,4,14
2007-04-04,469697,Wednesday,W,,2007,4,14
2007-04-05,479212,Thursday,W,,2007,4,14
2007-04-06,422016,Friday,W,,2007,4,14
2007-04-07,232334,Saturday,A,,2007,4,14
2007-04-08,157309,Sunday,U,,2007,4,14
2007-04-09,498772,Monday,W,,2007,4,15
2007-04-10,522729,Tuesday,W,,2007,4,15
2007-04-11,486188,Wednesday,W,,2007,4,15
2007-04-12,512642,Thursday,W,,2007,4,15
2007-04-13,515986,Friday,W,,2007,4,15
2007-04-14,289761,Saturday,A,,2007,4,15
2007-04-15,208289,Sunday,U,,2007,4,15
2007-04-16,516385,Monday,W,,2007,4,16
2007-04-17,524311,Tuesday,W,,2007,4,16
2007-04-18,512680,Wednesday,W,,2007,4,16
2007-04-19,512486,Thursday,W,,2007,4,16
2007-04-20,537175,Friday,W,,2007,4,16
2007-04-21,308302,Saturday,A,,2007,4,16
2007-04-22,225484,Sunday,U,,2007,4,16
2007-04-23,512047,Monday,W,,2007,4,17
2007-04-24,523858,Tuesday,W,,2007,4,17
2007-04-25,501503,Wednesday,W,,2007,4,17
2007-04-26,502039,Thursday,W,,2007,4,17
2007-04-27,512851,Friday,W,,2007,4,17
2007-04-28,265633,Saturday,A,,2007,4,17
2007-04-29,197174,Sunday,U,,2007,4,17
2007-04-30,497886,Monday,W,,2007,4,18
2007-05-01,564618,Tuesday,W,,2007,5,18
2007-05-02,512593,Wednesday,W,,2007,5,18
2007-05-03,524420,Thursday,W,,2007,5,18
2007-05-04,533248,Friday,W,,2007,5,18
2007-05-05,299462,Saturday,A,,2007,5,18
2007-05-06,221567,Sunday,U,,2007,5,18
2007-05-07,506536,Monday,W,,2007,5,19
2007-05-08,538220,Tuesday,W,,2007,5,19
2007-05-09,535379,Wednesday,W,,2007,5,19
2007-05-10,543449,Thursday,W,,2007,5,19
2007-05-11,554438,Friday,W,,2007,5,19
2007-05-12,273053,Saturday,A,,2007,5,19
2007-05-13,186298,Sunday,U,,2007,5,19
2007-05-14,487058,Monday,W,,2007,5,20
2007-05-15,501945,Tuesday,W,,2007,5,20
2007-05-16,518919,Wednesday,W,,2007,5,20
2007-05-17,520428,Thursday,W,,2007,5,20
2007-05-18,533993,Friday,W,,2007,5,20
2007-05-19,285433,Saturday,A,,2007,5,20
2007-05-20,193367,Sunday,U,,2007,5,20
2007-05-21,509773,Monday,W,,2007,5,21
2007-05-22,520404,Tuesday,W,,2007,5,21
2007-05-23,517316,Wednesday,W,,2007,5,21
2007-05-24,512478,Thursday,W,,2007,5,21
2007-05-25,507070,Friday,W,,2007,5,21
2007-05-26,255375,Saturday,A,,2007,5,21
2007-05-27,224594,Sunday,U,,2007,5,21
2007-05-28,211564,Monday,U,Memorial Day,2007,5,22
2007-05-29,516732,Tuesday,W,,2007,5,22
2007-05-30,529264,Wednesday,W,,2007,5,22
2007-05-31,508695,Thursday,W,,2007,5,22
2007-06-01,542947,Friday,W,,2007,6,22
2007-06-02,304593,Saturday,A,,2007,6,22
2007-06-03,218793,Sunday,U,,2007,6,22
2007-06-04,507311,Monday,W,,2007,6,23
2007-06-05,534003,Tuesday,W,,2007,6,23
2007-06-06,532039,Wednesday,W,,2007,6,23
2007-06-07,544539,Thursday,W,,2007,6,23
2007-06-08,542238,Friday,W,,2007,6,23
2007-06-09,333936,Saturday,A,,2007,6,23
2007-06-10,242306,Sunday,U,,2007,6,23
2007-06-11,535403,Monday,W,,2007,6,24
2007-06-12,548464,Tuesday,W,,2007,6,24
2007-06-13,543496,Wednesday,W,,2007,6,24
2007-06-14,541915,Thursday,W,,2007,6,24
2007-06-15,556842,Friday,W,,2007,6,24
2007-06-16,301968,Saturday,A,,2007,6,24
2007-06-17,213844,Sunday,U,,2007,6,24
2007-06-18,489892,Monday,W,,2007,6,25
2007-06-19,513621,Tuesday,W,,2007,6,25
2007-06-20,519340,Wednesday,W,,2007,6,25
2007-06-21,520255,Thursday,W,,2007,6,25
2007-06-22,517052,Friday,W,,2007,6,25
2007-06-23,279373,Saturday,A,,2007,6,25
2007-06-24,287868,Sunday,U,,2007,6,25
2007-06-25,513941,Monday,W,,2007,6,26
2007-06-26,517336,Tuesday,W,,2007,6,26
2007-06-27,520803,Wednesday,W,,2007,6,26
2007-06-28,515030,Thursday,W,,2007,6,26
2007-06-29,588091,Friday,W,,2007,6,26
2007-06-30,371110,Saturday,A,,2007,6,26
2007-07-01,294314,Sunday,U,,2007,7,26
2007-07-02,534505,Monday,W,,2007,7,27
2007-07-03,703952,Tuesday,W,,2007,7,27
2007-07-04,290221,Wednesday,U,Independence Day,2007,7,27
2007-07-05,544291,Thursday,W,,2007,7,27
2007-07-06,578015,Friday,W,,2007,7,27
2007-07-07,330726,Saturday,A,,2007,7,27
2007-07-08,238961,Sunday,U,,2007,7,27
2007-07-09,487875,Monday,W,,2007,7,28
2007-07-10,506225,Tuesday,W,,2007,7,28
2007-07-11,522647,Wednesday,W,,2007,7,28
2007-07-12,523653,Thursday,W,,2007,7,28
2007-07-13,561250,Friday,W,,2007,7,28
2007-07-14,317952,Saturday,A,,2007,7,28
2007-07-15,240438,Sunday,U,,2007,7,28
2007-07-16,520566,Monday,W,,2007,7,29
2007-07-17,528987,Tuesday,W,,2007,7,29
2007-07-18,543442,Wednesday,W,,2007,7,29
2007-07-19,537852,Thursday,W,,2007,7,29
2007-07-20,544392,Friday,W,,2007,7,29
2007-07-21,304030,Saturday,A,,2007,7,29
2007-07-22,221433,Sunday,U,,2007,7,29
2007-07-23,509382,Monday,W,,2007,7,30
2007-07-24,517980,Tuesday,W,,2007,7,30
2007-07-25,520048,Wednesday,W,,2007,7,30
2007-07-26,518123,Thursday,W,,2007,7,30
2007-07-27,519313,Friday,W,,2007,7,30
2007-07-28,315488,Saturday,A,,2007,7,30
2007-07-29,226294,Sunday,U,,2007,7,30
2007-07-30,514887,Monday,W,,2007,7,31
2007-07-31,528905,Tuesday,W,,2007,7,31
2007-08-01,533982,Wednesday,W,,2007,8,31
2007-08-02,540167,Thursday,W,,2007,8,31
2007-08-03,574500,Friday,W,,2007,8,31
2007-08-04,350303,Saturday,A,,2007,8,31
2007-08-05,276171,Sunday,U,,2007,8,31
2007-08-06,490659,Monday,W,,2007,8,32
2007-08-07,506211,Tuesday,W,,2007,8,32
2007-08-08,496758,Wednesday,W,,2007,8,32
2007-08-09,506861,Thursday,W,,2007,8,32
2007-08-10,512711,Friday,W,,2007,8,32
2007-08-11,314689,Saturday,A,,2007,8,32
2007-08-12,217860,Sunday,U,,2007,8,32
2007-08-13,476860,Monday,W,,2007,8,33
2007-08-14,502141,Tuesday,W,,2007,8,33
2007-08-15,500795,Wednesday,W,,2007,8,33
2007-08-16,514908,Thursday,W,,2007,8,33
2007-08-17,522552,Friday,W,,2007,8,33
2007-08-18,305307,Saturday,A,,2007,8,33
2007-08-19,200132,Sunday,U,,2007,8,33
2007-08-20,495457,Monday,W,,2007,8,34
2007-08-21,498314,Tuesday,W,,2007,8,34
2007-08-22,499144,Wednesday,W,,2007,8,34
2007-08-23,480275,Thursday,W,,2007,8,34
2007-08-24,502202,Friday,W,,2007,8,34
2007-08-25,300718,Saturday,A,,2007,8,34
2007-08-26,227898,Sunday,U,,2007,8,34
2007-08-27,505759,Monday,W,,2007,8,35
2007-08-28,538159,Tuesday,W,,2007,8,35
2007-08-29,531482,Wednesday,W,,2007,8,35
2007-08-30,553246,Thursday,W,,2007,8,35
2007-08-31,559646,Friday,W,,2007,8,35
2007-09-01,342737,Saturday,A,,2007,9,35
2007-09-02,272830,Sunday,U,,2007,9,35
2007-09-03,228235,Monday,U,Labor Day,2007,9,36
2007-09-04,552863,Tuesday,W,,2007,9,36
2007-09-05,572198,Wednesday,W,,2007,9,36
2007-09-06,572072,Thursday,W,,2007,9,36
2007-09-07,555024,Friday,W,,2007,9,36
2007-09-08,310392,Saturday,A,,2007,9,36
2007-09-09,221055,Sunday,U,,2007,9,36
2007-09-10,561504,Monday,W,,2007,9,37
2007-09-11,564293,Tuesday,W,,2007,9,37
2007-09-12,564924,Wednesday,W,,2007,9,37
2007-09-13,551860,Thursday,W,,2007,9,37
2007-09-14,555294,Friday,W,,2007,9,37
2007-09-15,314308,Saturday,A,,2007,9,37
2007-09-16,226402,Sunday,U,,2007,9,37
2007-09-17,560686,Monday,W,,2007,9,38
2007-09-18,572058,Tuesday,W,,2007,9,38
2007-09-19,574876,Wednesday,W,,2007,9,38
2007-09-20,566463,Thursday,W,,2007,9,38
2007-09-21,579252,Friday,W,,2007,9,38
2007-09-22,300072,Saturday,A,,2007,9,38
2007-09-23,223506,Sunday,U,,2007,9,38
2007-09-24,538807,Monday,W,,2007,9,39
2007-09-25,551847,Tuesday,W,,2007,9,39
2007-09-26,547881,Wednesday,W,,2007,9,39
2007-09-27,560943,Thursday,W,,2007,9,39
2007-09-28,564996,Friday,W,,2007,9,39
2007-09-29,297718,Saturday,A,,2007,9,39
2007-09-30,198402,Sunday,U,,2007,9,39
2007-10-01,541502,Monday,W,,2007,10,40
2007-10-02,555865,Tuesday,W,,2007,10,40
2007-10-03,563265,Wednesday,W,,2007,10,40
2007-10-04,566621,Thursday,W,,2007,10,40
2007-10-05,565756,Friday,W,,2007,10,40
2007-10-06,357438,Saturday,A,,2007,10,40
2007-10-07,327508,Sunday,U,,2007,10,40
2007-10-08,467734,Monday,W,,2007,10,41
2007-10-09,558770,Tuesday,W,,2007,10,41
2007-10-10,552742,Wednesday,W,,2007,10,41
2007-10-11,560133,Thursday,W,,2007,10,41
2007-10-12,555670,Friday,W,,2007,10,41
2007-10-13,280897,Saturday,A,,2007,10,41
2007-10-14,194797,Sunday,U,,2007,10,41
2007-10-15,540872,Monday,W,,2007,10,42
2007-10-16,551835,Tuesday,W,,2007,10,42
2007-10-17,554791,Wednesday,W,,2007,10,42
2007-10-18,553506,Thursday,W,,2007,10,42
2007-10-19,543432,Friday,W,,2007,10,42
2007-10-20,292483,Saturday,A,,2007,10,42
2007-10-21,202393,Sunday,U,,2007,10,42
2007-10-22,537953,Monday,W,,2007,10,43
2007-10-23,550135,Tuesday,W,,2007,10,43
2007-10-24,550192,Wednesday,W,,2007,10,43
2007-10-25,557805,Thursday,W,,2007,10,43
2007-10-26,547182,Friday,W,,2007,10,43
2007-10-27,274267,Saturday,A,,2007,10,43
2007-10-28,193567,Sunday,U,,2007,10,43
2007-10-29,530985,Monday,W,,2007,10,44
2007-10-30,543434,Tuesday,W,,2007,10,44
2007-10-31,536596,Wednesday,W,,2007,10,44
2007-11-01,549477,Thursday,W,,2007,11,44
2007-11-02,531290,Friday,W,,2007,11,44
2007-11-03,275060,Saturday,A,,2007,11,44
2007-11-04,186220,Sunday,U,,2007,11,44
2007-11-05,535657,Monday,W,,2007,11,45
2007-11-06,543891,Tuesday,W,,2007,11,45
2007-11-07,533798,Wednesday,W,,2007,11,45
2007-11-08,550528,Thursday,W,,2007,11,45
2007-11-09,546473,Friday,W,,2007,11,45
2007-11-10,268678,Saturday,A,,2007,11,45
2007-11-11,179641,Sunday,U,,2007,11,45
2007-11-12,457964,Monday,W,,2007,11,46
2007-11-13,548275,Tuesday,W,,2007,11,46
2007-11-14,541323,Wednesday,W,,2007,11,46
2007-11-15,542423,Thursday,W,,2007,11,46
2007-11-16,535680,Friday,W,,2007,11,46
2007-11-17,310194,Saturday,A,,2007,11,46
2007-11-18,186635,Sunday,U,,2007,11,46
2007-11-19,521227,Monday,W,,2007,11,47
2007-11-20,529528,Tuesday,W,,2007,11,47
2007-11-21,480281,Wednesday,W,,2007,11,47
2007-11-22,131029,Thursday,U,Thanksgiving Day,2007,11,47
2007-11-23,295489,Friday,W,,2007,11,47
2007-11-24,237122,Saturday,A,,2007,11,47
2007-11-25,183420,Sunday,U,,2007,11,47
2007-11-26,508248,Monday,W,,2007,11,48
2007-11-27,522642,Tuesday,W,,2007,11,48
2007-11-28,520554,Wednesday,W,,2007,11,48
2007-11-29,519288,Thursday,W,,2007,11,48
2007-11-30,524169,Friday,W,,2007,11,48
2007-12-01,254775,Saturday,A,,2007,12,48
2007-12-02,182404,Sunday,U,,2007,12,48
2007-12-03,502782,Monday,W,,2007,12,49
2007-12-04,519107,Tuesday,W,,2007,12,49
2007-12-05,517516,Wednesday,W,,2007,12,49
2007-12-06,514490,Thursday,W,,2007,12,49
2007-12-07,506002,Friday,W,,2007,12,49
2007-12-08,270955,Saturday,A,,2007,12,49
2007-12-09,179003,Sunday,U,,2007,12,49
2007-12-10,495995,Monday,W,,2007,12,50
2007-12-11,502243,Tuesday,W,,2007,12,50
2007-12-12,510617,Wednesday,W,,2007,12,50
2007-12-13,511160,Thursday,W,,2007,12,50
2007-12-14,507205,Friday,W,,2007,12,50
2007-12-15,262960,Saturday,A,,2007,12,50
2007-12-16,178469,Sunday,U,,2007,12,50
2007-12-17,468385,Monday,W,,2007,12,51
2007-12-18,483392,Tuesday,W,,2007,12,51
2007-12-19,487704,Wednesday,W,,2007,12,51
2007-12-20,480197,Thursday,W,,2007,12,51
2007-12-21,467875,Friday,W,,2007,12,51
2007-12-22,241373,Saturday,A,,2007,12,51
2007-12-23,153162,Sunday,U,,2007,12,51
2007-12-24,209667,Monday,W,,2007,12,52
2007-12-25,92599,Tuesday,U,Christmas Day,2007,12,52
2007-12-26,331670,Wednesday,W,,2007,12,52
2007-12-27,384102,Thursday,W,,2007,12,52
2007-12-28,384921,Friday,W,,2007,12,52
2007-12-29,230555,Saturday,A,,2007,12,52
2007-12-30,192708,Sunday,U,,2007,12,52
2007-12-31,336703,Monday,W,,2007,12,1
2008-01-01,144600,Tuesday,U,New Year's Day,2008,1,1
2008-01-02,391071,Wednesday,W,,2008,1,1
2008-01-03,429454,Thursday,W,,2008,1,1
2008-01-04,445645,Friday,W,,2008,1,1
2008-01-05,232584,Saturday,A,,2008,1,1
2008-01-06,172109,Sunday,U,,2008,1,1
2008-01-07,488043,Monday,W,,2008,1,2
2008-01-08,491811,Tuesday,W,,2008,1,2
2008-01-09,501672,Wednesday,W,,2008,1,2
2008-01-10,499915,Thursday,W,,2008,1,2
2008-01-11,499940,Friday,W,,2008,1,2
2008-01-12,248586,Saturday,A,,2008,1,2
2008-01-13,167950,Sunday,U,,2008,1,2
2008-01-14,504031,Monday,W,,2008,1,3
2008-01-15,511562,Tuesday,W,,2008,1,3
2008-01-16,519617,Wednesday,W,,2008,1,3
2008-01-17,514376,Thursday,W,,2008,1,3
2008-01-18,485836,Friday,W,,2008,1,3
2008-01-19,191955,Saturday,A,,2008,1,3
2008-01-20,139993,Sunday,U,,2008,1,3
2008-01-21,317637,Monday,W,,2008,1,4
2008-01-22,510610,Tuesday,W,,2008,1,4
2008-01-23,502887,Wednesday,W,,2008,1,4
2008-01-24,488198,Thursday,W,,2008,1,4
2008-01-25,469067,Friday,W,,2008,1,4
2008-01-26,243966,Saturday,A,,2008,1,4
2008-01-27,176910,Sunday,U,,2008,1,4
2008-01-28,517227,Monday,W,,2008,1,5
2008-01-29,520687,Tuesday,W,,2008,1,5
2008-01-30,481873,Wednesday,W,,2008,1,5
2008-01-31,519920,Thursday,W,,2008,1,5
2008-02-01,499504,Friday,W,,2008,2,5
2008-02-02,264635,Saturday,A,,2008,2,5
2008-02-03,179432,Sunday,U,,2008,2,5
2008-02-04,512499,Monday,W,,2008,2,6
2008-02-05,532308,Tuesday,W,,2008,2,6
2008-02-06,512617,Wednesday,W,,2008,2,6
2008-02-07,533375,Thursday,W,,2008,2,6
2008-02-08,524165,Friday,W,,2008,2,6
2008-02-09,263980,Saturday,A,,2008,2,6
2008-02-10,146093,Sunday,U,,2008,2,6
2008-02-11,471007,Monday,W,,2008,2,7
2008-02-12,465858,Tuesday,W,,2008,2,7
2008-02-13,530388,Wednesday,W,,2008,2,7
2008-02-14,539112,Thursday,W,,2008,2,7
2008-02-15,520311,Friday,W,,2008,2,7
2008-02-16,278167,Saturday,A,,2008,2,7
2008-02-17,181424,Sunday,U,,2008,2,7
2008-02-18,384272,Monday,W,,2008,2,8
2008-02-19,501549,Tuesday,W,,2008,2,8
2008-02-20,506500,Wednesday,W,,2008,2,8
2008-02-21,517893,Thursday,W,,2008,2,8
2008-02-22,513857,Friday,W,,2008,2,8
2008-02-23,268584,Saturday,A,,2008,2,8
2008-02-24,184493,Sunday,U,,2008,2,8
2008-02-25,507358,Monday,W,,2008,2,9
2008-02-26,509356,Tuesday,W,,2008,2,9
2008-02-27,519254,Wednesday,W,,2008,2,9
2008-02-28,522284,Thursday,W,,2008,2,9
2008-02-29,520288,Friday,W,,2008,2,9
2008-03-01,265355,Saturday,A,,2008,3,9
2008-03-02,189164,Sunday,U,,2008,3,9
2008-03-03,468398,Monday,W,,2008,3,10
2008-03-04,521042,Tuesday,W,,2008,3,10
2008-03-05,522150,Wednesday,W,,2008,3,10
2008-03-06,525265,Thursday,W,,2008,3,10
2008-03-07,508669,Friday,W,,2008,3,10
2008-03-08,242852,Saturday,A,,2008,3,10
2008-03-09,177757,Sunday,U,,2008,3,10
2008-03-10,510437,Monday,W,,2008,3,11
2008-03-11,533303,Tuesday,W,,2008,3,11
2008-03-12,538464,Wednesday,W,,2008,3,11
2008-03-13,540118,Thursday,W,,2008,3,11
2008-03-14,544544,Friday,W,,2008,3,11
2008-03-15,335652,Saturday,A,,2008,3,11
2008-03-16,200942,Sunday,U,,2008,3,11
2008-03-17,492053,Monday,W,,2008,3,12
2008-03-18,499088,Tuesday,W,,2008,3,12
2008-03-19,512037,Wednesday,W,,2008,3,12
2008-03-20,505388,Thursday,W,,2008,3,12
2008-03-21,415234,Friday,W,,2008,3,12
2008-03-22,237993,Saturday,A,,2008,3,12
2008-03-23,158467,Sunday,U,,2008,3,12
2008-03-24,480172,Monday,W,,2008,3,13
2008-03-25,502122,Tuesday,W,,2008,3,13
2008-03-26,507663,Wednesday,W,,2008,3,13
2008-03-27,495155,Thursday,W,,2008,3,13
2008-03-28,508511,Friday,W,,2008,3,13
2008-03-29,262899,Saturday,A,,2008,3,13
2008-03-30,192569,Sunday,U,,2008,3,13
2008-03-31,523398,Monday,W,,2008,3,14
2008-04-01,536718,Tuesday,W,,2008,4,14
2008-04-02,556903,Wednesday,W,,2008,4,14
2008-04-03,558445,Thursday,W,,2008,4,14
2008-04-04,549653,Friday,W,,2008,4,14
2008-04-05,293495,Saturday,A,,2008,4,14
2008-04-06,205288,Sunday,U,,2008,4,14
2008-04-07,537091,Monday,W,,2008,4,15
2008-04-08,528845,Tuesday,W,,2008,4,15
2008-04-09,544259,Wednesday,W,,2008,4,15
2008-04-10,521954,Thursday,W,,2008,4,15
2008-04-11,529223,Friday,W,,2008,4,15
2008-04-12,249334,Saturday,A,,2008,4,15
2008-04-13,178019,Sunday,U,,2008,4,15
2008-04-14,534849,Monday,W,,2008,4,16
2008-04-15,546106,Tuesday,W,,2008,4,16
2008-04-16,556477,Wednesday,W,,2008,4,16
2008-04-17,560187,Thursday,W,,2008,4,16
2008-04-18,548604,Friday,W,,2008,4,16
2008-04-19,280681,Saturday,A,,2008,4,16
2008-04-20,219998,Sunday,U,,2008,4,16
2008-04-21,547870,Monday,W,,2008,4,17
2008-04-22,564856,Tuesday,W,,2008,4,17
2008-04-23,547029,Wednesday,W,,2008,4,17
2008-04-24,546425,Thursday,W,,2008,4,17
2008-04-25,529560,Friday,W,,2008,4,17
2008-04-26,263092,Saturday,A,,2008,4,17
2008-04-27,186168,Sunday,U,,2008,4,17
2008-04-28,510559,Monday,W,,2008,4,18
2008-04-29,548545,Tuesday,W,,2008,4,18
2008-04-30,557352,Wednesday,W,,2008,4,18
2008-05-01,574510,Thursday,W,,2008,5,18
2008-05-02,541300,Friday,W,,2008,5,18
2008-05-03,286085,Saturday,A,,2008,5,18
2008-05-04,204476,Sunday,U,,2008,5,18
2008-05-05,534492,Monday,W,,2008,5,19
2008-05-06,549868,Tuesday,W,,2008,5,19
2008-05-07,532637,Wednesday,W,,2008,5,19
2008-05-08,553143,Thursday,W,,2008,5,19
2008-05-09,556962,Friday,W,,2008,5,19
2008-05-10,271200,Saturday,A,,2008,5,19
2008-05-11,160915,Sunday,U,,2008,5,19
2008-05-12,532220,Monday,W,,2008,5,20
2008-05-13,550915,Tuesday,W,,2008,5,20
2008-05-14,549379,Wednesday,W,,2008,5,20
2008-05-15,559360,Thursday,W,,2008,5,20
2008-05-16,563856,Friday,W,,2008,5,20
2008-05-17,291432,Saturday,A,,2008,5,20
2008-05-18,206853,Sunday,U,,2008,5,20
2008-05-19,518961,Monday,W,,2008,5,21
2008-05-20,535669,Tuesday,W,,2008,5,21
2008-05-21,546372,Wednesday,W,,2008,5,21
2008-05-22,548205,Thursday,W,,2008,5,21
2008-05-23,525632,Friday,W,,2008,5,21
2008-05-24,308891,Saturday,A,,2008,5,21
2008-05-25,236743,Sunday,U,,2008,5,21
2008-05-26,228639,Monday,U,Memorial Day,2008,5,22
2008-05-27,528894,Tuesday,W,,2008,5,22
2008-05-28,546423,Wednesday,W,,2008,5,22
2008-05-29,551683,Thursday,W,,2008,5,22
2008-05-30,538354,Friday,W,,2008,5,22
2008-05-31,310903,Saturday,A,,2008,5,22
2008-06-01,227793,Sunday,U,,2008,6,22
2008-06-02,530346,Monday,W,,2008,6,23
2008-06-03,534530,Tuesday,W,,2008,6,23
2008-06-04,545385,Wednesday,W,,2008,6,23
2008-06-05,559968,Thursday,W,,2008,6,23
2008-06-06,550239,Friday,W,,2008,6,23
2008-06-07,296628,Saturday,A,,2008,6,23
2008-06-08,229865,Sunday,U,,2008,6,23
2008-06-09,524032,Monday,W,,2008,6,24
2008-06-10,570201,Tuesday,W,,2008,6,24
2008-06-11,579205,Wednesday,W,,2008,6,24
2008-06-12,566204,Thursday,W,,2008,6,24
2008-06-13,544695,Friday,W,,2008,6,24
2008-06-14,304474,Saturday,A,,2008,6,24
2008-06-15,192464,Sunday,U,,2008,6,24
2008-06-16,510719,Monday,W,,2008,6,25
2008-06-17,534798,Tuesday,W,,2008,6,25
2008-06-18,543877,Wednesday,W,,2008,6,25
2008-06-19,548505,Thursday,W,,2008,6,25
2008-06-20,550560,Friday,W,,2008,6,25
2008-06-21,330149,Saturday,A,,2008,6,25
2008-06-22,230201,Sunday,U,,2008,6,25
2008-06-23,520355,Monday,W,,2008,6,26
2008-06-24,554050,Tuesday,W,,2008,6,26
2008-06-25,551069,Wednesday,W,,2008,6,26
2008-06-26,569847,Thursday,W,,2008,6,26
2008-06-27,576521,Friday,W,,2008,6,26
2008-06-28,399517,Saturday,A,,2008,6,26
2008-06-29,336511,Sunday,U,,2008,6,26
2008-06-30,564947,Monday,W,,2008,6,27
2008-07-01,576557,Tuesday,W,,2008,7,27
2008-07-02,561254,Wednesday,W,,2008,7,27
2008-07-03,752277,Thursday,W,,2008,7,27
2008-07-04,348651,Friday,U,Independence Day,2008,7,27
2008-07-05,336804,Saturday,A,,2008,7,27
2008-07-06,268494,Sunday,U,,2008,7,27
2008-07-07,505386,Monday,W,,2008,7,28
2008-07-08,553437,Tuesday,W,,2008,7,28
2008-07-09,570296,Wednesday,W,,2008,7,28
2008-07-10,560336,Thursday,W,,2008,7,28
2008-07-11,566781,Friday,W,,2008,7,28
2008-07-12,297623,Saturday,A,,2008,7,28
2008-07-13,241362,Sunday,U,,2008,7,28
2008-07-14,529169,Monday,W,,2008,7,29
2008-07-15,544399,Tuesday,W,,2008,7,29
2008-07-16,540887,Wednesday,W,,2008,7,29
2008-07-17,545253,Thursday,W,,2008,7,29
2008-07-18,551720,Friday,W,,2008,7,29
2008-07-19,281936,Saturday,A,,2008,7,29
2008-07-20,235605,Sunday,U,,2008,7,29
2008-07-21,527896,Monday,W,,2008,7,30
2008-07-22,553408,Tuesday,W,,2008,7,30
2008-07-23,558805,Wednesday,W,,2008,7,30
2008-07-24,578067,Thursday,W,,2008,7,30
2008-07-25,567732,Friday,W,,2008,7,30
2008-07-26,367414,Saturday,A,,2008,7,30
2008-07-27,241216,Sunday,U,,2008,7,30
2008-07-28,517140,Monday,W,,2008,7,31
2008-07-29,543644,Tuesday,W,,2008,7,31
2008-07-30,532830,Wednesday,W,,2008,7,31
2008-07-31,542306,Thursday,W,,2008,7,31
2008-08-01,636969,Friday,W,,2008,8,31
2008-08-02,413409,Saturday,A,,2008,8,31
2008-08-03,333746,Sunday,U,,2008,8,31
2008-08-04,528682,Monday,W,,2008,8,32
2008-08-05,559289,Tuesday,W,,2008,8,32
2008-08-06,568173,Wednesday,W,,2008,8,32
2008-08-07,567680,Thursday,W,,2008,8,32
2008-08-08,592280,Friday,W,,2008,8,32
2008-08-09,355016,Saturday,A,,2008,8,32
2008-08-10,260512,Sunday,U,,2008,8,32
2008-08-11,518168,Monday,W,,2008,8,33
2008-08-12,525699,Tuesday,W,,2008,8,33
2008-08-13,521219,Wednesday,W,,2008,8,33
2008-08-14,530370,Thursday,W,,2008,8,33
2008-08-15,540978,Friday,W,,2008,8,33
2008-08-16,341105,Saturday,A,,2008,8,33
2008-08-17,263064,Sunday,U,,2008,8,33
2008-08-18,516214,Monday,W,,2008,8,34
2008-08-19,550243,Tuesday,W,,2008,8,34
2008-08-20,557948,Wednesday,W,,2008,8,34
2008-08-21,564375,Thursday,W,,2008,8,34
2008-08-22,562400,Friday,W,,2008,8,34
2008-08-23,318880,Saturday,A,,2008,8,34
2008-08-24,244265,Sunday,U,,2008,8,34
2008-08-25,524895,Monday,W,,2008,8,35
2008-08-26,542482,Tuesday,W,,2008,8,35
2008-08-27,540196,Wednesday,W,,2008,8,35
2008-08-28,563650,Thursday,W,,2008,8,35
2008-08-29,565999,Friday,W,,2008,8,35
2008-08-30,325004,Saturday,A,,2008,8,35
2008-08-31,269422,Sunday,U,,2008,8,35
2008-09-01,241132,Monday,U,Labor Day,2008,9,36
2008-09-02,567626,Tuesday,W,,2008,9,36
2008-09-03,591427,Wednesday,W,,2008,9,36
2008-09-04,544402,Thursday,W,,2008,9,36
2008-09-05,581636,Friday,W,,2008,9,36
2008-09-06,340160,Saturday,A,,2008,9,36
2008-09-07,225048,Sunday,U,,2008,9,36
2008-09-08,542154,Monday,W,,2008,9,37
2008-09-09,593499,Tuesday,W,,2008,9,37
2008-09-10,599421,Wednesday,W,,2008,9,37
2008-09-11,599339,Thursday,W,,2008,9,37
2008-09-12,583633,Friday,W,,2008,9,37
2008-09-13,259105,Saturday,A,,2008,9,37
2008-09-14,189832,Sunday,U,,2008,9,37
2008-09-15,576211,Monday,W,,2008,9,38
2008-09-16,608946,Tuesday,W,,2008,9,38
2008-09-17,616632,Wednesday,W,,2008,9,38
2008-09-18,615438,Thursday,W,,2008,9,38
2008-09-19,619117,Friday,W,,2008,9,38
2008-09-20,365751,Saturday,A,,2008,9,38
2008-09-21,261234,Sunday,U,,2008,9,38
2008-09-22,574818,Monday,W,,2008,9,39
2008-09-23,588984,Tuesday,W,,2008,9,39
2008-09-24,594148,Wednesday,W,,2008,9,39
2008-09-25,599503,Thursday,W,,2008,9,39
2008-09-26,589626,Friday,W,,2008,9,39
2008-09-27,334559,Saturday,A,,2008,9,39
2008-09-28,230534,Sunday,U,,2008,9,39
2008-09-29,559108,Monday,W,,2008,9,40
2008-09-30,587914,Tuesday,W,,2008,9,40
2008-10-01,606737,Wednesday,W,,2008,10,40
2008-10-02,612606,Thursday,W,,2008,10,40
2008-10-03,592100,Friday,W,,2008,10,40
2008-10-04,317102,Saturday,A,,2008,10,40
2008-10-05,223697,Sunday,U,,2008,10,40
2008-10-06,585329,Monday,W,,2008,10,41
2008-10-07,577231,Tuesday,W,,2008,10,41
2008-10-08,580833,Wednesday,W,,2008,10,41
2008-10-09,588936,Thursday,W,,2008,10,41
2008-10-10,599736,Friday,W,,2008,10,41
2008-10-11,363788,Saturday,A,,2008,10,41
2008-10-12,359997,Sunday,U,,2008,10,41
2008-10-13,502371,Monday,W,,2008,10,42
2008-10-14,589966,Tuesday,W,,2008,10,42
2008-10-15,581612,Wednesday,W,,2008,10,42
2008-10-16,599464,Thursday,W,,2008,10,42
2008-10-17,594371,Friday,W,,2008,10,42
2008-10-18,348893,Saturday,A,,2008,10,42
2008-10-19,244813,Sunday,U,,2008,10,42
2008-10-20,565082,Monday,W,,2008,10,43
2008-10-21,587356,Tuesday,W,,2008,10,43
2008-10-22,585706,Wednesday,W,,2008,10,43
2008-10-23,589219,Thursday,W,,2008,10,43
2008-10-24,565381,Friday,W,,2008,10,43
2008-10-25,320656,Saturday,A,,2008,10,43
2008-10-26,222156,Sunday,U,,2008,10,43
2008-10-27,567289,Monday,W,,2008,10,44
2008-10-28,578115,Tuesday,W,,2008,10,44
2008-10-29,583747,Wednesday,W,,2008,10,44
2008-10-30,594133,Thursday,W,,2008,10,44
2008-10-31,594106,Friday,W,,2008,10,44
2008-11-01,311936,Saturday,A,,2008,11,44
2008-11-02,229112,Sunday,U,,2008,11,44
2008-11-03,579489,Monday,W,,2008,11,45
2008-11-04,659736,Tuesday,W,,2008,11,45
2008-11-05,600385,Wednesday,W,,2008,11,45
2008-11-06,580257,Thursday,W,,2008,11,45
2008-11-07,569438,Friday,W,,2008,11,45
2008-11-08,321979,Saturday,A,,2008,11,45
2008-11-09,219958,Sunday,U,,2008,11,45
2008-11-10,550888,Monday,W,,2008,11,46
2008-11-11,503022,Tuesday,W,,2008,11,46
2008-11-12,570324,Wednesday,W,,2008,11,46
2008-11-13,573867,Thursday,W,,2008,11,46
2008-11-14,573090,Friday,W,,2008,11,46
2008-11-15,303069,Saturday,A,,2008,11,46
2008-11-16,201919,Sunday,U,,2008,11,46
2008-11-17,547147,Monday,W,,2008,11,47
2008-11-18,559006,Tuesday,W,,2008,11,47
2008-11-19,562513,Wednesday,W,,2008,11,47
2008-11-20,562640,Thursday,W,,2008,11,47
2008-11-21,551912,Friday,W,,2008,11,47
2008-11-22,337636,Saturday,A,,2008,11,47
2008-11-23,200623,Sunday,U,,2008,11,47
2008-11-24,535290,Monday,W,,2008,11,48
2008-11-25,548182,Tuesday,W,,2008,11,48
2008-11-26,503337,Wednesday,W,,2008,11,48
2008-11-27,156061,Thursday,U,Thanksgiving Day,2008,11,48
2008-11-28,304911,Friday,W,,2008,11,48
2008-11-29,259155,Saturday,A,,2008,11,48
2008-11-30,179322,Sunday,U,,2008,11,48
2008-12-01,532986,Monday,W,,2008,12,49
2008-12-02,546793,Tuesday,W,,2008,12,49
2008-12-03,552079,Wednesday,W,,2008,12,49
2008-12-04,545792,Thursday,W,,2008,12,49
2008-12-05,526441,Friday,W,,2008,12,49
2008-12-06,286854,Saturday,A,,2008,12,49
2008-12-07,200430,Sunday,U,,2008,12,49
2008-12-08,518257,Monday,W,,2008,12,50
2008-12-09,519456,Tuesday,W,,2008,12,50
2008-12-10,537057,Wednesday,W,,2008,12,50
2008-12-11,547560,Thursday,W,,2008,12,50
2008-12-12,525262,Friday,W,,2008,12,50
2008-12-13,289438,Saturday,A,,2008,12,50
2008-12-14,205280,Sunday,U,,2008,12,50
2008-12-15,473149,Monday,W,,2008,12,51
2008-12-16,530360,Tuesday,W,,2008,12,51
2008-12-17,516100,Wednesday,W,,2008,12,51
2008-12-18,518500,Thursday,W,,2008,12,51
2008-12-19,499754,Friday,W,,2008,12,51
2008-12-20,276957,Saturday,A,,2008,12,51
2008-12-21,142663,Sunday,U,,2008,12,51
2008-12-22,397914,Monday,W,,2008,12,52
2008-12-23,420187,Tuesday,W,,2008,12,52
2008-12-24,284674,Wednesday,W,,2008,12,52
2008-12-25,93965,Thursday,U,Christmas Day,2008,12,52
2008-12-26,269356,Friday,W,,2008,12,52
2008-12-27,209811,Saturday,A,,2008,12,52
2008-12-28,181869,Sunday,U,,2008,12,52
2008-12-29,421927,Monday,W,,2008,12,1
2008-12-30,438823,Tuesday,W,,2008,12,1
2008-12-31,403015,Wednesday,W,,2008,12,1
2009-01-01,196873,Thursday,U,New Year's Day,2009,1,1
2009-01-02,369102,Friday,W,,2009,1,1
2009-01-03,240901,Saturday,A,,2009,1,1
2009-01-04,175838,Sunday,U,,2009,1,1
2009-01-05,492305,Monday,W,,2009,1,2
2009-01-06,499679,Tuesday,W,,2009,1,2
2009-01-07,504812,Wednesday,W,,2009,1,2
2009-01-08,504848,Thursday,W,,2009,1,2
2009-01-09,520262,Friday,W,,2009,1,2
2009-01-10,249944,Saturday,A,,2009,1,2
2009-01-11,181203,Sunday,U,,2009,1,2
2009-01-12,524342,Monday,W,,2009,1,3
2009-01-13,512205,Tuesday,W,,2009,1,3
2009-01-14,516602,Wednesday,W,,2009,1,3
2009-01-15,442999,Thursday,W,,2009,1,3
2009-01-16,451290,Friday,W,,2009,1,3
2009-01-17,248391,Saturday,A,,2009,1,3
2009-01-18,185585,Sunday,U,,2009,1,3
2009-01-19,340895,Monday,W,,2009,1,4
2009-01-20,519854,Tuesday,W,,2009,1,4
2009-01-21,539290,Wednesday,W,,2009,1,4
2009-01-22,547516,Thursday,W,,2009,1,4
2009-01-23,518256,Friday,W,,2009,1,4
2009-01-24,259321,Saturday,A,,2009,1,4
2009-01-25,177780,Sunday,U,,2009,1,4
2009-01-26,527189,Monday,W,,2009,1,5
2009-01-27,538187,Tuesday,W,,2009,1,5
2009-01-28,543607,Wednesday,W,,2009,1,5
2009-01-29,539466,Thursday,W,,2009,1,5
2009-01-30,522502,Friday,W,,2009,1,5
2009-01-31,279561,Saturday,A,,2009,1,5
2009-02-01,200722,Sunday,U,,2009,2,5
2009-02-02,523710,Monday,W,,2009,2,6
2009-02-03,530172,Tuesday,W,,2009,2,6
2009-02-04,525562,Wednesday,W,,2009,2,6
2009-02-05,536119,Thursday,W,,2009,2,6
2009-02-06,532518,Friday,W,,2009,2,6
2009-02-07,317473,Saturday,A,,2009,2,6
2009-02-08,202631,Sunday,U,,2009,2,6
2009-02-09,528216,Monday,W,,2009,2,7
2009-02-10,554688,Tuesday,W,,2009,2,7
2009-02-11,530989,Wednesday,W,,2009,2,7
2009-02-12,516597,Thursday,W,,2009,2,7
2009-02-13,535576,Friday,W,,2009,2,7
2009-02-14,317639,Saturday,A,,2009,2,7
2009-02-15,216984,Sunday,U,,2009,2,7
2009-02-16,404875,Monday,W,,2009,2,8
2009-02-17,544812,Tuesday,W,,2009,2,8
2009-02-18,530848,Wednesday,W,,2009,2,8
2009-02-19,532534,Thursday,W,,2009,2,8
2009-02-20,527139,Friday,W,,2009,2,8
2009-02-21,269525,Saturday,A,,2009,2,8
2009-02-22,191406,Sunday,U,,2009,2,8
2009-02-23,515873,Monday,W,,2009,2,9
2009-02-24,535514,Tuesday,W,,2009,2,9
2009-02-25,541905,Wednesday,W,,2009,2,9
2009-02-26,520050,Thursday,W,,2009,2,9
2009-02-27,525751,Friday,W,,2009,2,9
2009-02-28,285932,Saturday,A,,2009,2,9
2009-03-01,181223,Sunday,U,,2009,3,9
2009-03-02,475307,Monday,W,,2009,3,10
2009-03-03,535016,Tuesday,W,,2009,3,10
2009-03-04,539927,Wednesday,W,,2009,3,10
2009-03-05,548644,Thursday,W,,2009,3,10
2009-03-06,544348,Friday,W,,2009,3,10
2009-03-07,261171,Saturday,A,,2009,3,10
2009-03-08,175389,Sunday,U,,2009,3,10
2009-03-09,531442,Monday,W,,2009,3,11
2009-03-10,529702,Tuesday,W,,2009,3,11
2009-03-11,541230,Wednesday,W,,2009,3,11
2009-03-12,538140,Thursday,W,,2009,3,11
2009-03-13,546408,Friday,W,,2009,3,11
2009-03-14,385068,Saturday,A,,2009,3,11
2009-03-15,236873,Sunday,U,,2009,3,11
2009-03-16,539629,Monday,W,,2009,3,12
2009-03-17,568941,Tuesday,W,,2009,3,12
2009-03-18,543865,Wednesday,W,,2009,3,12
2009-03-19,546495,Thursday,W,,2009,3,12
2009-03-20,535556,Friday,W,,2009,3,12
2009-03-21,308083,Saturday,A,,2009,3,12
2009-03-22,214919,Sunday,U,,2009,3,12
2009-03-23,498156,Monday,W,,2009,3,13
2009-03-24,512980,Tuesday,W,,2009,3,13
2009-03-25,520760,Wednesday,W,,2009,3,13
2009-03-26,527755,Thursday,W,,2009,3,13
2009-03-27,511858,Friday,W,,2009,3,13
2009-03-28,270889,Saturday,A,,2009,3,13
2009-03-29,189357,Sunday,U,,2009,3,13
2009-03-30,523767,Monday,W,,2009,3,14
2009-03-31,523728,Tuesday,W,,2009,3,14
2009-04-01,546159,Wednesday,W,,2009,4,14
2009-04-02,538765,Thursday,W,,2009,4,14
2009-04-03,541826,Friday,W,,2009,4,14
2009-04-04,318941,Saturday,A,,2009,4,14
2009-04-05,193533,Sunday,U,,2009,4,14
2009-04-06,492363,Monday,W,,2009,4,15
2009-04-07,527607,Tuesday,W,,2009,4,15
2009-04-08,533225,Wednesday,W,,2009,4,15
2009-04-09,529442,Thursday,W,,2009,4,15
2009-04-10,466244,Friday,W,,2009,4,15
2009-04-11,285618,Saturday,A,,2009,4,15
2009-04-12,187399,Sunday,U,,2009,4,15
2009-04-13,513917,Monday,W,,2009,4,16
2009-04-14,533010,Tuesday,W,,2009,4,16
2009-04-15,566295,Wednesday,W,,2009,4,16
2009-04-16,574613,Thursday,W,,2009,4,16
2009-04-17,576640,Friday,W,,2009,4,16
2009-04-18,344069,Saturday,A,,2009,4,16
2009-04-19,199571,Sunday,U,,2009,4,16
2009-04-20,521700,Monday,W,,2009,4,17
2009-04-21,546653,Tuesday,W,,2009,4,17
2009-04-22,563736,Wednesday,W,,2009,4,17
2009-04-23,571190,Thursday,W,,2009,4,17
2009-04-24,563261,Friday,W,,2009,4,17
2009-04-25,292413,Saturday,A,,2009,4,17
2009-04-26,205989,Sunday,U,,2009,4,17
2009-04-27,525099,Monday,W,,2009,4,18
2009-04-28,539154,Tuesday,W,,2009,4,18
2009-04-29,538100,Wednesday,W,,2009,4,18
2009-04-30,547740,Thursday,W,,2009,4,18
2009-05-01,559145,Friday,W,,2009,5,18
2009-05-02,326244,Saturday,A,,2009,5,18
2009-05-03,237105,Sunday,U,,2009,5,18
2009-05-04,550511,Monday,W,,2009,5,19
2009-05-05,561660,Tuesday,W,,2009,5,19
2009-05-06,536992,Wednesday,W,,2009,5,19
2009-05-07,557644,Thursday,W,,2009,5,19
2009-05-08,542876,Friday,W,,2009,5,19
2009-05-09,280241,Saturday,A,,2009,5,19
2009-05-10,203275,Sunday,U,,2009,5,19
2009-05-11,511947,Monday,W,,2009,5,20
2009-05-12,557401,Tuesday,W,,2009,5,20
2009-05-13,528122,Wednesday,W,,2009,5,20
2009-05-14,569860,Thursday,W,,2009,5,20
2009-05-15,536968,Friday,W,,2009,5,20
2009-05-16,332089,Saturday,A,,2009,5,20
2009-05-17,239231,Sunday,U,,2009,5,20
2009-05-18,514719,Monday,W,,2009,5,21
2009-05-19,537108,Tuesday,W,,2009,5,21
2009-05-20,548017,Wednesday,W,,2009,5,21
2009-05-21,547563,Thursday,W,,2009,5,21
2009-05-22,526075,Friday,W,,2009,5,21
2009-05-23,299949,Saturday,A,,2009,5,21
2009-05-24,235059,Sunday,U,,2009,5,21
2009-05-25,210534,Monday,U,Memorial Day,2009,5,22
2009-05-26,523555,Tuesday,W,,2009,5,22
2009-05-27,534873,Wednesday,W,,2009,5,22
2009-05-28,547838,Thursday,W,,2009,5,22
2009-05-29,559318,Friday,W,,2009,5,22
2009-05-30,315059,Saturday,A,,2009,5,22
2009-05-31,235613,Sunday,U,,2009,5,22
2009-06-01,512774,Monday,W,,2009,6,23
2009-06-02,525320,Tuesday,W,,2009,6,23
2009-06-03,545316,Wednesday,W,,2009,6,23
2009-06-04,550538,Thursday,W,,2009,6,23
2009-06-05,542972,Friday,W,,2009,6,23
2009-06-06,300375,Saturday,A,,2009,6,23
2009-06-07,215019,Sunday,U,,2009,6,23
2009-06-08,524213,Monday,W,,2009,6,24
2009-06-09,533928,Tuesday,W,,2009,6,24
2009-06-10,542373,Wednesday,W,,2009,6,24
2009-06-11,519011,Thursday,W,,2009,6,24
2009-06-12,598089,Friday,W,,2009,6,24
2009-06-13,349806,Saturday,A,,2009,6,24
2009-06-14,302871,Sunday,U,,2009,6,24
2009-06-15,526509,Monday,W,,2009,6,25
2009-06-16,533582,Tuesday,W,,2009,6,25
2009-06-17,555548,Wednesday,W,,2009,6,25
2009-06-18,566633,Thursday,W,,2009,6,25
2009-06-19,514657,Friday,W,,2009,6,25
2009-06-20,344555,Saturday,A,,2009,6,25
2009-06-21,237685,Sunday,U,,2009,6,25
2009-06-22,515596,Monday,W,,2009,6,26
2009-06-23,532880,Tuesday,W,,2009,6,26
2009-06-24,531225,Wednesday,W,,2009,6,26
2009-06-25,545256,Thursday,W,,2009,6,26
2009-06-26,586111,Friday,W,,2009,6,26
2009-06-27,382618,Saturday,A,,2009,6,26
2009-06-28,381884,Sunday,U,,2009,6,26
2009-06-29,537052,Monday,W,,2009,6,27
2009-06-30,536738,Tuesday,W,,2009,6,27
2009-07-01,559181,Wednesday,W,,2009,7,27
2009-07-02,586410,Thursday,W,,2009,7,27
2009-07-03,592286,Friday,U,,2009,7,27
2009-07-04,318685,Saturday,A,Independence Day,2009,7,27
2009-07-05,295549,Sunday,U,,2009,7,27
2009-07-06,528445,Monday,W,,2009,7,28
2009-07-07,551125,Tuesday,W,,2009,7,28
2009-07-08,548191,Wednesday,W,,2009,7,28
2009-07-09,553583,Thursday,W,,2009,7,28
2009-07-10,552565,Friday,W,,2009,7,28
2009-07-11,341524,Saturday,A,,2009,7,28
2009-07-12,271560,Sunday,U,,2009,7,28
2009-07-13,524802,Monday,W,,2009,7,29
2009-07-14,529735,Tuesday,W,,2009,7,29
2009-07-15,534369,Wednesday,W,,2009,7,29
2009-07-16,561141,Thursday,W,,2009,7,29
2009-07-17,548684,Friday,W,,2009,7,29
2009-07-18,340462,Saturday,A,,2009,7,29
2009-07-19,252478,Sunday,U,,2009,7,29
2009-07-20,528927,Monday,W,,2009,7,30
2009-07-21,561773,Tuesday,W,,2009,7,30
2009-07-22,537644,Wednesday,W,,2009,7,30
2009-07-23,553662,Thursday,W,,2009,7,30
2009-07-24,564391,Friday,W,,2009,7,30
2009-07-25,378092,Saturday,A,,2009,7,30
2009-07-26,270864,Sunday,U,,2009,7,30
2009-07-27,532626,Monday,W,,2009,7,31
2009-07-28,548392,Tuesday,W,,2009,7,31
2009-07-29,552803,Wednesday,W,,2009,7,31
2009-07-30,558705,Thursday,W,,2009,7,31
2009-07-31,554395,Friday,W,,2009,7,31
2009-08-01,321857,Saturday,A,,2009,8,31
2009-08-02,263725,Sunday,U,,2009,8,31
2009-08-03,503540,Monday,W,,2009,8,32
2009-08-04,530849,Tuesday,W,,2009,8,32
2009-08-05,536851,Wednesday,W,,2009,8,32
2009-08-06,554009,Thursday,W,,2009,8,32
2009-08-07,571476,Friday,W,,2009,8,32
2009-08-08,408421,Saturday,A,,2009,8,32
2009-08-09,311602,Sunday,U,,2009,8,32
2009-08-10,513017,Monday,W,,2009,8,33
2009-08-11,552768,Tuesday,W,,2009,8,33
2009-08-12,548240,Wednesday,W,,2009,8,33
2009-08-13,554725,Thursday,W,,2009,8,33
2009-08-14,561698,Friday,W,,2009,8,33
2009-08-15,383091,Saturday,A,,2009,8,33
2009-08-16,274577,Sunday,U,,2009,8,33
2009-08-17,488779,Monday,W,,2009,8,34
2009-08-18,522972,Tuesday,W,,2009,8,34
2009-08-19,513582,Wednesday,W,,2009,8,34
2009-08-20,517990,Thursday,W,,2009,8,34
2009-08-21,520726,Friday,W,,2009,8,34
2009-08-22,319301,Saturday,A,,2009,8,34
2009-08-23,230437,Sunday,U,,2009,8,34
2009-08-24,521235,Monday,W,,2009,8,35
2009-08-25,559833,Tuesday,W,,2009,8,35
2009-08-26,535590,Wednesday,W,,2009,8,35
2009-08-27,546310,Thursday,W,,2009,8,35
2009-08-28,554346,Friday,W,,2009,8,35
2009-08-29,328867,Saturday,A,,2009,8,35
2009-08-30,245644,Sunday,U,,2009,8,35
2009-08-31,541620,Monday,W,,2009,8,36
2009-09-01,562753,Tuesday,W,,2009,9,36
2009-09-02,564828,Wednesday,W,,2009,9,36
2009-09-03,590839,Thursday,W,,2009,9,36
2009-09-04,561175,Friday,W,,2009,9,36
2009-09-05,350073,Saturday,A,,2009,9,36
2009-09-06,278628,Sunday,U,,2009,9,36
2009-09-07,246378,Monday,U,Labor Day,2009,9,37
2009-09-08,586744,Tuesday,W,,2009,9,37
2009-09-09,588128,Wednesday,W,,2009,9,37
2009-09-10,590446,Thursday,W,,2009,9,37
2009-09-11,614782,Friday,W,,2009,9,37
2009-09-12,394208,Saturday,A,,2009,9,37
2009-09-13,292517,Sunday,U,,2009,9,37
2009-09-14,590687,Monday,W,,2009,9,38
2009-09-15,603119,Tuesday,W,,2009,9,38
2009-09-16,606161,Wednesday,W,,2009,9,38
2009-09-17,616361,Thursday,W,,2009,9,38
2009-09-18,586433,Friday,W,,2009,9,38
2009-09-19,339918,Saturday,A,,2009,9,38
2009-09-20,240780,Sunday,U,,2009,9,38
2009-09-21,572625,Monday,W,,2009,9,39
2009-09-22,585931,Tuesday,W,,2009,9,39
2009-09-23,594230,Wednesday,W,,2009,9,39
2009-09-24,589145,Thursday,W,,2009,9,39
2009-09-25,576512,Friday,W,,2009,9,39
2009-09-26,349166,Saturday,A,,2009,9,39
2009-09-27,242908,Sunday,U,,2009,9,39
2009-09-28,545474,Monday,W,,2009,9,40
2009-09-29,580532,Tuesday,W,,2009,9,40
2009-09-30,598117,Wednesday,W,,2009,9,40
2009-10-01,589376,Thursday,W,,2009,10,40
2009-10-02,586402,Friday,W,,2009,10,40
2009-10-03,339359,Saturday,A,,2009,10,40
2009-10-04,254526,Sunday,U,,2009,10,40
2009-10-05,569938,Monday,W,,2009,10,41
2009-10-06,571735,Tuesday,W,,2009,10,41
2009-10-07,589241,Wednesday,W,,2009,10,41
2009-10-08,589329,Thursday,W,,2009,10,41
2009-10-09,568990,Friday,W,,2009,10,41
2009-10-10,354087,Saturday,A,,2009,10,41
2009-10-11,352110,Sunday,U,,2009,10,41
2009-10-12,490007,Monday,W,,2009,10,42
2009-10-13,582482,Tuesday,W,,2009,10,42
2009-10-14,579849,Wednesday,W,,2009,10,42
2009-10-15,587412,Thursday,W,,2009,10,42
2009-10-16,584657,Friday,W,,2009,10,42
2009-10-17,343848,Saturday,A,,2009,10,42
2009-10-18,244171,Sunday,U,,2009,10,42
2009-10-19,575215,Monday,W,,2009,10,43
2009-10-20,584860,Tuesday,W,,2009,10,43
2009-10-21,589626,Wednesday,W,,2009,10,43
2009-10-22,584772,Thursday,W,,2009,10,43
2009-10-23,547813,Friday,W,,2009,10,43
2009-10-24,322704,Saturday,A,,2009,10,43
2009-10-25,228993,Sunday,U,,2009,10,43
2009-10-26,555297,Monday,W,,2009,10,44
2009-10-27,576587,Tuesday,W,,2009,10,44
2009-10-28,576990,Wednesday,W,,2009,10,44
2009-10-29,590257,Thursday,W,,2009,10,44
2009-10-30,560944,Friday,W,,2009,10,44
2009-10-31,332443,Saturday,A,,2009,10,44
2009-11-01,239142,Sunday,U,,2009,11,44
2009-11-02,563344,Monday,W,,2009,11,45
2009-11-03,575948,Tuesday,W,,2009,11,45
2009-11-04,574551,Wednesday,W,,2009,11,45
2009-11-05,587223,Thursday,W,,2009,11,45
2009-11-06,564548,Friday,W,,2009,11,45
2009-11-07,341492,Saturday,A,,2009,11,45
2009-11-08,244738,Sunday,U,,2009,11,45
2009-11-09,556464,Monday,W,,2009,11,46
2009-11-10,567652,Tuesday,W,,2009,11,46
2009-11-11,512605,Wednesday,W,,2009,11,46
2009-11-12,586628,Thursday,W,,2009,11,46
2009-11-13,572750,Friday,W,,2009,11,46
2009-11-14,334312,Saturday,A,,2009,11,46
2009-11-15,225801,Sunday,U,,2009,11,46
2009-11-16,552705,Monday,W,,2009,11,47
2009-11-17,560232,Tuesday,W,,2009,11,47
2009-11-18,559287,Wednesday,W,,2009,11,47
2009-11-19,563580,Thursday,W,,2009,11,47
2009-11-20,572075,Friday,W,,2009,11,47
2009-11-21,393496,Saturday,A,,2009,11,47
2009-11-22,244629,Sunday,U,,2009,11,47
2009-11-23,550227,Monday,W,,2009,11,48
2009-11-24,550294,Tuesday,W,,2009,11,48
2009-11-25,506337,Wednesday,W,,2009,11,48
2009-11-26,155338,Thursday,U,Thanksgiving Day,2009,11,48
2009-11-27,312465,Friday,W,,2009,11,48
2009-11-28,279122,Saturday,A,,2009,11,48
2009-11-29,195944,Sunday,U,,2009,11,48
2009-11-30,537615,Monday,W,,2009,11,49
2009-12-01,563820,Tuesday,W,,2009,12,49
2009-12-02,556304,Wednesday,W,,2009,12,49
2009-12-03,566499,Thursday,W,,2009,12,49
2009-12-04,538915,Friday,W,,2009,12,49
2009-12-05,317905,Saturday,A,,2009,12,49
2009-12-06,228545,Sunday,U,,2009,12,49
2009-12-07,531465,Monday,W,,2009,12,50
2009-12-08,545910,Tuesday,W,,2009,12,50
2009-12-09,536288,Wednesday,W,,2009,12,50
2009-12-10,494169,Thursday,W,,2009,12,50
2009-12-11,518574,Friday,W,,2009,12,50
2009-12-12,306382,Saturday,A,,2009,12,50
2009-12-13,219501,Sunday,U,,2009,12,50
2009-12-14,508843,Monday,W,,2009,12,51
2009-12-15,511589,Tuesday,W,,2009,12,51
2009-12-16,507629,Wednesday,W,,2009,12,51
2009-12-17,516099,Thursday,W,,2009,12,51
2009-12-18,515016,Friday,W,,2009,12,51
2009-12-19,288747,Saturday,A,,2009,12,51
2009-12-20,213122,Sunday,U,,2009,12,51
2009-12-21,453079,Monday,W,,2009,12,52
2009-12-22,451393,Tuesday,W,,2009,12,52
2009-12-23,411925,Wednesday,W,,2009,12,52
2009-12-24,250711,Thursday,W,,2009,12,52
2009-12-25,100409,Friday,U,Christmas Day,2009,12,52
2009-12-26,195573,Saturday,A,,2009,12,52
2009-12-27,171439,Sunday,U,,2009,12,52
2009-12-28,387979,Monday,W,,2009,12,53
2009-12-29,403752,Tuesday,W,,2009,12,53
2009-12-30,413242,Wednesday,W,,2009,12,53
2009-12-31,380934,Thursday,W,,2009,12,53
2010-01-01,178753,Friday,U,New Year's Day,2010,1,53
2010-01-02,215678,Saturday,A,,2010,1,53
2010-01-03,165481,Sunday,U,,2010,1,53
2010-01-04,471902,Monday,W,,2010,1,1
2010-01-05,488185,Tuesday,W,,2010,1,1
2010-01-06,496031,Wednesday,W,,2010,1,1
2010-01-07,510932,Thursday,W,,2010,1,1
2010-01-08,495138,Friday,W,,2010,1,1
2010-01-09,253464,Saturday,A,,2010,1,1
2010-01-10,178153,Sunday,U,,2010,1,1
2010-01-11,505409,Monday,W,,2010,1,2
2010-01-12,519353,Tuesday,W,,2010,1,2
2010-01-13,524576,Wednesday,W,,2010,1,2
2010-01-14,531930,Thursday,W,,2010,1,2
2010-01-15,525611,Friday,W,,2010,1,2
2010-01-16,284530,Saturday,A,,2010,1,2
2010-01-17,207503,Sunday,U,,2010,1,2
2010-01-18,345387,Monday,W,,2010,1,3
2010-01-19,548095,Tuesday,W,,2010,1,3
2010-01-20,545081,Wednesday,W,,2010,1,3
2010-01-21,546386,Thursday,W,,2010,1,3
2010-01-22,532441,Friday,W,,2010,1,3
2010-01-23,290126,Saturday,A,,2010,1,3
2010-01-24,197618,Sunday,U,,2010,1,3
2010-01-25,535294,Monday,W,,2010,1,4
2010-01-26,541814,Tuesday,W,,2010,1,4
2010-01-27,537511,Wednesday,W,,2010,1,4
2010-01-28,536425,Thursday,W,,2010,1,4
2010-01-29,506334,Friday,W,,2010,1,4
2010-01-30,292574,Saturday,A,,2010,1,4
2010-01-31,205824,Sunday,U,,2010,1,4
2010-02-01,538159,Monday,W,,2010,2,5
2010-02-02,540841,Tuesday,W,,2010,2,5
2010-02-03,548826,Wednesday,W,,2010,2,5
2010-02-04,553121,Thursday,W,,2010,2,5
2010-02-05,532246,Friday,W,,2010,2,5
2010-02-06,289906,Saturday,A,,2010,2,5
2010-02-07,204309,Sunday,U,,2010,2,5
2010-02-08,529000,Monday,W,,2010,2,6
2010-02-09,536801,Tuesday,W,,2010,2,6
2010-02-10,535671,Wednesday,W,,2010,2,6
2010-02-11,545677,Thursday,W,,2010,2,6
2010-02-12,504985,Friday,W,,2010,2,6
2010-02-13,315908,Saturday,A,,2010,2,6
2010-02-14,254516,Sunday,U,,2010,2,6
2010-02-15,401338,Monday,W,,2010,2,7
2010-02-16,552551,Tuesday,W,,2010,2,7
2010-02-17,550651,Wednesday,W,,2010,2,7
2010-02-18,558658,Thursday,W,,2010,2,7
2010-02-19,546484,Friday,W,,2010,2,7
2010-02-20,310507,Saturday,A,,2010,2,7
2010-02-21,210906,Sunday,U,,2010,2,7
2010-02-22,525968,Monday,W,,2010,2,8
2010-02-23,547520,Tuesday,W,,2010,2,8
2010-02-24,548218,Wednesday,W,,2010,2,8
2010-02-25,554718,Thursday,W,,2010,2,8
2010-02-26,538726,Friday,W,,2010,2,8
2010-02-27,305123,Saturday,A,,2010,2,8
2010-02-28,213122,Sunday,U,,2010,2,8
2010-03-01,502374,Monday,W,,2010,3,9
2010-03-02,552001,Tuesday,W,,2010,3,9
2010-03-03,558287,Wednesday,W,,2010,3,9
2010-03-04,563518,Thursday,W,,2010,3,9
2010-03-05,550083,Friday,W,,2010,3,9
2010-03-06,325767,Saturday,A,,2010,3,9
2010-03-07,212342,Sunday,U,,2010,3,9
2010-03-08,539175,Monday,W,,2010,3,10
2010-03-09,550701,Tuesday,W,,2010,3,10
2010-03-10,555046,Wednesday,W,,2010,3,10
2010-03-11,550444,Thursday,W,,2010,3,10
2010-03-12,548731,Friday,W,,2010,3,10
2010-03-13,361414,Saturday,A,,2010,3,10
2010-03-14,225446,Sunday,U,,2010,3,10
2010-03-15,536969,Monday,W,,2010,3,11
2010-03-16,562599,Tuesday,W,,2010,3,11
2010-03-17,571065,Wednesday,W,,2010,3,11
2010-03-18,571411,Thursday,W,,2010,3,11
2010-03-19,549700,Friday,W,,2010,3,11
2010-03-20,265058,Saturday,A,,2010,3,11
2010-03-21,223754,Sunday,U,,2010,3,11
2010-03-22,511011,Monday,W,,2010,3,12
2010-03-23,528756,Tuesday,W,,2010,3,12
2010-03-24,524233,Wednesday,W,,2010,3,12
2010-03-25,520752,Thursday,W,,2010,3,12
2010-03-26,523710,Friday,W,,2010,3,12
2010-03-27,304152,Saturday,A,,2010,3,12
2010-03-28,214832,Sunday,U,,2010,3,12
2010-03-29,498048,Monday,W,,2010,3,13
2010-03-30,517917,Tuesday,W,,2010,3,13
2010-03-31,534630,Wednesday,W,,2010,3,13
2010-04-01,555650,Thursday,W,,2010,4,13
2010-04-02,495882,Friday,W,,2010,4,13
2010-04-03,277649,Saturday,A,,2010,4,13
2010-04-04,191995,Sunday,U,,2010,4,13
2010-04-05,542774,Monday,W,,2010,4,14
2010-04-06,548519,Tuesday,W,,2010,4,14
2010-04-07,550056,Wednesday,W,,2010,4,14
2010-04-08,564047,Thursday,W,,2010,4,14
2010-04-09,560808,Friday,W,,2010,4,14
2010-04-10,358775,Saturday,A,,2010,4,14
2010-04-11,236265,Sunday,U,,2010,4,14
2010-04-12,568504,Monday,W,,2010,4,15
2010-04-13,560501,Tuesday,W,,2010,4,15
2010-04-14,589370,Wednesday,W,,2010,4,15
2010-04-15,600807,Thursday,W,,2010,4,15
2010-04-16,583320,Friday,W,,2010,4,15
2010-04-17,357330,Saturday,A,,2010,4,15
2010-04-18,253144,Sunday,U,,2010,4,15
2010-04-19,547317,Monday,W,,2010,4,16
2010-04-20,565584,Tuesday,W,,2010,4,16
2010-04-21,562972,Wednesday,W,,2010,4,16
2010-04-22,563861,Thursday,W,,2010,4,16
2010-04-23,554026,Friday,W,,2010,4,16
2010-04-24,313970,Saturday,A,,2010,4,16
2010-04-25,216511,Sunday,U,,2010,4,16
2010-04-26,562817,Monday,W,,2010,4,17
2010-04-27,575274,Tuesday,W,,2010,4,17
2010-04-28,573747,Wednesday,W,,2010,4,17
2010-04-29,575352,Thursday,W,,2010,4,17
2010-04-30,583507,Friday,W,,2010,4,17
2010-05-01,371329,Saturday,A,,2010,5,17
2010-05-02,255530,Sunday,U,,2010,5,17
2010-05-03,555088,Monday,W,,2010,5,18
2010-05-04,566383,Tuesday,W,,2010,5,18
2010-05-05,570036,Wednesday,W,,2010,5,18
2010-05-06,568574,Thursday,W,,2010,5,18
2010-05-07,536146,Friday,W,,2010,5,18
2010-05-08,308872,Saturday,A,,2010,5,18
2010-05-09,229371,Sunday,U,,2010,5,18
2010-05-10,560609,Monday,W,,2010,5,19
2010-05-11,550438,Tuesday,W,,2010,5,19
2010-05-12,562427,Wednesday,W,,2010,5,19
2010-05-13,547228,Thursday,W,,2010,5,19
2010-05-14,583639,Friday,W,,2010,5,19
2010-05-15,349285,Saturday,A,,2010,5,19
2010-05-16,257189,Sunday,U,,2010,5,19
2010-05-17,529802,Monday,W,,2010,5,20
2010-05-18,551722,Tuesday,W,,2010,5,20
2010-05-19,550870,Wednesday,W,,2010,5,20
2010-05-20,549503,Thursday,W,,2010,5,20
2010-05-21,540861,Friday,W,,2010,5,20
2010-05-22,336780,Saturday,A,,2010,5,20
2010-05-23,262205,Sunday,U,,2010,5,20
2010-05-24,536064,Monday,W,,2010,5,21
2010-05-25,568441,Tuesday,W,,2010,5,21
2010-05-26,567001,Wednesday,W,,2010,5,21
2010-05-27,574830,Thursday,W,,2010,5,21
2010-05-28,572022,Friday,W,,2010,5,21
2010-05-29,371591,Saturday,A,,2010,5,21
2010-05-30,298594,Sunday,U,,2010,5,21
2010-05-31,197748,Monday,U,Memorial Day,2010,5,22
2010-06-01,549611,Tuesday,W,,2010,6,22
2010-06-02,544557,Wednesday,W,,2010,6,22
2010-06-03,565579,Thursday,W,,2010,6,22
2010-06-04,557926,Friday,W,,2010,6,22
2010-06-05,316272,Saturday,A,,2010,6,22
2010-06-06,249198,Sunday,U,,2010,6,22
2010-06-07,558013,Monday,W,,2010,6,23
2010-06-08,535900,Tuesday,W,,2010,6,23
2010-06-09,581277,Wednesday,W,,2010,6,23
2010-06-10,581223,Thursday,W,,2010,6,23
2010-06-11,694201,Friday,W,,2010,6,23
2010-06-12,359739,Saturday,A,,2010,6,23
2010-06-13,281606,Sunday,U,,2010,6,23
2010-06-14,544031,Monday,W,,2010,6,24
2010-06-15,564057,Tuesday,W,,2010,6,24
2010-06-16,594293,Wednesday,W,,2010,6,24
2010-06-17,590974,Thursday,W,,2010,6,24
2010-06-18,569905,Friday,W,,2010,6,24
2010-06-19,382722,Saturday,A,,2010,6,24
2010-06-20,243527,Sunday,U,,2010,6,24
2010-06-21,514242,Monday,W,,2010,6,25
2010-06-22,547391,Tuesday,W,,2010,6,25
2010-06-23,515535,Wednesday,W,,2010,6,25
2010-06-24,567682,Thursday,W,,2010,6,25
2010-06-25,616255,Friday,W,,2010,6,25
2010-06-26,378901,Saturday,A,,2010,6,25
2010-06-27,356597,Sunday,U,,2010,6,25
2010-06-28,573815,Monday,W,,2010,6,26
2010-06-29,588484,Tuesday,W,,2010,6,26
2010-06-30,596289,Wednesday,W,,2010,6,26
2010-07-01,659178,Thursday,W,,2010,7,26
2010-07-02,599075,Friday,W,,2010,7,26
2010-07-03,407102,Saturday,A,,2010,7,26
2010-07-04,352237,Sunday,U,Independence Day,2010,7,26
2010-07-05,275141,Monday,U,,2010,7,27
2010-07-06,523804,Tuesday,W,,2010,7,27
2010-07-07,539242,Wednesday,W,,2010,7,27
2010-07-08,546560,Thursday,W,,2010,7,27
2010-07-09,555887,Friday,W,,2010,7,27
2010-07-10,337084,Saturday,A,,2010,7,27
2010-07-11,247567,Sunday,U,,2010,7,27
2010-07-12,530177,Monday,W,,2010,7,28
2010-07-13,546497,Tuesday,W,,2010,7,28
2010-07-14,550708,Wednesday,W,,2010,7,28
2010-07-15,588154,Thursday,W,,2010,7,28
2010-07-16,619628,Friday,W,,2010,7,28
2010-07-17,417991,Saturday,A,,2010,7,28
2010-07-18,307140,Sunday,U,,2010,7,28
2010-07-19,559780,Monday,W,,2010,7,29
2010-07-20,568926,Tuesday,W,,2010,7,29
2010-07-21,579968,Wednesday,W,,2010,7,29
2010-07-22,550998,Thursday,W,,2010,7,29
2010-07-23,556584,Friday,W,,2010,7,29
2010-07-24,335703,Saturday,A,,2010,7,29
2010-07-25,285228,Sunday,U,,2010,7,29
2010-07-26,541479,Monday,W,,2010,7,30
2010-07-27,550984,Tuesday,W,,2010,7,30
2010-07-28,548703,Wednesday,W,,2010,7,30
2010-07-29,562988,Thursday,W,,2010,7,30
2010-07-30,561470,Friday,W,,2010,7,30
2010-07-31,363217,Saturday,A,,2010,7,30
2010-08-01,284547,Sunday,U,,2010,8,30
2010-08-02,544110,Monday,W,,2010,8,31
2010-08-03,550310,Tuesday,W,,2010,8,31
2010-08-04,546290,Wednesday,W,,2010,8,31
2010-08-05,575075,Thursday,W,,2010,8,31
2010-08-06,652198,Friday,W,,2010,8,31
2010-08-07,446629,Saturday,A,,2010,8,31
2010-08-08,338575,Sunday,U,,2010,8,31
2010-08-09,533643,Monday,W,,2010,8,32
2010-08-10,545319,Tuesday,W,,2010,8,32
2010-08-11,544565,Wednesday,W,,2010,8,32
2010-08-12,549057,Thursday,W,,2010,8,32
2010-08-13,548340,Friday,W,,2010,8,32
2010-08-14,373179,Saturday,A,,2010,8,32
2010-08-15,293455,Sunday,U,,2010,8,32
2010-08-16,534467,Monday,W,,2010,8,33
2010-08-17,542938,Tuesday,W,,2010,8,33
2010-08-18,557393,Wednesday,W,,2010,8,33
2010-08-19,566789,Thursday,W,,2010,8,33
2010-08-20,567340,Friday,W,,2010,8,33
2010-08-21,374680,Saturday,A,,2010,8,33
2010-08-22,274506,Sunday,U,,2010,8,33
2010-08-23,535770,Monday,W,,2010,8,34
2010-08-24,555428,Tuesday,W,,2010,8,34
2010-08-25,567913,Wednesday,W,,2010,8,34
2010-08-26,572113,Thursday,W,,2010,8,34
2010-08-27,576755,Friday,W,,2010,8,34
2010-08-28,371559,Saturday,A,,2010,8,34
2010-08-29,272650,Sunday,U,,2010,8,34
2010-08-30,554398,Monday,W,,2010,8,35
2010-08-31,571033,Tuesday,W,,2010,8,35
2010-09-01,574752,Wednesday,W,,2010,9,35
2010-09-02,560871,Thursday,W,,2010,9,35
2010-09-03,595005,Friday,W,,2010,9,35
2010-09-04,385040,Saturday,A,,2010,9,35
2010-09-05,325447,Sunday,U,,2010,9,35
2010-09-06,260378,Monday,U,Labor Day,2010,9,36
2010-09-07,596597,Tuesday,W,,2010,9,36
2010-09-08,613986,Wednesday,W,,2010,9,36
2010-09-09,601706,Thursday,W,,2010,9,36
2010-09-10,611330,Friday,W,,2010,9,36
2010-09-11,355045,Saturday,A,,2010,9,36
2010-09-12,280211,Sunday,U,,2010,9,36
2010-09-13,596435,Monday,W,,2010,9,37
2010-09-14,613565,Tuesday,W,,2010,9,37
2010-09-15,624655,Wednesday,W,,2010,9,37
2010-09-16,620019,Thursday,W,,2010,9,37
2010-09-17,641532,Friday,W,,2010,9,37
2010-09-18,370817,Saturday,A,,2010,9,37
2010-09-19,273678,Sunday,U,,2010,9,37
2010-09-20,588128,Monday,W,,2010,9,38
2010-09-21,619060,Tuesday,W,,2010,9,38
2010-09-22,620183,Wednesday,W,,2010,9,38
2010-09-23,632897,Thursday,W,,2010,9,38
2010-09-24,618788,Friday,W,,2010,9,38
2010-09-25,394030,Saturday,A,,2010,9,38
2010-09-26,269804,Sunday,U,,2010,9,38
2010-09-27,598597,Monday,W,,2010,9,39
2010-09-28,604594,Tuesday,W,,2010,9,39
2010-09-29,606347,Wednesday,W,,2010,9,39
2010-09-30,617813,Thursday,W,,2010,9,39
2010-10-01,613070,Friday,W,,2010,10,39
2010-10-02,341705,Saturday,A,,2010,10,39
2010-10-03,251130,Sunday,U,,2010,10,39
2010-10-04,586289,Monday,W,,2010,10,40
2010-10-05,599362,Tuesday,W,,2010,10,40
2010-10-06,602553,Wednesday,W,,2010,10,40
2010-10-07,621726,Thursday,W,,2010,10,40
2010-10-08,621485,Friday,W,,2010,10,40
2010-10-09,406249,Saturday,A,,2010,10,40
2010-10-10,399215,Sunday,U,,2010,10,40
2010-10-11,517825,Monday,W,,2010,10,41
2010-10-12,607451,Tuesday,W,,2010,10,41
2010-10-13,599465,Wednesday,W,,2010,10,41
2010-10-14,619743,Thursday,W,,2010,10,41
2010-10-15,621980,Friday,W,,2010,10,41
2010-10-16,385695,Saturday,A,,2010,10,41
2010-10-17,275412,Sunday,U,,2010,10,41
2010-10-18,592248,Monday,W,,2010,10,42
2010-10-19,602277,Tuesday,W,,2010,10,42
2010-10-20,605719,Wednesday,W,,2010,10,42
2010-10-21,616585,Thursday,W,,2010,10,42
2010-10-22,600567,Friday,W,,2010,10,42
2010-10-23,364688,Saturday,A,,2010,10,42
2010-10-24,260895,Sunday,U,,2010,10,42
2010-10-25,586601,Monday,W,,2010,10,43
2010-10-26,570472,Tuesday,W,,2010,10,43
2010-10-27,610020,Wednesday,W,,2010,10,43
2010-10-28,606818,Thursday,W,,2010,10,43
2010-10-29,598960,Friday,W,,2010,10,43
2010-10-30,361106,Saturday,A,,2010,10,43
2010-10-31,262456,Sunday,U,,2010,10,43
2010-11-01,580517,Monday,W,,2010,11,44
2010-11-02,587396,Tuesday,W,,2010,11,44
2010-11-03,599493,Wednesday,W,,2010,11,44
2010-11-04,603753,Thursday,W,,2010,11,44
2010-11-05,597664,Friday,W,,2010,11,44
2010-11-06,366929,Saturday,A,,2010,11,44
2010-11-07,250783,Sunday,U,,2010,11,44
2010-11-08,586033,Monday,W,,2010,11,45
2010-11-09,595702,Tuesday,W,,2010,11,45
2010-11-10,602153,Wednesday,W,,2010,11,45
2010-11-11,545214,Thursday,W,,2010,11,45
2010-11-12,590338,Friday,W,,2010,11,45
2010-11-13,351885,Saturday,A,,2010,11,45
2010-11-14,251563,Sunday,U,,2010,11,45
2010-11-15,581822,Monday,W,,2010,11,46
2010-11-16,595011,Tuesday,W,,2010,11,46
2010-11-17,592265,Wednesday,W,,2010,11,46
2010-11-18,588691,Thursday,W,,2010,11,46
2010-11-19,590937,Friday,W,,2010,11,46
2010-11-20,439101,Saturday,A,,2010,11,46
2010-11-21,242106,Sunday,U,,2010,11,46
2010-11-22,551185,Monday,W,,2010,11,47
2010-11-23,577081,Tuesday,W,,2010,11,47
2010-11-24,513659,Wednesday,W,,2010,11,47
2010-11-25,160087,Thursday,U,Thanksgiving Day,2010,11,47
2010-11-26,304816,Friday,W,,2010,11,47
2010-11-27,273906,Saturday,A,,2010,11,47
2010-11-28,222262,Sunday,U,,2010,11,47
2010-11-29,543464,Monday,W,,2010,11,48
2010-11-30,555237,Tuesday,W,,2010,11,48
2010-12-01,560085,Wednesday,W,,2010,12,48
2010-12-02,568944,Thursday,W,,2010,12,48
2010-12-03,570966,Friday,W,,2010,12,48
2010-12-04,333529,Saturday,A,,2010,12,48
2010-12-05,227172,Sunday,U,,2010,12,48
2010-12-06,530113,Monday,W,,2010,12,49
2010-12-07,538588,Tuesday,W,,2010,12,49
2010-12-08,547165,Wednesday,W,,2010,12,49
2010-12-09,551650,Thursday,W,,2010,12,49
2010-12-10,564038,Friday,W,,2010,12,49
2010-12-11,317717,Saturday,A,,2010,12,49
2010-12-12,204268,Sunday,U,,2010,12,49
2010-12-13,494108,Monday,W,,2010,12,50
2010-12-14,515007,Tuesday,W,,2010,12,50
2010-12-15,529068,Wednesday,W,,2010,12,50
2010-12-16,532413,Thursday,W,,2010,12,50
2010-12-17,531114,Friday,W,,2010,12,50
2010-12-18,303448,Saturday,A,,2010,12,50
2010-12-19,220498,Sunday,U,,2010,12,50
2010-12-20,473410,Monday,W,,2010,12,51
2010-12-21,474225,Tuesday,W,,2010,12,51
2010-12-22,461516,Wednesday,W,,2010,12,51
2010-12-23,404176,Thursday,W,,2010,12,51
2010-12-24,215976,Friday,W,,2010,12,51
2010-12-25,105072,Saturday,U,Christmas Day,2010,12,51
2010-12-26,176262,Sunday,U,,2010,12,51
2010-12-27,360090,Monday,W,,2010,12,52
2010-12-28,405566,Tuesday,W,,2010,12,52
2010-12-29,423981,Wednesday,W,,2010,12,52
2010-12-30,433637,Thursday,W,,2010,12,52
2010-12-31,323569,Friday,W,,2010,12,52
2011-01-01,196810,Saturday,U,New Year's Day,2011,1,52
2011-01-02,185426,Sunday,U,,2011,1,52
2011-01-03,481627,Monday,W,,2011,1,1
2011-01-04,514802,Tuesday,W,,2011,1,1
2011-01-05,517264,Wednesday,W,,2011,1,1
2011-01-06,518274,Thursday,W,,2011,1,1
2011-01-07,515653,Friday,W,,2011,1,1
2011-01-08,272903,Saturday,A,,2011,1,1
2011-01-09,194846,Sunday,U,,2011,1,1
2011-01-10,530381,Monday,W,,2011,1,2
2011-01-11,542818,Tuesday,W,,2011,1,2
2011-01-12,544949,Wednesday,W,,2011,1,2
2011-01-13,548134,Thursday,W,,2011,1,2
2011-01-14,544223,Friday,W,,2011,1,2
2011-01-15,290578,Saturday,A,,2011,1,2
2011-01-16,213948,Sunday,U,,2011,1,2
2011-01-17,350454,Monday,W,,2011,1,3
2011-01-18,562274,Tuesday,W,,2011,1,3
2011-01-19,563126,Wednesday,W,,2011,1,3
2011-01-20,558975,Thursday,W,,2011,1,3
2011-01-21,495985,Friday,W,,2011,1,3
2011-01-22,270218,Saturday,A,,2011,1,3
2011-01-23,208256,Sunday,U,,2011,1,3
2011-01-24,542584,Monday,W,,2011,1,4
2011-01-25,563691,Tuesday,W,,2011,1,4
2011-01-26,565030,Wednesday,W,,2011,1,4
2011-01-27,568092,Thursday,W,,2011,1,4
2011-01-28,543651,Friday,W,,2011,1,4
2011-01-29,311514,Saturday,A,,2011,1,4
2011-01-30,209070,Sunday,U,,2011,1,4
2011-01-31,555702,Monday,W,,2011,1,5
2011-02-01,529723,Tuesday,W,,2011,2,5
2011-02-02,173165,Wednesday,W,,2011,2,5
2011-02-03,480291,Thursday,W,,2011,2,5
2011-02-04,592045,Friday,W,,2011,2,5
2011-02-05,327907,Saturday,A,,2011,2,5
2011-02-06,224077,Sunday,U,,2011,2,5
2011-02-07,573656,Monday,W,,2011,2,6
2011-02-08,577065,Tuesday,W,,2011,2,6
2011-02-09,559908,Wednesday,W,,2011,2,6
2011-02-10,560044,Thursday,W,,2011,2,6
2011-02-11,545835,Friday,W,,2011,2,6
2011-02-12,339879,Saturday,A,,2011,2,6
2011-02-13,248979,Sunday,U,,2011,2,6
2011-02-14,586455,Monday,W,,2011,2,7
2011-02-15,581322,Tuesday,W,,2011,2,7
2011-02-16,587154,Wednesday,W,,2011,2,7
2011-02-17,595293,Thursday,W,,2011,2,7
2011-02-18,588021,Friday,W,,2011,2,7
2011-02-19,352940,Saturday,A,,2011,2,7
2011-02-20,214768,Sunday,U,,2011,2,7
2011-02-21,417379,Monday,W,,2011,2,8
2011-02-22,573110,Tuesday,W,,2011,2,8
2011-02-23,580017,Wednesday,W,,2011,2,8
2011-02-24,586374,Thursday,W,,2011,2,8
2011-02-25,571957,Friday,W,,2011,2,8
2011-02-26,322013,Saturday,A,,2011,2,8
2011-02-27,228636,Sunday,U,,2011,2,8
2011-02-28,563970,Monday,W,,2011,2,9
2011-03-01,587243,Tuesday,W,,2011,3,9
2011-03-02,581126,Wednesday,W,,2011,3,9
2011-03-03,587483,Thursday,W,,2011,3,9
2011-03-04,563687,Friday,W,,2011,3,9
2011-03-05,305714,Saturday,A,,2011,3,9
2011-03-06,226354,Sunday,U,,2011,3,9
2011-03-07,530326,Monday,W,,2011,3,10
2011-03-08,587820,Tuesday,W,,2011,3,10
2011-03-09,577051,Wednesday,W,,2011,3,10
2011-03-10,585345,Thursday,W,,2011,3,10
2011-03-11,586349,Friday,W,,2011,3,10
2011-03-12,407190,Saturday,A,,2011,3,10
2011-03-13,233829,Sunday,U,,2011,3,10
2011-03-14,567875,Monday,W,,2011,3,11
2011-03-15,578523,Tuesday,W,,2011,3,11
2011-03-16,599996,Wednesday,W,,2011,3,11
2011-03-17,604519,Thursday,W,,2011,3,11
2011-03-18,584422,Friday,W,,2011,3,11
2011-03-19,346643,Saturday,A,,2011,3,11
2011-03-20,216248,Sunday,U,,2011,3,11
2011-03-21,547375,Monday,W,,2011,3,12
2011-03-22,540359,Tuesday,W,,2011,3,12
2011-03-23,552310,Wednesday,W,,2011,3,12
2011-03-24,555867,Thursday,W,,2011,3,12
2011-03-25,547675,Friday,W,,2011,3,12
2011-03-26,315071,Saturday,A,,2011,3,12
2011-03-27,227419,Sunday,U,,2011,3,12
2011-03-28,558007,Monday,W,,2011,3,13
2011-03-29,569864,Tuesday,W,,2011,3,13
2011-03-30,573322,Wednesday,W,,2011,3,13
2011-03-31,587077,Thursday,W,,2011,3,13
2011-04-01,585851,Friday,W,,2011,4,13
2011-04-02,370365,Saturday,A,,2011,4,13
2011-04-03,249757,Sunday,U,,2011,4,13
2011-04-04,571659,Monday,W,,2011,4,14
2011-04-05,594859,Tuesday,W,,2011,4,14
2011-04-06,595884,Wednesday,W,,2011,4,14
2011-04-07,591528,Thursday,W,,2011,4,14
2011-04-08,576159,Friday,W,,2011,4,14
2011-04-09,374393,Saturday,A,,2011,4,14
2011-04-10,293714,Sunday,U,,2011,4,14
2011-04-11,572246,Monday,W,,2011,4,15
2011-04-12,589530,Tuesday,W,,2011,4,15
2011-04-13,592610,Wednesday,W,,2011,4,15
2011-04-14,592219,Thursday,W,,2011,4,15
2011-04-15,568558,Friday,W,,2011,4,15
2011-04-16,322658,Saturday,A,,2011,4,15
2011-04-17,250459,Sunday,U,,2011,4,15
2011-04-18,538219,Monday,W,,2011,4,16
2011-04-19,515271,Tuesday,W,,2011,4,16
2011-04-20,562339,Wednesday,W,,2011,4,16
2011-04-21,563093,Thursday,W,,2011,4,16
2011-04-22,479483,Friday,W,,2011,4,16
2011-04-23,341761,Saturday,A,,2011,4,16
2011-04-24,224723,Sunday,U,,2011,4,16
2011-04-25,563107,Monday,W,,2011,4,17
2011-04-26,589403,Tuesday,W,,2011,4,17
2011-04-27,585190,Wednesday,W,,2011,4,17
2011-04-28,583861,Thursday,W,,2011,4,17
2011-04-29,606682,Friday,W,,2011,4,17
2011-04-30,366720,Saturday,A,,2011,4,17
2011-05-01,260749,Sunday,U,,2011,5,17
2011-05-02,571701,Monday,W,,2011,5,18
2011-05-03,583533,Tuesday,W,,2011,5,18
2011-05-04,591917,Wednesday,W,,2011,5,18
2011-05-05,592988,Thursday,W,,2011,5,18
2011-05-06,603662,Friday,W,,2011,5,18
2011-05-07,358081,Saturday,A,,2011,5,18
2011-05-08,264725,Sunday,U,,2011,5,18
2011-05-09,560209,Monday,W,,2011,5,19
2011-05-10,604586,Tuesday,W,,2011,5,19
2011-05-11,596334,Wednesday,W,,2011,5,19
2011-05-12,608792,Thursday,W,,2011,5,19
2011-05-13,600380,Friday,W,,2011,5,19
2011-05-14,333024,Saturday,A,,2011,5,19
2011-05-15,227048,Sunday,U,,2011,5,19
2011-05-16,562512,Monday,W,,2011,5,20
2011-05-17,572352,Tuesday,W,,2011,5,20
2011-05-18,567005,Wednesday,W,,2011,5,20
2011-05-19,581423,Thursday,W,,2011,5,20
2011-05-20,585535,Friday,W,,2011,5,20
2011-05-21,340208,Saturday,A,,2011,5,20
2011-05-22,261127,Sunday,U,,2011,5,20
2011-05-23,562227,Monday,W,,2011,5,21
2011-05-24,592962,Tuesday,W,,2011,5,21
2011-05-25,556812,Wednesday,W,,2011,5,21
2011-05-26,571290,Thursday,W,,2011,5,21
2011-05-27,573015,Friday,W,,2011,5,21
2011-05-28,339913,Saturday,A,,2011,5,21
2011-05-29,248929,Sunday,U,,2011,5,21
2011-05-30,315180,Monday,U,Memorial Day,2011,5,22
2011-05-31,563274,Tuesday,W,,2011,5,22
2011-06-01,599836,Wednesday,W,,2011,6,22
2011-06-02,582361,Thursday,W,,2011,6,22
2011-06-03,620333,Friday,W,,2011,6,22
2011-06-04,376308,Saturday,A,,2011,6,22
2011-06-05,285336,Sunday,U,,2011,6,22
2011-06-06,595352,Monday,W,,2011,6,23
2011-06-07,598921,Tuesday,W,,2011,6,23
2011-06-08,602048,Wednesday,W,,2011,6,23
2011-06-09,557696,Thursday,W,,2011,6,23
2011-06-10,575500,Friday,W,,2011,6,23
2011-06-11,365790,Saturday,A,,2011,6,23
2011-06-12,312566,Sunday,U,,2011,6,23
2011-06-13,598298,Monday,W,,2011,6,24
2011-06-14,608897,Tuesday,W,,2011,6,24
2011-06-15,583137,Wednesday,W,,2011,6,24
2011-06-16,610699,Thursday,W,,2011,6,24
2011-06-17,648372,Friday,W,,2011,6,24
2011-06-18,405864,Saturday,A,,2011,6,24
2011-06-19,283100,Sunday,U,,2011,6,24
2011-06-20,548830,Monday,W,,2011,6,25
2011-06-21,575063,Tuesday,W,,2011,6,25
2011-06-22,572215,Wednesday,W,,2011,6,25
2011-06-23,569549,Thursday,W,,2011,6,25
2011-06-24,588330,Friday,W,,2011,6,25
2011-06-25,413028,Saturday,A,,2011,6,25
2011-06-26,451373,Sunday,U,,2011,6,25
2011-06-27,578104,Monday,W,,2011,6,26
2011-06-28,632245,Tuesday,W,,2011,6,26
2011-06-29,621030,Wednesday,W,,2011,6,26
2011-06-30,620218,Thursday,W,,2011,6,26
2011-07-01,632119,Friday,W,,2011,7,26
2011-07-02,458533,Saturday,A,,2011,7,26
2011-07-03,410609,Sunday,U,,2011,7,26
2011-07-04,337061,Monday,U,Independence Day,2011,7,27
2011-07-05,614117,Tuesday,W,,2011,7,27
2011-07-06,627590,Wednesday,W,,2011,7,27
2011-07-07,620806,Thursday,W,,2011,7,27
2011-07-08,635031,Friday,W,,2011,7,27
2011-07-09,439128,Saturday,A,,2011,7,27
2011-07-10,330335,Sunday,U,,2011,7,27
2011-07-11,574012,Monday,W,,2011,7,28
2011-07-12,618597,Tuesday,W,,2011,7,28
2011-07-13,621537,Wednesday,W,,2011,7,28
2011-07-14,656290,Thursday,W,,2011,7,28
2011-07-15,659916,Friday,W,,2011,7,28
2011-07-16,428361,Saturday,A,,2011,7,28
2011-07-17,352561,Sunday,U,,2011,7,28
2011-07-18,647363,Monday,W,,2011,7,29
2011-07-19,620225,Tuesday,W,,2011,7,29
2011-07-20,638310,Wednesday,W,,2011,7,29
2011-07-21,652602,Thursday,W,,2011,7,29
2011-07-22,637906,Friday,W,,2011,7,29
2011-07-23,456819,Saturday,A,,2011,7,29
2011-07-24,322747,Sunday,U,,2011,7,29
2011-07-25,610381,Monday,W,,2011,7,30
2011-07-26,627653,Tuesday,W,,2011,7,30
2011-07-27,619165,Wednesday,W,,2011,7,30
2011-07-28,596707,Thursday,W,,2011,7,30
2011-07-29,638476,Friday,W,,2011,7,30
2011-07-30,420546,Saturday,A,,2011,7,30
2011-07-31,320381,Sunday,U,,2011,7,30
2011-08-01,680379,Monday,W,,2011,8,31
2011-08-02,614056,Tuesday,W,,2011,8,31
2011-08-03,642035,Wednesday,W,,2011,8,31
2011-08-04,661961,Thursday,W,,2011,8,31
2011-08-05,750364,Friday,W,,2011,8,31
2011-08-06,557549,Saturday,A,,2011,8,31
2011-08-07,383603,Sunday,U,,2011,8,31
2011-08-08,611779,Monday,W,,2011,8,32
2011-08-09,634662,Tuesday,W,,2011,8,32
2011-08-10,690680,Wednesday,W,,2011,8,32
2011-08-11,583268,Thursday,W,,2011,8,32
2011-08-12,583630,Friday,W,,2011,8,32
2011-08-13,371000,Saturday,A,,2011,8,32
2011-08-14,291668,Sunday,U,,2011,8,32
2011-08-15,549526,Monday,W,,2011,8,33
2011-08-16,565848,Tuesday,W,,2011,8,33
2011-08-17,569721,Wednesday,W,,2011,8,33
2011-08-18,581765,Thursday,W,,2011,8,33
2011-08-19,618157,Friday,W,,2011,8,33
2011-08-20,383125,Saturday,A,,2011,8,33
2011-08-21,341941,Sunday,U,,2011,8,33
2011-08-22,579132,Monday,W,,2011,8,34
2011-08-23,566323,Tuesday,W,,2011,8,34
2011-08-24,599286,Wednesday,W,,2011,8,34
2011-08-25,612504,Thursday,W,,2011,8,34
2011-08-26,584085,Friday,W,,2011,8,34
2011-08-27,375600,Saturday,A,,2011,8,34
2011-08-28,275762,Sunday,U,,2011,8,34
2011-08-29,586129,Monday,W,,2011,8,35
2011-08-30,591822,Tuesday,W,,2011,8,35
2011-08-31,598723,Wednesday,W,,2011,8,35
2011-09-01,609850,Thursday,W,,2011,9,35
2011-09-02,611800,Friday,W,,2011,9,35
2011-09-03,382611,Saturday,A,,2011,9,35
2011-09-04,352065,Sunday,U,,2011,9,35
2011-09-05,290603,Monday,U,Labor Day,2011,9,36
2011-09-06,615632,Tuesday,W,,2011,9,36
2011-09-07,637926,Wednesday,W,,2011,9,36
2011-09-08,635275,Thursday,W,,2011,9,36
2011-09-09,622386,Friday,W,,2011,9,36
2011-09-10,393769,Saturday,A,,2011,9,36
2011-09-11,290576,Sunday,U,,2011,9,36
2011-09-12,623528,Monday,W,,2011,9,37
2011-09-13,639125,Tuesday,W,,2011,9,37
2011-09-14,633345,Wednesday,W,,2011,9,37
2011-09-15,643449,Thursday,W,,2011,9,37
2011-09-16,638654,Friday,W,,2011,9,37
2011-09-17,414070,Saturday,A,,2011,9,37
2011-09-18,267379,Sunday,U,,2011,9,37
2011-09-19,625353,Monday,W,,2011,9,38
2011-09-20,649467,Tuesday,W,,2011,9,38
2011-09-21,643328,Wednesday,W,,2011,9,38
2011-09-22,635300,Thursday,W,,2011,9,38
2011-09-23,619520,Friday,W,,2011,9,38
2011-09-24,377519,Saturday,A,,2011,9,38
2011-09-25,271427,Sunday,U,,2011,9,38
2011-09-26,604435,Monday,W,,2011,9,39
2011-09-27,619777,Tuesday,W,,2011,9,39
2011-09-28,625888,Wednesday,W,,2011,9,39
2011-09-29,621503,Thursday,W,,2011,9,39
2011-09-30,624445,Friday,W,,2011,9,39
2011-10-01,388083,Saturday,A,,2011,10,39
2011-10-02,280702,Sunday,U,,2011,10,39
2011-10-03,619665,Monday,W,,2011,10,40
2011-10-04,632862,Tuesday,W,,2011,10,40
2011-10-05,638731,Wednesday,W,,2011,10,40
2011-10-06,646339,Thursday,W,,2011,10,40
2011-10-07,646526,Friday,W,,2011,10,40
2011-10-08,422158,Saturday,A,,2011,10,40
2011-10-09,423231,Sunday,U,,2011,10,40
2011-10-10,552123,Monday,W,,2011,10,41
2011-10-11,635761,Tuesday,W,,2011,10,41
2011-10-12,640727,Wednesday,W,,2011,10,41
2011-10-13,638200,Thursday,W,,2011,10,41
2011-10-14,646785,Friday,W,,2011,10,41
2011-10-15,410277,Saturday,A,,2011,10,41
2011-10-16,286039,Sunday,U,,2011,10,41
2011-10-17,621194,Monday,W,,2011,10,42
2011-10-18,626994,Tuesday,W,,2011,10,42
2011-10-19,609723,Wednesday,W,,2011,10,42
2011-10-20,629997,Thursday,W,,2011,10,42
2011-10-21,646024,Friday,W,,2011,10,42
2011-10-22,401652,Saturday,A,,2011,10,42
2011-10-23,278344,Sunday,U,,2011,10,42
2011-10-24,616668,Monday,W,,2011,10,43
2011-10-25,625392,Tuesday,W,,2011,10,43
2011-10-26,624426,Wednesday,W,,2011,10,43
2011-10-27,636434,Thursday,W,,2011,10,43
2011-10-28,625655,Friday,W,,2011,10,43
2011-10-29,378726,Saturday,A,,2011,10,43
2011-10-30,259555,Sunday,U,,2011,10,43
2011-10-31,606023,Monday,W,,2011,10,44
2011-11-01,630594,Tuesday,W,,2011,11,44
2011-11-02,631955,Wednesday,W,,2011,11,44
2011-11-03,624804,Thursday,W,,2011,11,44
2011-11-04,649293,Friday,W,,2011,11,44
2011-11-05,417775,Saturday,A,,2011,11,44
2011-11-06,271780,Sunday,U,,2011,11,44
2011-11-07,619146,Monday,W,,2011,11,45
2011-11-08,614129,Tuesday,W,,2011,11,45
2011-11-09,627952,Wednesday,W,,2011,11,45
2011-11-10,624303,Thursday,W,,2011,11,45
2011-11-11,563099,Friday,W,,2011,11,45
2011-11-12,385594,Saturday,A,,2011,11,45
2011-11-13,277923,Sunday,U,,2011,11,45
2011-11-14,613170,Monday,W,,2011,11,46
2011-11-15,637153,Tuesday,W,,2011,11,46
2011-11-16,626681,Wednesday,W,,2011,11,46
2011-11-17,622280,Thursday,W,,2011,11,46
2011-11-18,614486,Friday,W,,2011,11,46
2011-11-19,431722,Saturday,A,,2011,11,46
2011-11-20,269642,Sunday,U,,2011,11,46
2011-11-21,600397,Monday,W,,2011,11,47
2011-11-22,590878,Tuesday,W,,2011,11,47
2011-11-23,562768,Wednesday,W,,2011,11,47
2011-11-24,192924,Thursday,U,Thanksgiving Day,2011,11,47
2011-11-25,359917,Friday,W,,2011,11,47
2011-11-26,283469,Saturday,A,,2011,11,47
2011-11-27,225021,Sunday,U,,2011,11,47
2011-11-28,581549,Monday,W,,2011,11,48
2011-11-29,585748,Tuesday,W,,2011,11,48
2011-11-30,603521,Wednesday,W,,2011,11,48
2011-12-01,616325,Thursday,W,,2011,12,48
2011-12-02,624956,Friday,W,,2011,12,48
2011-12-03,375652,Saturday,A,,2011,12,48
2011-12-04,268420,Sunday,U,,2011,12,48
2011-12-05,576295,Monday,W,,2011,12,49
2011-12-06,587473,Tuesday,W,,2011,12,49
2011-12-07,592652,Wednesday,W,,2011,12,49
2011-12-08,595268,Thursday,W,,2011,12,49
2011-12-09,599292,Friday,W,,2011,12,49
2011-12-10,354476,Saturday,A,,2011,12,49
2011-12-11,251720,Sunday,U,,2011,12,49
2011-12-12,555329,Monday,W,,2011,12,50
2011-12-13,570451,Tuesday,W,,2011,12,50
2011-12-14,557195,Wednesday,W,,2011,12,50
2011-12-15,578313,Thursday,W,,2011,12,50
2011-12-16,580114,Friday,W,,2011,12,50
2011-12-17,355085,Saturday,A,,2011,12,50
2011-12-18,267411,Sunday,U,,2011,12,50
2011-12-19,542064,Monday,W,,2011,12,51
2011-12-20,541705,Tuesday,W,,2011,12,51
2011-12-21,535601,Wednesday,W,,2011,12,51
2011-12-22,507438,Thursday,W,,2011,12,51
2011-12-23,444704,Friday,W,,2011,12,51
2011-12-24,213974,Saturday,A,,2011,12,51
2011-12-25,118906,Sunday,U,Christmas Day,2011,12,51
2011-12-26,244554,Monday,U,,2011,12,52
2011-12-27,411341,Tuesday,W,,2011,12,52
2011-12-28,441443,Wednesday,W,,2011,12,52
2011-12-29,456617,Thursday,W,,2011,12,52
2011-12-30,435548,Friday,W,,2011,12,52
2011-12-31,332379,Saturday,A,,2011,12,52
2012-01-01,227947,Sunday,U,New Year's Day,2012,1,52
2012-01-02,246843,Monday,U,,2012,1,1
2012-01-03,497051,Tuesday,W,,2012,1,1
2012-01-04,518087,Wednesday,W,,2012,1,1
2012-01-05,539676,Thursday,W,,2012,1,1
2012-01-06,551177,Friday,W,,2012,1,1
2012-01-07,318557,Saturday,A,,2012,1,1
2012-01-08,226535,Sunday,U,,2012,1,1
2012-01-09,565012,Monday,W,,2012,1,2
2012-01-10,577719,Tuesday,W,,2012,1,2
2012-01-11,586876,Wednesday,W,,2012,1,2
2012-01-12,591785,Thursday,W,,2012,1,2
2012-01-13,573149,Friday,W,,2012,1,2
2012-01-14,307865,Saturday,A,,2012,1,2
2012-01-15,227564,Sunday,U,,2012,1,2
2012-01-16,380314,Monday,W,,2012,1,3
2012-01-17,600450,Tuesday,W,,2012,1,3
2012-01-18,597574,Wednesday,W,,2012,1,3
2012-01-19,588299,Thursday,W,,2012,1,3
2012-01-20,617087,Friday,W,,2012,1,3
2012-01-21,321692,Saturday,A,,2012,1,3
2012-01-22,225164,Sunday,U,,2012,1,3
2012-01-23,587888,Monday,W,,2012,1,4
2012-01-24,605506,Tuesday,W,,2012,1,4
2012-01-25,607267,Wednesday,W,,2012,1,4
2012-01-26,611254,Thursday,W,,2012,1,4
2012-01-27,596346,Friday,W,,2012,1,4
2012-01-28,342229,Saturday,A,,2012,1,4
2012-01-29,241098,Sunday,U,,2012,1,4
2012-01-30,582557,Monday,W,,2012,1,5
2012-01-31,604925,Tuesday,W,,2012,1,5
2012-02-01,608971,Wednesday,W,,2012,2,5
2012-02-02,611821,Thursday,W,,2012,2,5
2012-02-03,590844,Friday,W,,2012,2,5
2012-02-04,341345,Saturday,A,,2012,2,5
2012-02-05,238048,Sunday,U,,2012,2,5
2012-02-06,578925,Monday,W,,2012,2,6
2012-02-07,597131,Tuesday,W,,2012,2,6
2012-02-08,610643,Wednesday,W,,2012,2,6
2012-02-09,613691,Thursday,W,,2012,2,6
2012-02-10,591784,Friday,W,,2012,2,6
2012-02-11,325815,Saturday,A,,2012,2,6
2012-02-12,235006,Sunday,U,,2012,2,6
2012-02-13,540209,Monday,W,,2012,2,7
2012-02-14,610734,Tuesday,W,,2012,2,7
2012-02-15,600788,Wednesday,W,,2012,2,7
2012-02-16,608903,Thursday,W,,2012,2,7
2012-02-17,604970,Friday,W,,2012,2,7
2012-02-18,370405,Saturday,A,,2012,2,7
2012-02-19,265169,Sunday,U,,2012,2,7
2012-02-20,449863,Monday,W,,2012,2,8
2012-02-21,600625,Tuesday,W,,2012,2,8
2012-02-22,605578,Wednesday,W,,2012,2,8
2012-02-23,607802,Thursday,W,,2012,2,8
2012-02-24,589331,Friday,W,,2012,2,8
2012-02-25,340229,Saturday,A,,2012,2,8
2012-02-26,245426,Sunday,U,,2012,2,8
2012-02-27,581827,Monday,W,,2012,2,9
2012-02-28,596016,Tuesday,W,,2012,2,9
2012-02-29,608768,Wednesday,W,,2012,2,9
2012-03-01,611793,Thursday,W,,2012,3,9
2012-03-02,583848,Friday,W,,2012,3,9
2012-03-03,340047,Saturday,A,,2012,3,9
2012-03-04,241445,Sunday,U,,2012,3,9
2012-03-05,539204,Monday,W,,2012,3,10
2012-03-06,615775,Tuesday,W,,2012,3,10
2012-03-07,609465,Wednesday,W,,2012,3,10
2012-03-08,608037,Thursday,W,,2012,3,10
2012-03-09,594181,Friday,W,,2012,3,10
2012-03-10,362790,Saturday,A,,2012,3,10
2012-03-11,261675,Sunday,U,,2012,3,10
2012-03-12,591877,Monday,W,,2012,3,11
2012-03-13,616139,Tuesday,W,,2012,3,11
2012-03-14,630823,Wednesday,W,,2012,3,11
2012-03-15,631529,Thursday,W,,2012,3,11
2012-03-16,640222,Friday,W,,2012,3,11
2012-03-17,578043,Saturday,A,,2012,3,11
2012-03-18,296539,Sunday,U,,2012,3,11
2012-03-19,585162,Monday,W,,2012,3,12
2012-03-20,593916,Tuesday,W,,2012,3,12
2012-03-21,598532,Wednesday,W,,2012,3,12
2012-03-22,593188,Thursday,W,,2012,3,12
2012-03-23,567008,Friday,W,,2012,3,12
2012-03-24,350954,Saturday,A,,2012,3,12
2012-03-25,293777,Sunday,U,,2012,3,12
2012-03-26,579790,Monday,W,,2012,3,13
2012-03-27,598043,Tuesday,W,,2012,3,13
2012-03-28,608464,Wednesday,W,,2012,3,13
2012-03-29,607459,Thursday,W,,2012,3,13
2012-03-30,586767,Friday,W,,2012,3,13
2012-03-31,359786,Saturday,A,,2012,3,13
2012-04-01,263184,Sunday,U,,2012,4,13
2012-04-02,574332,Monday,W,,2012,4,14
2012-04-03,594267,Tuesday,W,,2012,4,14
2012-04-04,597579,Wednesday,W,,2012,4,14
2012-04-05,618419,Thursday,W,,2012,4,14
2012-04-06,529405,Friday,W,,2012,4,14
2012-04-07,352893,Saturday,A,,2012,4,14
2012-04-08,236990,Sunday,U,,2012,4,14
2012-04-09,599581,Monday,W,,2012,4,15
2012-04-10,619931,Tuesday,W,,2012,4,15
2012-04-11,627416,Wednesday,W,,2012,4,15
2012-04-12,639106,Thursday,W,,2012,4,15
2012-04-13,611659,Friday,W,,2012,4,15
2012-04-14,381874,Saturday,A,,2012,4,15
2012-04-15,261871,Sunday,U,,2012,4,15
2012-04-16,588403,Monday,W,,2012,4,16
2012-04-17,614101,Tuesday,W,,2012,4,16
2012-04-18,607647,Wednesday,W,,2012,4,16
2012-04-19,612936,Thursday,W,,2012,4,16
2012-04-20,607854,Friday,W,,2012,4,16
2012-04-21,382823,Saturday,A,,2012,4,16
2012-04-22,272508,Sunday,U,,2012,4,16
2012-04-23,609899,Monday,W,,2012,4,17
2012-04-24,618840,Tuesday,W,,2012,4,17
2012-04-25,610814,Wednesday,W,,2012,4,17
2012-04-26,626943,Thursday,W,,2012,4,17
2012-04-27,614704,Friday,W,,2012,4,17
2012-04-28,345251,Saturday,A,,2012,4,17
2012-04-29,263844,Sunday,U,,2012,4,17
2012-04-30,580184,Monday,W,,2012,4,18
2012-05-01,610619,Tuesday,W,,2012,5,18
2012-05-02,619971,Wednesday,W,,2012,5,18
2012-05-03,629897,Thursday,W,,2012,5,18
2012-05-04,639337,Friday,W,,2012,5,18
2012-05-05,401078,Saturday,A,,2012,5,18
2012-05-06,277595,Sunday,U,,2012,5,18
2012-05-07,601051,Monday,W,,2012,5,19
2012-05-08,626329,Tuesday,W,,2012,5,19
2012-05-09,618027,Wednesday,W,,2012,5,19
2012-05-10,611184,Thursday,W,,2012,5,19
2012-05-11,612379,Friday,W,,2012,5,19
2012-05-12,344379,Saturday,A,,2012,5,19
2012-05-13,259908,Sunday,U,,2012,5,19
2012-05-14,575386,Monday,W,,2012,5,20
2012-05-15,592385,Tuesday,W,,2012,5,20
2012-05-16,603290,Wednesday,W,,2012,5,20
2012-05-17,613517,Thursday,W,,2012,5,20
2012-05-18,570262,Friday,W,,2012,5,20
2012-05-19,375266,Saturday,A,,2012,5,20
2012-05-20,303067,Sunday,U,,2012,5,20
2012-05-21,466913,Monday,W,,2012,5,21
2012-05-22,592990,Tuesday,W,,2012,5,21
2012-05-23,607037,Wednesday,W,,2012,5,21
2012-05-24,621193,Thursday,W,,2012,5,21
2012-05-25,604859,Friday,W,,2012,5,21
2012-05-26,378092,Saturday,A,,2012,5,21
2012-05-27,317812,Sunday,U,,2012,5,21
2012-05-28,293444,Monday,U,Memorial Day,2012,5,22
2012-05-29,590852,Tuesday,W,,2012,5,22
2012-05-30,610356,Wednesday,W,,2012,5,22
2012-05-31,587084,Thursday,W,,2012,5,22
2012-06-01,614960,Friday,W,,2012,6,22
2012-06-02,393246,Saturday,A,,2012,6,22
2012-06-03,287459,Sunday,U,,2012,6,22
2012-06-04,594653,Monday,W,,2012,6,23
2012-06-05,614174,Tuesday,W,,2012,6,23
2012-06-06,617142,Wednesday,W,,2012,6,23
2012-06-07,629769,Thursday,W,,2012,6,23
2012-06-08,657529,Friday,W,,2012,6,23
2012-06-09,457537,Saturday,A,,2012,6,23
2012-06-10,328553,Sunday,U,,2012,6,23
2012-06-11,595208,Monday,W,,2012,6,24
2012-06-12,633082,Tuesday,W,,2012,6,24
2012-06-13,637579,Wednesday,W,,2012,6,24
2012-06-14,641582,Thursday,W,,2012,6,24
2012-06-15,658090,Friday,W,,2012,6,24
2012-06-16,412392,Saturday,A,,2012,6,24
2012-06-17,302390,Sunday,U,,2012,6,24
2012-06-18,582192,Monday,W,,2012,6,25
2012-06-19,594593,Tuesday,W,,2012,6,25
2012-06-20,608804,Wednesday,W,,2012,6,25
2012-06-21,596302,Thursday,W,,2012,6,25
2012-06-22,618377,Friday,W,,2012,6,25
2012-06-23,395210,Saturday,A,,2012,6,25
2012-06-24,430620,Sunday,U,,2012,6,25
2012-06-25,594241,Monday,W,,2012,6,26
2012-06-26,611425,Tuesday,W,,2012,6,26
2012-06-27,615435,Wednesday,W,,2012,6,26
2012-06-28,575048,Thursday,W,,2012,6,26
2012-06-29,601531,Friday,W,,2012,6,26
2012-06-30,389550,Saturday,A,,2012,6,26
2012-07-01,284172,Sunday,U,,2012,7,26
2012-07-02,556424,Monday,W,,2012,7,27
2012-07-03,584174,Tuesday,W,,2012,7,27
2012-07-04,311621,Wednesday,U,Independence Day,2012,7,27
2012-07-05,516656,Thursday,W,,2012,7,27
2012-07-06,536028,Friday,W,,2012,7,27
2012-07-07,355892,Saturday,A,,2012,7,27
2012-07-08,277198,Sunday,U,,2012,7,27
2012-07-09,573534,Monday,W,,2012,7,28
2012-07-10,587000,Tuesday,W,,2012,7,28
2012-07-11,617946,Wednesday,W,,2012,7,28
2012-07-12,632768,Thursday,W,,2012,7,28
2012-07-13,642511,Friday,W,,2012,7,28
2012-07-14,436202,Saturday,A,,2012,7,28
2012-07-15,352662,Sunday,U,,2012,7,28
2012-07-16,578922,Monday,W,,2012,7,29
2012-07-17,593729,Tuesday,W,,2012,7,29
2012-07-18,606673,Wednesday,W,,2012,7,29
2012-07-19,606635,Thursday,W,,2012,7,29
2012-07-20,602749,Friday,W,,2012,7,29
2012-07-21,377913,Saturday,A,,2012,7,29
2012-07-22,286580,Sunday,U,,2012,7,29
2012-07-23,572188,Monday,W,,2012,7,30
2012-07-24,576777,Tuesday,W,,2012,7,30
2012-07-25,595790,Wednesday,W,,2012,7,30
2012-07-26,592158,Thursday,W,,2012,7,30
2012-07-27,624056,Friday,W,,2012,7,30
2012-07-28,418341,Saturday,A,,2012,7,30
2012-07-29,303910,Sunday,U,,2012,7,30
2012-07-30,580123,Monday,W,,2012,7,31
2012-07-31,592006,Tuesday,W,,2012,7,31
2012-08-01,613992,Wednesday,W,,2012,8,31
2012-08-02,605851,Thursday,W,,2012,8,31
2012-08-03,681469,Friday,W,,2012,8,31
2012-08-04,437314,Saturday,A,,2012,8,31
2012-08-05,369036,Sunday,U,,2012,8,31
2012-08-06,590459,Monday,W,,2012,8,32
2012-08-07,584480,Tuesday,W,,2012,8,32
2012-08-08,587766,Wednesday,W,,2012,8,32
2012-08-09,603032,Thursday,W,,2012,8,32
2012-08-10,627121,Friday,W,,2012,8,32
2012-08-11,424883,Saturday,A,,2012,8,32
2012-08-12,316337,Sunday,U,,2012,8,32
2012-08-13,555829,Monday,W,,2012,8,33
2012-08-14,591931,Tuesday,W,,2012,8,33
2012-08-15,605890,Wednesday,W,,2012,8,33
2012-08-16,567036,Thursday,W,,2012,8,33
2012-08-17,603884,Friday,W,,2012,8,33
2012-08-18,415565,Saturday,A,,2012,8,33
2012-08-19,309934,Sunday,U,,2012,8,33
2012-08-20,570903,Monday,W,,2012,8,34
2012-08-21,596546,Tuesday,W,,2012,8,34
2012-08-22,609607,Wednesday,W,,2012,8,34
2012-08-23,600869,Thursday,W,,2012,8,34
2012-08-24,623295,Friday,W,,2012,8,34
2012-08-25,404103,Saturday,A,,2012,8,34
2012-08-26,265147,Sunday,U,,2012,8,34
2012-08-27,602041,Monday,W,,2012,8,35
2012-08-28,619108,Tuesday,W,,2012,8,35
2012-08-29,622806,Wednesday,W,,2012,8,35
2012-08-30,629857,Thursday,W,,2012,8,35
2012-08-31,647785,Friday,W,,2012,8,35
2012-09-01,399317,Saturday,A,,2012,9,35
2012-09-02,345352,Sunday,U,,2012,9,35
2012-09-03,297533,Monday,U,Labor Day,2012,9,36
2012-09-04,625223,Tuesday,W,,2012,9,36
2012-09-05,643252,Wednesday,W,,2012,9,36
2012-09-06,649955,Thursday,W,,2012,9,36
2012-09-07,659474,Friday,W,,2012,9,36
2012-09-08,438998,Saturday,A,,2012,9,36
2012-09-09,300740,Sunday,U,,2012,9,36
2012-09-10,649824,Monday,W,,2012,9,37
2012-09-11,652009,Tuesday,W,,2012,9,37
2012-09-12,648480,Wednesday,W,,2012,9,37
2012-09-13,654945,Thursday,W,,2012,9,37
2012-09-14,651530,Friday,W,,2012,9,37
2012-09-15,426958,Saturday,A,,2012,9,37
2012-09-16,299842,Sunday,U,,2012,9,37
2012-09-17,618688,Monday,W,,2012,9,38
2012-09-18,639626,Tuesday,W,,2012,9,38
2012-09-19,665101,Wednesday,W,,2012,9,38
2012-09-20,672437,Thursday,W,,2012,9,38
2012-09-21,664577,Friday,W,,2012,9,38
2012-09-22,406249,Saturday,A,,2012,9,38
2012-09-23,302822,Sunday,U,,2012,9,38
2012-09-24,642200,Monday,W,,2012,9,39
2012-09-25,650362,Tuesday,W,,2012,9,39
2012-09-26,649467,Wednesday,W,,2012,9,39
2012-09-27,669296,Thursday,W,,2012,9,39
2012-09-28,663307,Friday,W,,2012,9,39
2012-09-29,410746,Saturday,A,,2012,9,39
2012-09-30,289596,Sunday,U,,2012,9,39
2012-10-01,646885,Monday,W,,2012,10,40
2012-10-02,666346,Tuesday,W,,2012,10,40
2012-10-03,669440,Wednesday,W,,2012,10,40
2012-10-04,668938,Thursday,W,,2012,10,40
2012-10-05,667500,Friday,W,,2012,10,40
2012-10-06,418754,Saturday,A,,2012,10,40
2012-10-07,416813,Sunday,U,,2012,10,40
2012-10-08,588838,Monday,W,,2012,10,41
2012-10-09,656984,Tuesday,W,,2012,10,41
2012-10-10,659087,Wednesday,W,,2012,10,41
2012-10-11,666599,Thursday,W,,2012,10,41
2012-10-12,657672,Friday,W,,2012,10,41
2012-10-13,358353,Saturday,A,,2012,10,41
2012-10-14,266431,Sunday,U,,2012,10,41
2012-10-15,641553,Monday,W,,2012,10,42
2012-10-16,654825,Tuesday,W,,2012,10,42
2012-10-17,654191,Wednesday,W,,2012,10,42
2012-10-18,666212,Thursday,W,,2012,10,42
2012-10-19,662140,Friday,W,,2012,10,42
2012-10-20,410757,Saturday,A,,2012,10,42
2012-10-21,288376,Sunday,U,,2012,10,42
2012-10-22,635032,Monday,W,,2012,10,43
2012-10-23,647711,Tuesday,W,,2012,10,43
2012-10-24,664617,Wednesday,W,,2012,10,43
2012-10-25,658908,Thursday,W,,2012,10,43
2012-10-26,657858,Friday,W,,2012,10,43
2012-10-27,393423,Saturday,A,,2012,10,43
2012-10-28,277845,Sunday,U,,2012,10,43
2012-10-29,626848,Monday,W,,2012,10,44
2012-10-30,631745,Tuesday,W,,2012,10,44
2012-10-31,644908,Wednesday,W,,2012,10,44
2012-11-01,654018,Thursday,W,,2012,11,44
2012-11-02,652673,Friday,W,,2012,11,44
2012-11-03,375848,Saturday,A,,2012,11,44
2012-11-04,283571,Sunday,U,,2012,11,44
2012-11-05,630713,Monday,W,,2012,11,45
2012-11-06,632593,Tuesday,W,,2012,11,45
2012-11-07,643572,Wednesday,W,,2012,11,45
2012-11-08,652722,Thursday,W,,2012,11,45
2012-11-09,657151,Friday,W,,2012,11,45
2012-11-10,383408,Saturday,A,,2012,11,45
2012-11-11,288183,Sunday,U,,2012,11,45
2012-11-12,548533,Monday,W,,2012,11,46
2012-11-13,626541,Tuesday,W,,2012,11,46
2012-11-14,637944,Wednesday,W,,2012,11,46
2012-11-15,647146,Thursday,W,,2012,11,46
2012-11-16,651041,Friday,W,,2012,11,46
2012-11-17,460962,Saturday,A,,2012,11,46
2012-11-18,274886,Sunday,U,,2012,11,46
2012-11-19,624408,Monday,W,,2012,11,47
2012-11-20,635887,Tuesday,W,,2012,11,47
2012-11-21,580614,Wednesday,W,,2012,11,47
2012-11-22,208943,Thursday,U,Thanksgiving Day,2012,11,47
2012-11-23,340063,Friday,W,,2012,11,47
2012-11-24,306837,Saturday,A,,2012,11,47
2012-11-25,248411,Sunday,U,,2012,11,47
2012-11-26,590238,Monday,W,,2012,11,48
2012-11-27,604559,Tuesday,W,,2012,11,48
2012-11-28,617317,Wednesday,W,,2012,11,48
2012-11-29,618774,Thursday,W,,2012,11,48
2012-11-30,638769,Friday,W,,2012,11,48
2012-12-01,401969,Saturday,A,,2012,12,48
2012-12-02,288010,Sunday,U,,2012,12,48
2012-12-03,611531,Monday,W,,2012,12,49
2012-12-04,615819,Tuesday,W,,2012,12,49
2012-12-05,621716,Wednesday,W,,2012,12,49
2012-12-06,618902,Thursday,W,,2012,12,49
2012-12-07,630071,Friday,W,,2012,12,49
2012-12-08,381604,Saturday,A,,2012,12,49
2012-12-09,242572,Sunday,U,,2012,12,49
2012-12-10,568569,Monday,W,,2012,12,50
2012-12-11,585831,Tuesday,W,,2012,12,50
2012-12-12,593754,Wednesday,W,,2012,12,50
2012-12-13,599341,Thursday,W,,2012,12,50
2012-12-14,617413,Friday,W,,2012,12,50
2012-12-15,347181,Saturday,A,,2012,12,50
2012-12-16,274738,Sunday,U,,2012,12,50
2012-12-17,563212,Monday,W,,2012,12,51
2012-12-18,571466,Tuesday,W,,2012,12,51
2012-12-19,569964,Wednesday,W,,2012,12,51
2012-12-20,543923,Thursday,W,,2012,12,51
2012-12-21,522501,Friday,W,,2012,12,51
2012-12-22,306030,Saturday,A,,2012,12,51
2012-12-23,231736,Sunday,U,,2012,12,51
2012-12-24,258020,Monday,W,,2012,12,52
2012-12-25,117664,Tuesday,U,Christmas Day,2012,12,52
2012-12-26,353081,Wednesday,W,,2012,12,52
2012-12-27,423945,Thursday,W,,2012,12,52
2012-12-28,450047,Friday,W,,2012,12,52
2012-12-29,294752,Saturday,A,,2012,12,52
2012-12-30,239511,Sunday,U,,2012,12,52
2012-12-31,404480,Monday,W,,2012,12,1
2013-01-01,226766,Tuesday,U,New Year's Day,2013,1,1
2013-01-02,471360,Wednesday,W,,2013,1,1
2013-01-03,512339,Thursday,W,,2013,1,1
2013-01-04,524977,Friday,W,,2013,1,1
2013-01-05,290231,Saturday,A,,2013,1,1
2013-01-06,217561,Sunday,U,,2013,1,1
2013-01-07,555217,Monday,W,,2013,1,2
2013-01-08,567825,Tuesday,W,,2013,1,2
2013-01-09,576680,Wednesday,W,,2013,1,2
2013-01-10,573097,Thursday,W,,2013,1,2
2013-01-11,585704,Friday,W,,2013,1,2
2013-01-12,328225,Saturday,A,,2013,1,2
2013-01-13,218742,Sunday,U,,2013,1,2
2013-01-14,579968,Monday,W,,2013,1,3
2013-01-15,597733,Tuesday,W,,2013,1,3
2013-01-16,599858,Wednesday,W,,2013,1,3
2013-01-17,603822,Thursday,W,,2013,1,3
2013-01-18,596135,Friday,W,,2013,1,3
2013-01-19,340264,Saturday,A,,2013,1,3
2013-01-20,226514,Sunday,U,,2013,1,3
2013-01-21,348766,Monday,W,,2013,1,4
2013-01-22,540905,Tuesday,W,,2013,1,4
2013-01-23,576189,Wednesday,W,,2013,1,4
2013-01-24,585562,Thursday,W,,2013,1,4
2013-01-25,584928,Friday,W,,2013,1,4
2013-01-26,320492,Saturday,A,,2013,1,4
2013-01-27,214979,Sunday,U,,2013,1,4
2013-01-28,593672,Monday,W,,2013,1,5
2013-01-29,602007,Tuesday,W,,2013,1,5
2013-01-30,607337,Wednesday,W,,2013,1,5
2013-01-31,589849,Thursday,W,,2013,1,5
2013-02-01,544076,Friday,W,,2013,2,5
2013-02-02,305335,Saturday,A,,2013,2,5
2013-02-03,220762,Sunday,U,,2013,2,5
2013-02-04,586127,Monday,W,,2013,2,6
2013-02-05,604505,Tuesday,W,,2013,2,6
2013-02-06,610111,Wednesday,W,,2013,2,6
2013-02-07,612819,Thursday,W,,2013,2,6
2013-02-08,596466,Friday,W,,2013,2,6
2013-02-09,343733,Saturday,A,,2013,2,6
2013-02-10,226676,Sunday,U,,2013,2,6
2013-02-11,584017,Monday,W,,2013,2,7
2013-02-12,566705,Tuesday,W,,2013,2,7
2013-02-13,621818,Wednesday,W,,2013,2,7
2013-02-14,625145,Thursday,W,,2013,2,7
2013-02-15,603276,Friday,W,,2013,2,7
2013-02-16,333123,Saturday,A,,2013,2,7
2013-02-17,258809,Sunday,U,,2013,2,7
2013-02-18,467543,Monday,W,,2013,2,8
2013-02-19,584770,Tuesday,W,,2013,2,8
2013-02-20,593938,Wednesday,W,,2013,2,8
2013-02-21,608913,Thursday,W,,2013,2,8
2013-02-22,590987,Friday,W,,2013,2,8
2013-02-23,325116,Saturday,A,,2013,2,8
2013-02-24,228469,Sunday,U,,2013,2,8
2013-02-25,592018,Monday,W,,2013,2,9
2013-02-26,583455,Tuesday,W,,2013,2,9
2013-02-27,604114,Wednesday,W,,2013,2,9
2013-02-28,611016,Thursday,W,,2013,2,9
2013-03-01,599748,Friday,W,,2013,3,9
2013-03-02,330233,Saturday,A,,2013,3,9
2013-03-03,237422,Sunday,U,,2013,3,9
2013-03-04,565036,Monday,W,,2013,3,10
2013-03-05,546738,Tuesday,W,,2013,3,10
2013-03-06,581181,Wednesday,W,,2013,3,10
2013-03-07,598206,Thursday,W,,2013,3,10
2013-03-08,591271,Friday,W,,2013,3,10
2013-03-09,327641,Saturday,A,,2013,3,10
2013-03-10,233630,Sunday,U,,2013,3,10
2013-03-11,589411,Monday,W,,2013,3,11
2013-03-12,610087,Tuesday,W,,2013,3,11
2013-03-13,618105,Wednesday,W,,2013,3,11
2013-03-14,623763,Thursday,W,,2013,3,11
2013-03-15,637083,Friday,W,,2013,3,11
2013-03-16,494513,Saturday,A,,2013,3,11
2013-03-17,276858,Sunday,U,,2013,3,11
2013-03-18,590923,Monday,W,,2013,3,12
2013-03-19,597507,Tuesday,W,,2013,3,12
2013-03-20,595587,Wednesday,W,,2013,3,12
2013-03-21,602651,Thursday,W,,2013,3,12
2013-03-22,595425,Friday,W,,2013,3,12
2013-03-23,344421,Saturday,A,,2013,3,12
2013-03-24,236363,Sunday,U,,2013,3,12
2013-03-25,520279,Monday,W,,2013,3,13
2013-03-26,540922,Tuesday,W,,2013,3,13
2013-03-27,553426,Wednesday,W,,2013,3,13
2013-03-28,561062,Thursday,W,,2013,3,13
2013-03-29,513278,Friday,W,,2013,3,13
2013-03-30,320547,Saturday,A,,2013,3,13
2013-03-31,218636,Sunday,U,,2013,3,13
2013-04-01,584006,Monday,W,,2013,4,14
2013-04-02,600895,Tuesday,W,,2013,4,14
2013-04-03,615340,Wednesday,W,,2013,4,14
2013-04-04,626100,Thursday,W,,2013,4,14
2013-04-05,615977,Friday,W,,2013,4,14
2013-04-06,371763,Saturday,A,,2013,4,14
2013-04-07,292212,Sunday,U,,2013,4,14
2013-04-08,608266,Monday,W,,2013,4,15
2013-04-09,610974,Tuesday,W,,2013,4,15
2013-04-10,591793,Wednesday,W,,2013,4,15
2013-04-11,620711,Thursday,W,,2013,4,15
2013-04-12,621513,Friday,W,,2013,4,15
2013-04-13,374288,Saturday,A,,2013,4,15
2013-04-14,287735,Sunday,U,,2013,4,15
2013-04-15,592178,Monday,W,,2013,4,16
2013-04-16,621396,Tuesday,W,,2013,4,16
2013-04-17,586872,Wednesday,W,,2013,4,16
2013-04-18,572239,Thursday,W,,2013,4,16
2013-04-19,592667,Friday,W,,2013,4,16
2013-04-20,362576,Saturday,A,,2013,4,16
2013-04-21,256652,Sunday,U,,2013,4,16
2013-04-22,603372,Monday,W,,2013,4,17
2013-04-23,590389,Tuesday,W,,2013,4,17
2013-04-24,607332,Wednesday,W,,2013,4,17
2013-04-25,623062,Thursday,W,,2013,4,17
2013-04-26,619195,Friday,W,,2013,4,17
2013-04-27,372785,Saturday,A,,2013,4,17
2013-04-28,262372,Sunday,U,,2013,4,17
2013-04-29,591924,Monday,W,,2013,4,18
2013-04-30,609335,Tuesday,W,,2013,4,18
2013-05-01,621250,Wednesday,W,,2013,5,18
2013-05-02,612762,Thursday,W,,2013,5,18
2013-05-03,595145,Friday,W,,2013,5,18
2013-05-04,374536,Saturday,A,,2013,5,18
2013-05-05,279654,Sunday,U,,2013,5,18
2013-05-06,594415,Monday,W,,2013,5,19
2013-05-07,617596,Tuesday,W,,2013,5,19
2013-05-08,627031,Wednesday,W,,2013,5,19
2013-05-09,588010,Thursday,W,,2013,5,19
2013-05-10,591072,Friday,W,,2013,5,19
2013-05-11,350943,Saturday,A,,2013,5,19
2013-05-12,250609,Sunday,U,,2013,5,19
2013-05-13,580918,Monday,W,,2013,5,20
2013-05-14,611194,Tuesday,W,,2013,5,20
2013-05-15,618076,Wednesday,W,,2013,5,20
2013-05-16,607792,Thursday,W,,2013,5,20
2013-05-17,617083,Friday,W,,2013,5,20
2013-05-18,397062,Saturday,A,,2013,5,20
2013-05-19,290536,Sunday,U,,2013,5,20
2013-05-20,554952,Monday,W,,2013,5,21
2013-05-21,561662,Tuesday,W,,2013,5,21
2013-05-22,560291,Wednesday,W,,2013,5,21
2013-05-23,565198,Thursday,W,,2013,5,21
2013-05-24,551299,Friday,W,,2013,5,21
2013-05-25,297526,Saturday,A,,2013,5,21
2013-05-26,268747,Sunday,U,,2013,5,21
2013-05-27,228541,Monday,U,Memorial Day,2013,5,22
2013-05-28,547872,Tuesday,W,,2013,5,22
2013-05-29,582859,Wednesday,W,,2013,5,22
2013-05-30,584729,Thursday,W,,2013,5,22
2013-05-31,586052,Friday,W,,2013,5,22
2013-06-01,350469,Saturday,A,,2013,6,22
2013-06-02,260463,Sunday,U,,2013,6,22
2013-06-03,570128,Monday,W,,2013,6,23
2013-06-04,577297,Tuesday,W,,2013,6,23
2013-06-05,577971,Wednesday,W,,2013,6,23
2013-06-06,594098,Thursday,W,,2013,6,23
2013-06-07,619163,Friday,W,,2013,6,23
2013-06-08,423100,Saturday,A,,2013,6,23
2013-06-09,307311,Sunday,U,,2013,6,23
2013-06-10,589470,Monday,W,,2013,6,24
2013-06-11,606763,Tuesday,W,,2013,6,24
2013-06-12,579497,Wednesday,W,,2013,6,24
2013-06-13,614286,Thursday,W,,2013,6,24
2013-06-14,602996,Friday,W,,2013,6,24
2013-06-15,356705,Saturday,A,,2013,6,24
2013-06-16,288343,Sunday,U,,2013,6,24
2013-06-17,558557,Monday,W,,2013,6,25
2013-06-18,565303,Tuesday,W,,2013,6,25
2013-06-19,578939,Wednesday,W,,2013,6,25
2013-06-20,583812,Thursday,W,,2013,6,25
2013-06-21,584469,Friday,W,,2013,6,25
2013-06-22,384780,Saturday,A,,2013,6,25
2013-06-23,307763,Sunday,U,,2013,6,25
2013-06-24,564091,Monday,W,,2013,6,26
2013-06-25,560064,Tuesday,W,,2013,6,26
2013-06-26,556960,Wednesday,W,,2013,6,26
2013-06-27,582898,Thursday,W,,2013,6,26
2013-06-28,721366,Friday,W,,2013,6,26
2013-06-29,365030,Saturday,A,,2013,6,26
2013-06-30,424208,Sunday,U,,2013,6,26
2013-07-01,558678,Monday,W,,2013,7,27
2013-07-02,556006,Tuesday,W,,2013,7,27
2013-07-03,568677,Wednesday,W,,2013,7,27
2013-07-04,331197,Thursday,U,Independence Day,2013,7,27
2013-07-05,485963,Friday,W,,2013,7,27
2013-07-06,374099,Saturday,A,,2013,7,27
2013-07-07,288405,Sunday,U,,2013,7,27
2013-07-08,544945,Monday,W,,2013,7,28
2013-07-09,581313,Tuesday,W,,2013,7,28
2013-07-10,619985,Wednesday,W,,2013,7,28
2013-07-11,645865,Thursday,W,,2013,7,28
2013-07-12,658161,Friday,W,,2013,7,28
2013-07-13,456685,Saturday,A,,2013,7,28
2013-07-14,336225,Sunday,U,,2013,7,28
2013-07-15,560565,Monday,W,,2013,7,29
2013-07-16,570687,Tuesday,W,,2013,7,29
2013-07-17,579786,Wednesday,W,,2013,7,29
2013-07-18,590655,Thursday,W,,2013,7,29
2013-07-19,636232,Friday,W,,2013,7,29
2013-07-20,441366,Saturday,A,,2013,7,29
2013-07-21,333989,Sunday,U,,2013,7,29
2013-07-22,582022,Monday,W,,2013,7,30
2013-07-23,590747,Tuesday,W,,2013,7,30
2013-07-24,584769,Wednesday,W,,2013,7,30
2013-07-25,587072,Thursday,W,,2013,7,30
2013-07-26,564809,Friday,W,,2013,7,30
2013-07-27,372700,Saturday,A,,2013,7,30
2013-07-28,301875,Sunday,U,,2013,7,30
2013-07-29,568780,Monday,W,,2013,7,31
2013-07-30,585285,Tuesday,W,,2013,7,31
2013-07-31,580250,Wednesday,W,,2013,7,31
2013-08-01,620952,Thursday,W,,2013,8,31
2013-08-02,654607,Friday,W,,2013,8,31
2013-08-03,465513,Saturday,A,,2013,8,31
2013-08-04,375542,Sunday,U,,2013,8,31
2013-08-05,567237,Monday,W,,2013,8,32
2013-08-06,575304,Tuesday,W,,2013,8,32
2013-08-07,572091,Wednesday,W,,2013,8,32
2013-08-08,577868,Thursday,W,,2013,8,32
2013-08-09,585221,Friday,W,,2013,8,32
2013-08-10,399359,Saturday,A,,2013,8,32
2013-08-11,296622,Sunday,U,,2013,8,32
2013-08-12,563813,Monday,W,,2013,8,33
2013-08-13,586384,Tuesday,W,,2013,8,33
2013-08-14,590723,Wednesday,W,,2013,8,33
2013-08-15,580696,Thursday,W,,2013,8,33
2013-08-16,601054,Friday,W,,2013,8,33
2013-08-17,409898,Saturday,A,,2013,8,33
2013-08-18,311824,Sunday,U,,2013,8,33
2013-08-19,552390,Monday,W,,2013,8,34
2013-08-20,575018,Tuesday,W,,2013,8,34
2013-08-21,578675,Wednesday,W,,2013,8,34
2013-08-22,573325,Thursday,W,,2013,8,34
2013-08-23,588348,Friday,W,,2013,8,34
2013-08-24,376277,Saturday,A,,2013,8,34
2013-08-25,286484,Sunday,U,,2013,8,34
2013-08-26,571848,Monday,W,,2013,8,35
2013-08-27,592468,Tuesday,W,,2013,8,35
2013-08-28,600808,Wednesday,W,,2013,8,35
2013-08-29,622933,Thursday,W,,2013,8,35
2013-08-30,607747,Friday,W,,2013,8,35
2013-08-31,373407,Saturday,A,,2013,8,35
2013-09-01,337051,Sunday,U,,2013,9,35
2013-09-02,274210,Monday,U,Labor Day,2013,9,36
2013-09-03,609872,Tuesday,W,,2013,9,36
2013-09-04,616873,Wednesday,W,,2013,9,36
2013-09-05,610696,Thursday,W,,2013,9,36
2013-09-06,630934,Friday,W,,2013,9,36
2013-09-07,398912,Saturday,A,,2013,9,36
2013-09-08,295781,Sunday,U,,2013,9,36
2013-09-09,603193,Monday,W,,2013,9,37
2013-09-10,612381,Tuesday,W,,2013,9,37
2013-09-11,630469,Wednesday,W,,2013,9,37
2013-09-12,653290,Thursday,W,,2013,9,37
2013-09-13,645499,Friday,W,,2013,9,37
2013-09-14,396945,Saturday,A,,2013,9,37
2013-09-15,275357,Sunday,U,,2013,9,37
2013-09-16,624374,Monday,W,,2013,9,38
2013-09-17,634179,Tuesday,W,,2013,9,38
2013-09-18,630078,Wednesday,W,,2013,9,38
2013-09-19,636563,Thursday,W,,2013,9,38
2013-09-20,643512,Friday,W,,2013,9,38
2013-09-21,413885,Saturday,A,,2013,9,38
2013-09-22,293491,Sunday,U,,2013,9,38
2013-09-23,629149,Monday,W,,2013,9,39
2013-09-24,649280,Tuesday,W,,2013,9,39
2013-09-25,653429,Wednesday,W,,2013,9,39
2013-09-26,655579,Thursday,W,,2013,9,39
2013-09-27,643171,Friday,W,,2013,9,39
2013-09-28,399288,Saturday,A,,2013,9,39
2013-09-29,286919,Sunday,U,,2013,9,39
2013-09-30,616678,Monday,W,,2013,9,40
2013-10-01,627685,Tuesday,W,,2013,10,40
2013-10-02,636907,Wednesday,W,,2013,10,40
2013-10-03,640916,Thursday,W,,2013,10,40
2013-10-04,630605,Friday,W,,2013,10,40
2013-10-05,366413,Saturday,A,,2013,10,40
2013-10-06,285185,Sunday,U,,2013,10,40
2013-10-07,618261,Monday,W,,2013,10,41
2013-10-08,629863,Tuesday,W,,2013,10,41
2013-10-09,639595,Wednesday,W,,2013,10,41
2013-10-10,663737,Thursday,W,,2013,10,41
2013-10-11,654257,Friday,W,,2013,10,41
2013-10-12,398483,Saturday,A,,2013,10,41
2013-10-13,429307,Sunday,U,,2013,10,41
2013-10-14,560105,Monday,W,,2013,10,42
2013-10-15,631584,Tuesday,W,,2013,10,42
2013-10-16,643331,Wednesday,W,,2013,10,42
2013-10-17,651693,Thursday,W,,2013,10,42
2013-10-18,648135,Friday,W,,2013,10,42
2013-10-19,399749,Saturday,A,,2013,10,42
2013-10-20,298500,Sunday,U,,2013,10,42
2013-10-21,642821,Monday,W,,2013,10,43
2013-10-22,648638,Tuesday,W,,2013,10,43
2013-10-23,658234,Wednesday,W,,2013,10,43
2013-10-24,669418,Thursday,W,,2013,10,43
2013-10-25,658589,Friday,W,,2013,10,43
2013-10-26,394427,Saturday,A,,2013,10,43
2013-10-27,281527,Sunday,U,,2013,10,43
2013-10-28,634991,Monday,W,,2013,10,44
2013-10-29,653158,Tuesday,W,,2013,10,44
2013-10-30,653330,Wednesday,W,,2013,10,44
2013-10-31,649524,Thursday,W,,2013,10,44
2013-11-01,640865,Friday,W,,2013,11,44
2013-11-02,385777,Saturday,A,,2013,11,44
2013-11-03,312502,Sunday,U,,2013,11,44
2013-11-04,644530,Monday,W,,2013,11,45
2013-11-05,650299,Tuesday,W,,2013,11,45
2013-11-06,647465,Wednesday,W,,2013,11,45
2013-11-07,664006,Thursday,W,,2013,11,45
2013-11-08,660727,Friday,W,,2013,11,45
2013-11-09,404907,Saturday,A,,2013,11,45
2013-11-10,301282,Sunday,U,,2013,11,45
2013-11-11,549105,Monday,W,,2013,11,46
2013-11-12,629943,Tuesday,W,,2013,11,46
2013-11-13,640467,Wednesday,W,,2013,11,46
2013-11-14,658946,Thursday,W,,2013,11,46
2013-11-15,656880,Friday,W,,2013,11,46
2013-11-16,391085,Saturday,A,,2013,11,46
2013-11-17,257097,Sunday,U,,2013,11,46
2013-11-18,633615,Monday,W,,2013,11,47
2013-11-19,646149,Tuesday,W,,2013,11,47
2013-11-20,644162,Wednesday,W,,2013,11,47
2013-11-21,653383,Thursday,W,,2013,11,47
2013-11-22,651971,Friday,W,,2013,11,47
2013-11-23,409932,Saturday,A,,2013,11,47
2013-11-24,253314,Sunday,U,,2013,11,47
2013-11-25,606955,Monday,W,,2013,11,48
2013-11-26,627844,Tuesday,W,,2013,11,48
2013-11-27,536172,Wednesday,W,,2013,11,48
2013-11-28,193406,Thursday,U,Thanksgiving Day,2013,11,48
2013-11-29,366990,Friday,W,,2013,11,48
2013-11-30,334630,Saturday,A,,2013,11,48
2013-12-01,253852,Sunday,U,,2013,12,48
2013-12-02,609424,Monday,W,,2013,12,49
2013-12-03,631037,Tuesday,W,,2013,12,49
2013-12-04,635683,Wednesday,W,,2013,12,49
2013-12-05,639631,Thursday,W,,2013,12,49
2013-12-06,626270,Friday,W,,2013,12,49
2013-12-07,365993,Saturday,A,,2013,12,49
2013-12-08,263181,Sunday,U,,2013,12,49
2013-12-09,609333,Monday,W,,2013,12,50
2013-12-10,593262,Tuesday,W,,2013,12,50
2013-12-11,601760,Wednesday,W,,2013,12,50
2013-12-12,590233,Thursday,W,,2013,12,50
2013-12-13,621653,Friday,W,,2013,12,50
2013-12-14,380799,Saturday,A,,2013,12,50
2013-12-15,258979,Sunday,U,,2013,12,50
2013-12-16,570288,Monday,W,,2013,12,51
2013-12-17,585532,Tuesday,W,,2013,12,51
2013-12-18,587985,Wednesday,W,,2013,12,51
2013-12-19,584325,Thursday,W,,2013,12,51
2013-12-20,577005,Friday,W,,2013,12,51
2013-12-21,338737,Saturday,A,,2013,12,51
2013-12-22,253479,Sunday,U,,2013,12,51
2013-12-23,445405,Monday,W,,2013,12,52
2013-12-24,279251,Tuesday,W,,2013,12,52
2013-12-25,118140,Wednesday,U,Christmas Day,2013,12,52
2013-12-26,358029,Thursday,W,,2013,12,52
2013-12-27,434481,Friday,W,,2013,12,52
2013-12-28,325524,Saturday,A,,2013,12,52
2013-12-29,238192,Sunday,U,,2013,12,52
2013-12-30,439544,Monday,W,,2013,12,1
2013-12-31,461910,Tuesday,W,,2013,12,1
2014-01-01,246710,Wednesday,U,New Year's Day,2014,1,1
2014-01-02,466392,Thursday,W,,2014,1,1
2014-01-03,490060,Friday,W,,2014,1,1
2014-01-04,290130,Saturday,A,,2014,1,1
2014-01-05,192745,Sunday,U,,2014,1,1
2014-01-06,220782,Monday,W,,2014,1,2
2014-01-07,383897,Tuesday,W,,2014,1,2
2014-01-08,563110,Wednesday,W,,2014,1,2
2014-01-09,595801,Thursday,W,,2014,1,2
2014-01-10,594514,Friday,W,,2014,1,2
2014-01-11,341084,Saturday,A,,2014,1,2
2014-01-12,254208,Sunday,U,,2014,1,2
2014-01-13,624438,Monday,W,,2014,1,3
2014-01-14,624068,Tuesday,W,,2014,1,3
2014-01-15,624093,Wednesday,W,,2014,1,3
2014-01-16,627358,Thursday,W,,2014,1,3
2014-01-17,608611,Friday,W,,2014,1,3
2014-01-18,336543,Saturday,A,,2014,1,3
2014-01-19,257155,Sunday,U,,2014,1,3
2014-01-20,411586,Monday,W,,2014,1,4
2014-01-21,601299,Tuesday,W,,2014,1,4
2014-01-22,603738,Wednesday,W,,2014,1,4
2014-01-23,586279,Thursday,W,,2014,1,4
2014-01-24,557202,Friday,W,,2014,1,4
2014-01-25,318595,Saturday,A,,2014,1,4
2014-01-26,228178,Sunday,U,,2014,1,4
2014-01-27,387012,Monday,W,,2014,1,5
2014-01-28,397974,Tuesday,W,,2014,1,5
2014-01-29,601039,Wednesday,W,,2014,1,5
2014-01-30,615530,Thursday,W,,2014,1,5
2014-01-31,617996,Friday,W,,2014,1,5
2014-02-01,329242,Saturday,A,,2014,2,5
2014-02-02,244853,Sunday,U,,2014,2,5
2014-02-03,598436,Monday,W,,2014,2,6
2014-02-04,623740,Tuesday,W,,2014,2,6
2014-02-05,618835,Wednesday,W,,2014,2,6
2014-02-06,618675,Thursday,W,,2014,2,6
2014-02-07,594859,Friday,W,,2014,2,6
2014-02-08,337880,Saturday,A,,2014,2,6
2014-02-09,246159,Sunday,U,,2014,2,6
2014-02-10,588296,Monday,W,,2014,2,7
2014-02-11,610408,Tuesday,W,,2014,2,7
2014-02-12,585408,Wednesday,W,,2014,2,7
2014-02-13,643702,Thursday,W,,2014,2,7
2014-02-14,638827,Friday,W,,2014,2,7
2014-02-15,363861,Saturday,A,,2014,2,7
2014-02-16,264928,Sunday,U,,2014,2,7
2014-02-17,487805,Monday,W,,2014,2,8
2014-02-18,637879,Tuesday,W,,2014,2,8
2014-02-19,643264,Wednesday,W,,2014,2,8
2014-02-20,623329,Thursday,W,,2014,2,8
2014-02-21,629359,Friday,W,,2014,2,8
2014-02-22,367389,Saturday,A,,2014,2,8
2014-02-23,257465,Sunday,U,,2014,2,8
2014-02-24,607297,Monday,W,,2014,2,9
2014-02-25,617819,Tuesday,W,,2014,2,9
2014-02-26,598070,Wednesday,W,,2014,2,9
2014-02-27,597622,Thursday,W,,2014,2,9
2014-02-28,612214,Friday,W,,2014,2,9
2014-03-01,361131,Saturday,A,,2014,3,9
2014-03-02,245753,Sunday,U,,2014,3,9
2014-03-03,582667,Monday,W,,2014,3,10
2014-03-04,625140,Tuesday,W,,2014,3,10
2014-03-05,631561,Wednesday,W,,2014,3,10
2014-03-06,636723,Thursday,W,,2014,3,10
2014-03-07,632089,Friday,W,,2014,3,10
2014-03-08,360475,Saturday,A,,2014,3,10
2014-03-09,264826,Sunday,U,,2014,3,10
2014-03-10,629807,Monday,W,,2014,3,11
2014-03-11,634365,Tuesday,W,,2014,3,11
2014-03-12,613266,Wednesday,W,,2014,3,11
2014-03-13,644822,Thursday,W,,2014,3,11
2014-03-14,672679,Friday,W,,2014,3,11
2014-03-15,543789,Saturday,A,,2014,3,11
2014-03-16,282150,Sunday,U,,2014,3,11
2014-03-17,626963,Monday,W,,2014,3,12
2014-03-18,642826,Tuesday,W,,2014,3,12
2014-03-19,630330,Wednesday,W,,2014,3,12
2014-03-20,645612,Thursday,W,,2014,3,12
2014-03-21,639812,Friday,W,,2014,3,12
2014-03-22,364369,Saturday,A,,2014,3,12
2014-03-23,254385,Sunday,U,,2014,3,12
2014-03-24,580209,Monday,W,,2014,3,13
2014-03-25,590626,Tuesday,W,,2014,3,13
2014-03-26,602720,Wednesday,W,,2014,3,13
2014-03-27,596017,Thursday,W,,2014,3,13
2014-03-28,601206,Friday,W,,2014,3,13
2014-03-29,353516,Saturday,A,,2014,3,13
2014-03-30,306156,Sunday,U,,2014,3,13
2014-03-31,625759,Monday,W,,2014,3,14
2014-04-01,630615,Tuesday,W,,2014,4,14
2014-04-02,640201,Wednesday,W,,2014,4,14
2014-04-03,625118,Thursday,W,,2014,4,14
2014-04-04,658522,Friday,W,,2014,4,14
2014-04-05,428626,Saturday,A,,2014,4,14
2014-04-06,305394,Sunday,U,,2014,4,14
2014-04-07,614760,Monday,W,,2014,4,15
2014-04-08,631369,Tuesday,W,,2014,4,15
2014-04-09,657329,Wednesday,W,,2014,4,15
2014-04-10,658031,Thursday,W,,2014,4,15
2014-04-11,655598,Friday,W,,2014,4,15
2014-04-12,422869,Saturday,A,,2014,4,15
2014-04-13,270350,Sunday,U,,2014,4,15
2014-04-14,569606,Monday,W,,2014,4,16
2014-04-15,599597,Tuesday,W,,2014,4,16
2014-04-16,618621,Wednesday,W,,2014,4,16
2014-04-17,629202,Thursday,W,,2014,4,16
2014-04-18,581328,Friday,W,,2014,4,16
2014-04-19,383980,Saturday,A,,2014,4,16
2014-04-20,272425,Sunday,U,,2014,4,16
2014-04-21,605448,Monday,W,,2014,4,17
2014-04-22,648647,Tuesday,W,,2014,4,17
2014-04-23,647779,Wednesday,W,,2014,4,17
2014-04-24,648523,Thursday,W,,2014,4,17
2014-04-25,651344,Friday,W,,2014,4,17
2014-04-26,402874,Saturday,A,,2014,4,17
2014-04-27,281514,Sunday,U,,2014,4,17
2014-04-28,600142,Monday,W,,2014,4,18
2014-04-29,628984,Tuesday,W,,2014,4,18
2014-04-30,630319,Wednesday,W,,2014,4,18
2014-05-01,647600,Thursday,W,,2014,5,18
2014-05-02,652765,Friday,W,,2014,5,18
2014-05-03,411806,Saturday,A,,2014,5,18
2014-05-04,288271,Sunday,U,,2014,5,18
2014-05-05,632247,Monday,W,,2014,5,19
2014-05-06,644534,Tuesday,W,,2014,5,19
2014-05-07,635663,Wednesday,W,,2014,5,19
2014-05-08,652716,Thursday,W,,2014,5,19
2014-05-09,626631,Friday,W,,2014,5,19
2014-05-10,377104,Saturday,A,,2014,5,19
2014-05-11,259680,Sunday,U,,2014,5,19
2014-05-12,584376,Monday,W,,2014,5,20
2014-05-13,604217,Tuesday,W,,2014,5,20
2014-05-14,615833,Wednesday,W,,2014,5,20
2014-05-15,617399,Thursday,W,,2014,5,20
2014-05-16,627776,Friday,W,,2014,5,20
2014-05-17,396961,Saturday,A,,2014,5,20
2014-05-18,309243,Sunday,U,,2014,5,20
2014-05-19,601739,Monday,W,,2014,5,21
2014-05-20,642150,Tuesday,W,,2014,5,21
2014-05-21,649897,Wednesday,W,,2014,5,21
2014-05-22,647729,Thursday,W,,2014,5,21
2014-05-23,627030,Friday,W,,2014,5,21
2014-05-24,395294,Saturday,A,,2014,5,21
2014-05-25,326704,Sunday,U,,2014,5,21
2014-05-26,279227,Monday,U,Memorial Day,2014,5,22
2014-05-27,598549,Tuesday,W,,2014,5,22
2014-05-28,617789,Wednesday,W,,2014,5,22
2014-05-29,626519,Thursday,W,,2014,5,22
2014-05-30,642966,Friday,W,,2014,5,22
2014-05-31,409219,Saturday,A,,2014,5,22
2014-06-01,305945,Sunday,U,,2014,6,22
2014-06-02,595038,Monday,W,,2014,6,23
2014-06-03,665233,Tuesday,W,,2014,6,23
2014-06-04,624123,Wednesday,W,,2014,6,23
2014-06-05,653496,Thursday,W,,2014,6,23
2014-06-06,652246,Friday,W,,2014,6,23
2014-06-07,421363,Saturday,A,,2014,6,23
2014-06-08,319310,Sunday,U,,2014,6,23
2014-06-09,614544,Monday,W,,2014,6,24
2014-06-10,612877,Tuesday,W,,2014,6,24
2014-06-11,623575,Wednesday,W,,2014,6,24
2014-06-12,638366,Thursday,W,,2014,6,24
2014-06-13,664138,Friday,W,,2014,6,24
2014-06-14,446632,Saturday,A,,2014,6,24
2014-06-15,315450,Sunday,U,,2014,6,24
2014-06-16,597211,Monday,W,,2014,6,25
2014-06-17,604705,Tuesday,W,,2014,6,25
2014-06-18,587685,Wednesday,W,,2014,6,25
2014-06-19,607886,Thursday,W,,2014,6,25
2014-06-20,634793,Friday,W,,2014,6,25
2014-06-21,404095,Saturday,A,,2014,6,25
2014-06-22,347052,Sunday,U,,2014,6,25
2014-06-23,595146,Monday,W,,2014,6,26
2014-06-24,618669,Tuesday,W,,2014,6,26
2014-06-25,623910,Wednesday,W,,2014,6,26
2014-06-26,638244,Thursday,W,,2014,6,26
2014-06-27,650047,Friday,W,,2014,6,26
2014-06-28,420914,Saturday,A,,2014,6,26
2014-06-29,433742,Sunday,U,,2014,6,26
2014-06-30,571199,Monday,W,,2014,6,27
2014-07-01,619321,Tuesday,W,,2014,7,27
2014-07-02,596481,Wednesday,W,,2014,7,27
2014-07-03,598065,Thursday,W,,2014,7,27
2014-07-04,384587,Friday,U,Independence Day,2014,7,27
2014-07-05,355491,Saturday,A,,2014,7,27
2014-07-06,287700,Sunday,U,,2014,7,27
2014-07-07,579190,Monday,W,,2014,7,28
2014-07-08,596518,Tuesday,W,,2014,7,28
2014-07-09,627597,Wednesday,W,,2014,7,28
2014-07-10,643883,Thursday,W,,2014,7,28
2014-07-11,671934,Friday,W,,2014,7,28
2014-07-12,381212,Saturday,A,,2014,7,28
2014-07-13,348803,Sunday,U,,2014,7,28
2014-07-14,589332,Monday,W,,2014,7,29
2014-07-15,608542,Tuesday,W,,2014,7,29
2014-07-16,619177,Wednesday,W,,2014,7,29
2014-07-17,627132,Thursday,W,,2014,7,29
2014-07-18,673786,Friday,W,,2014,7,29
2014-07-19,452951,Saturday,A,,2014,7,29
2014-07-20,350362,Sunday,U,,2014,7,29
2014-07-21,608664,Monday,W,,2014,7,30
2014-07-22,629635,Tuesday,W,,2014,7,30
2014-07-23,639739,Wednesday,W,,2014,7,30
2014-07-24,649728,Thursday,W,,2014,7,30
2014-07-25,652483,Friday,W,,2014,7,30
2014-07-26,437017,Saturday,A,,2014,7,30
2014-07-27,327673,Sunday,U,,2014,7,30
2014-07-28,600479,Monday,W,,2014,7,31
2014-07-29,614013,Tuesday,W,,2014,7,31
2014-07-30,625336,Wednesday,W,,2014,7,31
2014-07-31,646080,Thursday,W,,2014,7,31
2014-08-01,678167,Friday,W,,2014,8,31
2014-08-02,462330,Saturday,A,,2014,8,31
2014-08-03,358042,Sunday,U,,2014,8,31
2014-08-04,589591,Monday,W,,2014,8,32
2014-08-05,606800,Tuesday,W,,2014,8,32
2014-08-06,609870,Wednesday,W,,2014,8,32
2014-08-07,613424,Thursday,W,,2014,8,32
2014-08-08,647344,Friday,W,,2014,8,32
2014-08-09,446780,Saturday,A,,2014,8,32
2014-08-10,329355,Sunday,U,,2014,8,32
2014-08-11,591143,Monday,W,,2014,8,33
2014-08-12,591853,Tuesday,W,,2014,8,33
2014-08-13,613197,Wednesday,W,,2014,8,33
2014-08-14,633975,Thursday,W,,2014,8,33
2014-08-15,616519,Friday,W,,2014,8,33
2014-08-16,405384,Saturday,A,,2014,8,33
2014-08-17,310215,Sunday,U,,2014,8,33
2014-08-18,582387,Monday,W,,2014,8,34
2014-08-19,598590,Tuesday,W,,2014,8,34
2014-08-20,623405,Wednesday,W,,2014,8,34
2014-08-21,608096,Thursday,W,,2014,8,34
2014-08-22,626940,Friday,W,,2014,8,34
2014-08-23,371367,Saturday,A,,2014,8,34
2014-08-24,314242,Sunday,U,,2014,8,34
2014-08-25,586065,Monday,W,,2014,8,35
2014-08-26,622697,Tuesday,W,,2014,8,35
2014-08-27,632341,Wednesday,W,,2014,8,35
2014-08-28,636361,Thursday,W,,2014,8,35
2014-08-29,642989,Friday,W,,2014,8,35
2014-08-30,421370,Saturday,A,,2014,8,35
2014-08-31,364155,Sunday,U,,2014,8,35
2014-09-01,297799,Monday,U,Labor Day,2014,9,36
2014-09-02,635938,Tuesday,W,,2014,9,36
2014-09-03,668723,Wednesday,W,,2014,9,36
2014-09-04,653029,Thursday,W,,2014,9,36
2014-09-05,659440,Friday,W,,2014,9,36
2014-09-06,432481,Saturday,A,,2014,9,36
2014-09-07,320796,Sunday,U,,2014,9,36
2014-09-08,646788,Monday,W,,2014,9,37
2014-09-09,658142,Tuesday,W,,2014,9,37
2014-09-10,648398,Wednesday,W,,2014,9,37
2014-09-11,685338,Thursday,W,,2014,9,37
2014-09-12,672458,Friday,W,,2014,9,37
2014-09-13,425440,Saturday,A,,2014,9,37
2014-09-14,314024,Sunday,U,,2014,9,37
2014-09-15,661323,Monday,W,,2014,9,38
2014-09-16,680572,Tuesday,W,,2014,9,38
2014-09-17,684706,Wednesday,W,,2014,9,38
2014-09-18,697849,Thursday,W,,2014,9,38
2014-09-19,702792,Friday,W,,2014,9,38
2014-09-20,414143,Saturday,A,,2014,9,38
2014-09-21,314649,Sunday,U,,2014,9,38
2014-09-22,673624,Monday,W,,2014,9,39
2014-09-23,679809,Tuesday,W,,2014,9,39
2014-09-24,685521,Wednesday,W,,2014,9,39
2014-09-25,677999,Thursday,W,,2014,9,39
2014-09-26,669637,Friday,W,,2014,9,39
2014-09-27,416882,Saturday,A,,2014,9,39
2014-09-28,313396,Sunday,U,,2014,9,39
2014-09-29,652662,Monday,W,,2014,9,40
2014-09-30,662297,Tuesday,W,,2014,9,40
2014-10-01,678617,Wednesday,W,,2014,10,40
2014-10-02,674965,Thursday,W,,2014,10,40
2014-10-03,667405,Friday,W,,2014,10,40
2014-10-04,390514,Saturday,A,,2014,10,40
2014-10-05,286832,Sunday,U,,2014,10,40
2014-10-06,656897,Monday,W,,2014,10,41
2014-10-07,669407,Tuesday,W,,2014,10,41
2014-10-08,676701,Wednesday,W,,2014,10,41
2014-10-09,689900,Thursday,W,,2014,10,41
2014-10-10,689991,Friday,W,,2014,10,41
2014-10-11,426679,Saturday,A,,2014,10,41
2014-10-12,446051,Sunday,U,,2014,10,41
2014-10-13,587721,Monday,W,,2014,10,42
2014-10-14,670201,Tuesday,W,,2014,10,42
2014-10-15,679781,Wednesday,W,,2014,10,42
2014-10-16,697374,Thursday,W,,2014,10,42
2014-10-17,694650,Friday,W,,2014,10,42
2014-10-18,425160,Saturday,A,,2014,10,42
2014-10-19,319421,Sunday,U,,2014,10,42
2014-10-20,659286,Monday,W,,2014,10,43
2014-10-21,669649,Tuesday,W,,2014,10,43
2014-10-22,673017,Wednesday,W,,2014,10,43
2014-10-23,681810,Thursday,W,,2014,10,43
2014-10-24,670418,Friday,W,,2014,10,43
2014-10-25,404688,Saturday,A,,2014,10,43
2014-10-26,293928,Sunday,U,,2014,10,43
2014-10-27,651638,Monday,W,,2014,10,44
2014-10-28,668471,Tuesday,W,,2014,10,44
2014-10-29,669144,Wednesday,W,,2014,10,44
2014-10-30,683277,Thursday,W,,2014,10,44
2014-10-31,658052,Friday,W,,2014,10,44
2014-11-01,395577,Saturday,A,,2014,11,44
2014-11-02,312595,Sunday,U,,2014,11,44
2014-11-03,660133,Monday,W,,2014,11,45
2014-11-04,660438,Tuesday,W,,2014,11,45
2014-11-05,678910,Wednesday,W,,2014,11,45
2014-11-06,673983,Thursday,W,,2014,11,45
2014-11-07,657999,Friday,W,,2014,11,45
2014-11-08,396607,Saturday,A,,2014,11,45
2014-11-09,309083,Sunday,U,,2014,11,45
2014-11-10,644953,Monday,W,,2014,11,46
2014-11-11,572624,Tuesday,W,,2014,11,46
2014-11-12,654169,Wednesday,W,,2014,11,46
2014-11-13,647137,Thursday,W,,2014,11,46
2014-11-14,651195,Friday,W,,2014,11,46
2014-11-15,369312,Saturday,A,,2014,11,46
2014-11-16,270160,Sunday,U,,2014,11,46
2014-11-17,621682,Monday,W,,2014,11,47
2014-11-18,619880,Tuesday,W,,2014,11,47
2014-11-19,634872,Wednesday,W,,2014,11,47
2014-11-20,645304,Thursday,W,,2014,11,47
2014-11-21,645609,Friday,W,,2014,11,47
2014-11-22,422739,Saturday,A,,2014,11,47
2014-11-23,277006,Sunday,U,,2014,11,47
2014-11-24,611791,Monday,W,,2014,11,48
2014-11-25,639894,Tuesday,W,,2014,11,48
2014-11-26,535290,Wednesday,W,,2014,11,48
2014-11-27,189977,Thursday,U,Thanksgiving Day,2014,11,48
2014-11-28,348383,Friday,W,,2014,11,48
2014-11-29,336354,Saturday,A,,2014,11,48
2014-11-30,253583,Sunday,U,,2014,11,48
2014-12-01,607636,Monday,W,,2014,12,49
2014-12-02,626111,Tuesday,W,,2014,12,49
2014-12-03,639541,Wednesday,W,,2014,12,49
2014-12-04,656993,Thursday,W,,2014,12,49
2014-12-05,654355,Friday,W,,2014,12,49
2014-12-06,394535,Saturday,A,,2014,12,49
2014-12-07,272856,Sunday,U,,2014,12,49
2014-12-08,599709,Monday,W,,2014,12,50
2014-12-09,619954,Tuesday,W,,2014,12,50
2014-12-10,623628,Wednesday,W,,2014,12,50
2014-12-11,633041,Thursday,W,,2014,12,50
2014-12-12,631611,Friday,W,,2014,12,50
2014-12-13,401030,Saturday,A,,2014,12,50
2014-12-14,291080,Sunday,U,,2014,12,50
2014-12-15,593162,Monday,W,,2014,12,51
2014-12-16,596274,Tuesday,W,,2014,12,51
2014-12-17,588934,Wednesday,W,,2014,12,51
2014-12-18,590439,Thursday,W,,2014,12,51
2014-12-19,585181,Friday,W,,2014,12,51
2014-12-20,350696,Saturday,A,,2014,12,51
2014-12-21,270964,Sunday,U,,2014,12,51
2014-12-22,506163,Monday,W,,2014,12,52
2014-12-23,504709,Tuesday,W,,2014,12,52
2014-12-24,317618,Wednesday,W,,2014,12,52
2014-12-25,130303,Thursday,U,Christmas Day,2014,12,52
2014-12-26,345235,Friday,W,,2014,12,52
2014-12-27,271061,Saturday,A,,2014,12,52
2014-12-28,230997,Sunday,U,,2014,12,52
2014-12-29,457065,Monday,W,,2014,12,1
2014-12-30,463343,Tuesday,W,,2014,12,1
2014-12-31,525341,Wednesday,W,,2014,12,1
2015-01-01,233956,Thursday,U,New Year's Day,2015,1,1
2015-01-02,432144,Friday,W,,2015,1,1
2015-01-03,273207,Saturday,A,,2015,1,1
2015-01-04,217632,Sunday,U,,2015,1,1
2015-01-05,538868,Monday,W,,2015,1,2
2015-01-06,556918,Tuesday,W,,2015,1,2
2015-01-07,416984,Wednesday,W,,2015,1,2
2015-01-08,475074,Thursday,W,,2015,1,2
2015-01-09,524144,Friday,W,,2015,1,2
2015-01-10,282850,Saturday,A,,2015,1,2
2015-01-11,227240,Sunday,U,,2015,1,2
2015-01-12,605068,Monday,W,,2015,1,3
2015-01-13,609226,Tuesday,W,,2015,1,3
2015-01-14,608109,Wednesday,W,,2015,1,3
2015-01-15,622792,Thursday,W,,2015,1,3
2015-01-16,612833,Friday,W,,2015,1,3
2015-01-17,335555,Saturday,A,,2015,1,3
2015-01-18,244490,Sunday,U,,2015,1,3
2015-01-19,411497,Monday,W,,2015,1,4
2015-01-20,618377,Tuesday,W,,2015,1,4
2015-01-21,619945,Wednesday,W,,2015,1,4
2015-01-22,623914,Thursday,W,,2015,1,4
2015-01-23,612177,Friday,W,,2015,1,4
2015-01-24,333440,Saturday,A,,2015,1,4
2015-01-25,226964,Sunday,U,,2015,1,4
2015-01-26,605287,Monday,W,,2015,1,5
2015-01-27,626168,Tuesday,W,,2015,1,5
2015-01-28,625531,Wednesday,W,,2015,1,5
2015-01-29,622695,Thursday,W,,2015,1,5
2015-01-30,618395,Friday,W,,2015,1,5
2015-01-31,337018,Saturday,A,,2015,1,5
2015-02-01,220964,Sunday,U,,2015,2,5
2015-02-02,462717,Monday,W,,2015,2,6
2015-02-03,661650,Tuesday,W,,2015,2,6
2015-02-04,649545,Wednesday,W,,2015,2,6
2015-02-05,640499,Thursday,W,,2015,2,6
2015-02-06,630415,Friday,W,,2015,2,6
2015-02-07,356210,Saturday,A,,2015,2,6
2015-02-08,243897,Sunday,U,,2015,2,6
2015-02-09,615678,Monday,W,,2015,2,7
2015-02-10,634220,Tuesday,W,,2015,2,7
2015-02-11,632708,Wednesday,W,,2015,2,7
2015-02-12,598535,Thursday,W,,2015,2,7
2015-02-13,607818,Friday,W,,2015,2,7
2015-02-14,308715,Saturday,A,,2015,2,7
2015-02-15,225492,Sunday,U,,2015,2,7
2015-02-16,449583,Monday,W,,2015,2,8
2015-02-17,611935,Tuesday,W,,2015,2,8
2015-02-18,580886,Wednesday,W,,2015,2,8
2015-02-19,472082,Thursday,W,,2015,2,8
2015-02-20,572559,Friday,W,,2015,2,8
2015-02-21,332841,Saturday,A,,2015,2,8
2015-02-22,244683,Sunday,U,,2015,2,8
2015-02-23,575138,Monday,W,,2015,2,9
2015-02-24,598063,Tuesday,W,,2015,2,9
2015-02-25,617616,Wednesday,W,,2015,2,9
2015-02-26,619965,Thursday,W,,2015,2,9
2015-02-27,604620,Friday,W,,2015,2,9
2015-02-28,328657,Saturday,A,,2015,2,9
2015-03-01,237326,Sunday,U,,2015,3,9
2015-03-02,587852,Monday,W,,2015,3,10
2015-03-03,604279,Tuesday,W,,2015,3,10
2015-03-04,616117,Wednesday,W,,2015,3,10
2015-03-05,611076,Thursday,W,,2015,3,10
2015-03-06,601775,Friday,W,,2015,3,10
2015-03-07,344302,Saturday,A,,2015,3,10
2015-03-08,250242,Sunday,U,,2015,3,10
2015-03-09,618273,Monday,W,,2015,3,11
2015-03-10,630225,Tuesday,W,,2015,3,11
2015-03-11,638945,Wednesday,W,,2015,3,11
2015-03-12,648830,Thursday,W,,2015,3,11
2015-03-13,658139,Friday,W,,2015,3,11
2015-03-14,542809,Saturday,A,,2015,3,11
2015-03-15,292290,Sunday,U,,2015,3,11
2015-03-16,630773,Monday,W,,2015,3,12
2015-03-17,632302,Tuesday,W,,2015,3,12
2015-03-18,633570,Wednesday,W,,2015,3,12
2015-03-19,633161,Thursday,W,,2015,3,12
2015-03-20,624769,Friday,W,,2015,3,12
2015-03-21,360547,Saturday,A,,2015,3,12
2015-03-22,247272,Sunday,U,,2015,3,12
2015-03-23,569229,Monday,W,,2015,3,13
2015-03-24,597658,Tuesday,W,,2015,3,13
2015-03-25,602932,Wednesday,W,,2015,3,13
2015-03-26,604883,Thursday,W,,2015,3,13
2015-03-27,596714,Friday,W,,2015,3,13
2015-03-28,346202,Saturday,A,,2015,3,13
2015-03-29,263081,Sunday,U,,2015,3,13
2015-03-30,604887,Monday,W,,2015,3,14
2015-03-31,618610,Tuesday,W,,2015,3,14
2015-04-01,640106,Wednesday,W,,2015,4,14
2015-04-02,621918,Thursday,W,,2015,4,14
2015-04-03,556056,Friday,W,,2015,4,14
2015-04-04,344428,Saturday,A,,2015,4,14
2015-04-05,267450,Sunday,U,,2015,4,14
2015-04-06,581195,Monday,W,,2015,4,15
2015-04-07,593771,Tuesday,W,,2015,4,15
2015-04-08,612504,Wednesday,W,,2015,4,15
2015-04-09,580468,Thursday,W,,2015,4,15
2015-04-10,618124,Friday,W,,2015,4,15
2015-04-11,378253,Saturday,A,,2015,4,15
2015-04-12,271570,Sunday,U,,2015,4,15
2015-04-13,626560,Monday,W,,2015,4,16
2015-04-14,649901,Tuesday,W,,2015,4,16
2015-04-15,650032,Wednesday,W,,2015,4,16
2015-04-16,645925,Thursday,W,,2015,4,16
2015-04-17,668015,Friday,W,,2015,4,16
2015-04-18,406363,Saturday,A,,2015,4,16
2015-04-19,276382,Sunday,U,,2015,4,16
2015-04-20,622669,Monday,W,,2015,4,17
2015-04-21,636492,Tuesday,W,,2015,4,17
2015-04-22,637124,Wednesday,W,,2015,4,17
2015-04-23,653007,Thursday,W,,2015,4,17
2015-04-24,638915,Friday,W,,2015,4,17
2015-04-25,351518,Saturday,A,,2015,4,17
2015-04-26,288178,Sunday,U,,2015,4,17
2015-04-27,628516,Monday,W,,2015,4,18
2015-04-28,644133,Tuesday,W,,2015,4,18
2015-04-29,647834,Wednesday,W,,2015,4,18
2015-04-30,667113,Thursday,W,,2015,4,18
2015-05-01,686669,Friday,W,,2015,5,18
2015-05-02,442186,Saturday,A,,2015,5,18
2015-05-03,306551,Sunday,U,,2015,5,18
2015-05-04,621537,Monday,W,,2015,5,19
2015-05-05,632473,Tuesday,W,,2015,5,19
2015-05-06,649101,Wednesday,W,,2015,5,19
2015-05-07,665792,Thursday,W,,2015,5,19
2015-05-08,641389,Friday,W,,2015,5,19
2015-05-09,366935,Saturday,A,,2015,5,19
2015-05-10,254950,Sunday,U,,2015,5,19
2015-05-11,610783,Monday,W,,2015,5,20
2015-05-12,632829,Tuesday,W,,2015,5,20
2015-05-13,644592,Wednesday,W,,2015,5,20
2015-05-14,653295,Thursday,W,,2015,5,20
2015-05-15,661165,Friday,W,,2015,5,20
2015-05-16,397503,Saturday,A,,2015,5,20
2015-05-17,302360,Sunday,U,,2015,5,20
2015-05-18,626097,Monday,W,,2015,5,21
2015-05-19,624394,Tuesday,W,,2015,5,21
2015-05-20,624789,Wednesday,W,,2015,5,21
2015-05-21,644807,Thursday,W,,2015,5,21
2015-05-22,624758,Friday,W,,2015,5,21
2015-05-23,404353,Saturday,A,,2015,5,21
2015-05-24,296032,Sunday,U,,2015,5,21
2015-05-25,288930,Monday,U,Memorial Day,2015,5,22
2015-05-26,610732,Tuesday,W,,2015,5,22
2015-05-27,643974,Wednesday,W,,2015,5,22
2015-05-28,646731,Thursday,W,,2015,5,22
2015-05-29,657746,Friday,W,,2015,5,22
2015-05-30,345204,Saturday,A,,2015,5,22
2015-05-31,284022,Sunday,U,,2015,5,22
2015-06-01,620797,Monday,W,,2015,6,23
2015-06-02,638077,Tuesday,W,,2015,6,23
2015-06-03,650870,Wednesday,W,,2015,6,23
2015-06-04,653140,Thursday,W,,2015,6,23
2015-06-05,642491,Friday,W,,2015,6,23
2015-06-06,410556,Saturday,A,,2015,6,23
2015-06-07,274168,Sunday,U,,2015,6,23
2015-06-08,621781,Monday,W,,2015,6,24
2015-06-09,649325,Tuesday,W,,2015,6,24
2015-06-10,656533,Wednesday,W,,2015,6,24
2015-06-11,664580,Thursday,W,,2015,6,24
2015-06-12,665204,Friday,W,,2015,6,24
2015-06-13,455207,Saturday,A,,2015,6,24
2015-06-14,330471,Sunday,U,,2015,6,24
2015-06-15,634282,Monday,W,,2015,6,25
2015-06-16,670111,Tuesday,W,,2015,6,25
2015-06-17,635534,Wednesday,W,,2015,6,25
2015-06-18,749214,Thursday,W,,2015,6,25
2015-06-19,666316,Friday,W,,2015,6,25
2015-06-20,402031,Saturday,A,,2015,6,25
2015-06-21,317036,Sunday,U,,2015,6,25
2015-06-22,599071,Monday,W,,2015,6,26
2015-06-23,650355,Tuesday,W,,2015,6,26
2015-06-24,645272,Wednesday,W,,2015,6,26
2015-06-25,648192,Thursday,W,,2015,6,26
2015-06-26,613169,Friday,W,,2015,6,26
2015-06-27,408858,Saturday,A,,2015,6,26
2015-06-28,469085,Sunday,U,,2015,6,26
2015-06-29,598656,Monday,W,,2015,6,27
2015-06-30,615312,Tuesday,W,,2015,6,27
2015-07-01,627230,Wednesday,W,,2015,7,27
2015-07-02,636375,Thursday,W,,2015,7,27
2015-07-03,497318,Friday,U,,2015,7,27
2015-07-04,441491,Saturday,A,Independence Day,2015,7,27
2015-07-05,353613,Sunday,U,,2015,7,27
2015-07-06,633973,Monday,W,,2015,7,28
2015-07-07,653202,Tuesday,W,,2015,7,28
2015-07-08,668893,Wednesday,W,,2015,7,28
2015-07-09,685932,Thursday,W,,2015,7,28
2015-07-10,700348,Friday,W,,2015,7,28
2015-07-11,453557,Saturday,A,,2015,7,28
2015-07-12,379970,Sunday,U,,2015,7,28
2015-07-13,598050,Monday,W,,2015,7,29
2015-07-14,625428,Tuesday,W,,2015,7,29
2015-07-15,637369,Wednesday,W,,2015,7,29
2015-07-16,626758,Thursday,W,,2015,7,29
2015-07-17,665742,Friday,W,,2015,7,29
2015-07-18,417255,Saturday,A,,2015,7,29
2015-07-19,360086,Sunday,U,,2015,7,29
2015-07-20,616267,Monday,W,,2015,7,30
2015-07-21,643246,Tuesday,W,,2015,7,30
2015-07-22,646181,Wednesday,W,,2015,7,30
2015-07-23,644585,Thursday,W,,2015,7,30
2015-07-24,673029,Friday,W,,2015,7,30
2015-07-25,436587,Saturday,A,,2015,7,30
2015-07-26,327069,Sunday,U,,2015,7,30
2015-07-27,625251,Monday,W,,2015,7,31
2015-07-28,643411,Tuesday,W,,2015,7,31
2015-07-29,674643,Wednesday,W,,2015,7,31
2015-07-30,667678,Thursday,W,,2015,7,31
2015-07-31,716949,Friday,W,,2015,7,31
2015-08-01,475393,Saturday,A,,2015,8,31
2015-08-02,380999,Sunday,U,,2015,8,31
2015-08-03,618228,Monday,W,,2015,8,32
2015-08-04,627111,Tuesday,W,,2015,8,32
2015-08-05,629470,Wednesday,W,,2015,8,32
2015-08-06,654106,Thursday,W,,2015,8,32
2015-08-07,656453,Friday,W,,2015,8,32
2015-08-08,432251,Saturday,A,,2015,8,32
2015-08-09,312448,Sunday,U,,2015,8,32
2015-08-10,589010,Monday,W,,2015,8,33
2015-08-11,633515,Tuesday,W,,2015,8,33
2015-08-12,635165,Wednesday,W,,2015,8,33
2015-08-13,649800,Thursday,W,,2015,8,33
2015-08-14,625454,Friday,W,,2015,8,33
2015-08-15,418569,Saturday,A,,2015,8,33
2015-08-16,341255,Sunday,U,,2015,8,33
2015-08-17,582907,Monday,W,,2015,8,34
2015-08-18,612862,Tuesday,W,,2015,8,34
2015-08-19,632355,Wednesday,W,,2015,8,34
2015-08-20,640159,Thursday,W,,2015,8,34
2015-08-21,646135,Friday,W,,2015,8,34
2015-08-22,420621,Saturday,A,,2015,8,34
2015-08-23,319757,Sunday,U,,2015,8,34
2015-08-24,636678,Monday,W,,2015,8,35
2015-08-25,632227,Tuesday,W,,2015,8,35
2015-08-26,636861,Wednesday,W,,2015,8,35
2015-08-27,660955,Thursday,W,,2015,8,35
2015-08-28,633615,Friday,W,,2015,8,35
2015-08-29,379156,Saturday,A,,2015,8,35
2015-08-30,301866,Sunday,U,,2015,8,35
2015-08-31,634552,Monday,W,,2015,8,36
2015-09-01,660280,Tuesday,W,,2015,9,36
2015-09-02,654463,Wednesday,W,,2015,9,36
2015-09-03,660657,Thursday,W,,2015,9,36
2015-09-04,662438,Friday,W,,2015,9,36
2015-09-05,423450,Saturday,A,,2015,9,36
2015-09-06,366914,Sunday,U,,2015,9,36
2015-09-07,293908,Monday,U,Labor Day,2015,9,37
2015-09-08,624363,Tuesday,W,,2015,9,37
2015-09-09,678626,Wednesday,W,,2015,9,37
2015-09-10,680144,Thursday,W,,2015,9,37
2015-09-11,720327,Friday,W,,2015,9,37
2015-09-12,424722,Saturday,A,,2015,9,37
2015-09-13,338318,Sunday,U,,2015,9,37
2015-09-14,663699,Monday,W,,2015,9,38
2015-09-15,705053,Tuesday,W,,2015,9,38
2015-09-16,694126,Wednesday,W,,2015,9,38
2015-09-17,703144,Thursday,W,,2015,9,38
2015-09-18,704448,Friday,W,,2015,9,38
2015-09-19,446857,Saturday,A,,2015,9,38
2015-09-20,347786,Sunday,U,,2015,9,38
2015-09-21,691209,Monday,W,,2015,9,39
2015-09-22,695809,Tuesday,W,,2015,9,39
2015-09-23,692393,Wednesday,W,,2015,9,39
2015-09-24,689840,Thursday,W,,2015,9,39
2015-09-25,712801,Friday,W,,2015,9,39
2015-09-26,453036,Saturday,A,,2015,9,39
2015-09-27,329899,Sunday,U,,2015,9,39
2015-09-28,685206,Monday,W,,2015,9,40
2015-09-29,679478,Tuesday,W,,2015,9,40
2015-09-30,689508,Wednesday,W,,2015,9,40
2015-10-01,700212,Thursday,W,,2015,10,40
2015-10-02,691072,Friday,W,,2015,10,40
2015-10-03,391514,Saturday,A,,2015,10,40
2015-10-04,302234,Sunday,U,,2015,10,40
2015-10-05,664815,Monday,W,,2015,10,41
2015-10-06,686323,Tuesday,W,,2015,10,41
2015-10-07,705500,Wednesday,W,,2015,10,41
2015-10-08,703074,Thursday,W,,2015,10,41
2015-10-09,705703,Friday,W,,2015,10,41
2015-10-10,433820,Saturday,A,,2015,10,41
2015-10-11,453438,Sunday,U,,2015,10,41
2015-10-12,641592,Monday,W,,2015,10,42
2015-10-13,721509,Tuesday,W,,2015,10,42
2015-10-14,697825,Wednesday,W,,2015,10,42
2015-10-15,710825,Thursday,W,,2015,10,42
2015-10-16,706236,Friday,W,,2015,10,42
2015-10-17,437766,Saturday,A,,2015,10,42
2015-10-18,319104,Sunday,U,,2015,10,42
2015-10-19,676537,Monday,W,,2015,10,43
2015-10-20,723197,Tuesday,W,,2015,10,43
2015-10-21,728479,Wednesday,W,,2015,10,43
2015-10-22,704341,Thursday,W,,2015,10,43
2015-10-23,684403,Friday,W,,2015,10,43
2015-10-24,394468,Saturday,A,,2015,10,43
2015-10-25,299105,Sunday,U,,2015,10,43
2015-10-26,664859,Monday,W,,2015,10,44
2015-10-27,681067,Tuesday,W,,2015,10,44
2015-10-28,682224,Wednesday,W,,2015,10,44
2015-10-29,691881,Thursday,W,,2015,10,44
2015-10-30,693845,Friday,W,,2015,10,44
2015-10-31,335371,Saturday,A,,2015,10,44
2015-11-01,309251,Sunday,U,,2015,11,44
2015-11-02,672631,Monday,W,,2015,11,45
2015-11-03,683163,Tuesday,W,,2015,11,45
2015-11-04,692685,Wednesday,W,,2015,11,45
2015-11-05,700623,Thursday,W,,2015,11,45
2015-11-06,685147,Friday,W,,2015,11,45
2015-11-07,402997,Saturday,A,,2015,11,45
2015-11-08,309506,Sunday,U,,2015,11,45
2015-11-09,667300,Monday,W,,2015,11,46
2015-11-10,684546,Tuesday,W,,2015,11,46
2015-11-11,607784,Wednesday,W,,2015,11,46
2015-11-12,675371,Thursday,W,,2015,11,46
2015-11-13,661621,Friday,W,,2015,11,46
2015-11-14,385695,Saturday,A,,2015,11,46
2015-11-15,287715,Sunday,U,,2015,11,46
2015-11-16,656129,Monday,W,,2015,11,47
2015-11-17,659168,Tuesday,W,,2015,11,47
2015-11-18,665428,Wednesday,W,,2015,11,47
2015-11-19,667644,Thursday,W,,2015,11,47
2015-11-20,668463,Friday,W,,2015,11,47
2015-11-21,381515,Saturday,A,,2015,11,47
2015-11-22,276222,Sunday,U,,2015,11,47
2015-11-23,642924,Monday,W,,2015,11,48
2015-11-24,662887,Tuesday,W,,2015,11,48
2015-11-25,549277,Wednesday,W,,2015,11,48
2015-11-26,191233,Thursday,U,Thanksgiving Day,2015,11,48
2015-11-27,337460,Friday,W,,2015,11,48
2015-11-28,322238,Saturday,A,,2015,11,48
2015-11-29,255475,Sunday,U,,2015,11,48
2015-11-30,622425,Monday,W,,2015,11,49
2015-12-01,654723,Tuesday,W,,2015,12,49
2015-12-02,652459,Wednesday,W,,2015,12,49
2015-12-03,664853,Thursday,W,,2015,12,49
2015-12-04,671638,Friday,W,,2015,12,49
2015-12-05,409380,Saturday,A,,2015,12,49
2015-12-06,295927,Sunday,U,,2015,12,49
2015-12-07,624633,Monday,W,,2015,12,50
2015-12-08,639011,Tuesday,W,,2015,12,50
2015-12-09,650156,Wednesday,W,,2015,12,50
2015-12-10,655804,Thursday,W,,2015,12,50
2015-12-11,660604,Friday,W,,2015,12,50
2015-12-12,401100,Saturday,A,,2015,12,50
2015-12-13,282792,Sunday,U,,2015,12,50
2015-12-14,599966,Monday,W,,2015,12,51
2015-12-15,622689,Tuesday,W,,2015,12,51
2015-12-16,622203,Wednesday,W,,2015,12,51
2015-12-17,619658,Thursday,W,,2015,12,51
2015-12-18,608706,Friday,W,,2015,12,51
2015-12-19,346194,Saturday,A,,2015,12,51
2015-12-20,268489,Sunday,U,,2015,12,51
2015-12-21,530580,Monday,W,,2015,12,52
2015-12-22,547458,Tuesday,W,,2015,12,52
2015-12-23,471055,Wednesday,W,,2015,12,52
2015-12-24,312039,Thursday,W,,2015,12,52
2015-12-25,133225,Friday,U,Christmas Day,2015,12,52
2015-12-26,239119,Saturday,A,,2015,12,52
2015-12-27,223687,Sunday,U,,2015,12,52
2015-12-28,399002,Monday,W,,2015,12,53
2015-12-29,470650,Tuesday,W,,2015,12,53
2015-12-30,482195,Wednesday,W,,2015,12,53
2015-12-31,466078,Thursday,W,,2015,12,53
2016-01-01,260039,Friday,U,New Year's Day,2016,1,53
2016-01-02,293589,Saturday,A,,2016,1,53
2016-01-03,233880,Sunday,U,,2016,1,53
2016-01-04,575980,Monday,W,,2016,1,1
2016-01-05,596073,Tuesday,W,,2016,1,1
2016-01-06,600538,Wednesday,W,,2016,1,1
2016-01-07,603521,Thursday,W,,2016,1,1
2016-01-08,599988,Friday,W,,2016,1,1
2016-01-09,314543,Saturday,A,,2016,1,1
2016-01-10,213889,Sunday,U,,2016,1,1
2016-01-11,569058,Monday,W,,2016,1,2
2016-01-12,578035,Tuesday,W,,2016,1,2
2016-01-13,587020,Wednesday,W,,2016,1,2
2016-01-14,620974,Thursday,W,,2016,1,2
2016-01-15,608283,Friday,W,,2016,1,2
2016-01-16,324676,Saturday,A,,2016,1,2
2016-01-17,196073,Sunday,U,,2016,1,2
2016-01-18,332298,Monday,W,,2016,1,3
2016-01-19,595862,Tuesday,W,,2016,1,3
2016-01-20,621308,Wednesday,W,,2016,1,3
2016-01-21,627646,Thursday,W,,2016,1,3
2016-01-22,610368,Friday,W,,2016,1,3
2016-01-23,334947,Saturday,A,,2016,1,3
2016-01-24,238875,Sunday,U,,2016,1,3
2016-01-25,615230,Monday,W,,2016,1,4
2016-01-26,625812,Tuesday,W,,2016,1,4
2016-01-27,629267,Wednesday,W,,2016,1,4
2016-01-28,631659,Thursday,W,,2016,1,4
2016-01-29,615219,Friday,W,,2016,1,4
2016-01-30,343682,Saturday,A,,2016,1,4
2016-01-31,238267,Sunday,U,,2016,1,4
2016-02-01,623650,Monday,W,,2016,2,5
2016-02-02,606741,Tuesday,W,,2016,2,5
2016-02-03,634297,Wednesday,W,,2016,2,5
2016-02-04,638734,Thursday,W,,2016,2,5
2016-02-05,600378,Friday,W,,2016,2,5
2016-02-06,343548,Saturday,A,,2016,2,5
2016-02-07,245890,Sunday,U,,2016,2,5
2016-02-08,601931,Monday,W,,2016,2,6
2016-02-09,617905,Tuesday,W,,2016,2,6
2016-02-10,609366,Wednesday,W,,2016,2,6
2016-02-11,617785,Thursday,W,,2016,2,6
2016-02-12,579652,Friday,W,,2016,2,6
2016-02-13,317996,Saturday,A,,2016,2,6
2016-02-14,256545,Sunday,U,,2016,2,6
2016-02-15,450094,Monday,W,,2016,2,7
2016-02-16,627178,Tuesday,W,,2016,2,7
2016-02-17,629470,Wednesday,W,,2016,2,7
2016-02-18,634704,Thursday,W,,2016,2,7
2016-02-19,625412,Friday,W,,2016,2,7
2016-02-20,376433,Saturday,A,,2016,2,7
2016-02-21,254095,Sunday,U,,2016,2,7
2016-02-22,611522,Monday,W,,2016,2,8
2016-02-23,628131,Tuesday,W,,2016,2,8
2016-02-24,595632,Wednesday,W,,2016,2,8
2016-02-25,626120,Thursday,W,,2016,2,8
2016-02-26,615559,Friday,W,,2016,2,8
2016-02-27,369354,Saturday,A,,2016,2,8
2016-02-28,264357,Sunday,U,,2016,2,8
2016-02-29,609798,Monday,W,,2016,2,9
2016-03-01,609181,Tuesday,W,,2016,3,9
2016-03-02,624076,Wednesday,W,,2016,3,9
2016-03-03,627336,Thursday,W,,2016,3,9
2016-03-04,619714,Friday,W,,2016,3,9
2016-03-05,339357,Saturday,A,,2016,3,9
2016-03-06,264137,Sunday,U,,2016,3,9
2016-03-07,606925,Monday,W,,2016,3,10
2016-03-08,641515,Tuesday,W,,2016,3,10
2016-03-09,631383,Wednesday,W,,2016,3,10
2016-03-10,641011,Thursday,W,,2016,3,10
2016-03-11,655207,Friday,W,,2016,3,10
2016-03-12,487598,Saturday,A,,2016,3,10
2016-03-13,244725,Sunday,U,,2016,3,10
2016-03-14,629440,Monday,W,,2016,3,11
2016-03-15,631777,Tuesday,W,,2016,3,11
2016-03-16,640320,Wednesday,W,,2016,3,11
2016-03-17,651605,Thursday,W,,2016,3,11
2016-03-18,628885,Friday,W,,2016,3,11
2016-03-19,352915,Saturday,A,,2016,3,11
2016-03-20,257272,Sunday,U,,2016,3,11
2016-03-21,580612,Monday,W,,2016,3,12
2016-03-22,597211,Tuesday,W,,2016,3,12
2016-03-23,586807,Wednesday,W,,2016,3,12
2016-03-24,566152,Thursday,W,,2016,3,12
2016-03-25,534420,Friday,W,,2016,3,12
2016-03-26,335108,Saturday,A,,2016,3,12
2016-03-27,224517,Sunday,U,,2016,3,12
2016-03-28,600918,Monday,W,,2016,3,13
2016-03-29,629011,Tuesday,W,,2016,3,13
2016-03-30,616104,Wednesday,W,,2016,3,13
2016-03-31,622394,Thursday,W,,2016,3,13
2016-04-01,626953,Friday,W,,2016,4,13
2016-04-02,327908,Saturday,A,,2016,4,13
2016-04-03,282273,Sunday,U,,2016,4,13
2016-04-04,605512,Monday,W,,2016,4,14
2016-04-05,632589,Tuesday,W,,2016,4,14
2016-04-06,622997,Wednesday,W,,2016,4,14
2016-04-07,641899,Thursday,W,,2016,4,14
2016-04-08,615371,Friday,W,,2016,4,14
2016-04-09,359735,Saturday,A,,2016,4,14
2016-04-10,246745,Sunday,U,,2016,4,14
2016-04-11,644153,Monday,W,,2016,4,15
2016-04-12,634859,Tuesday,W,,2016,4,15
2016-04-13,650336,Wednesday,W,,2016,4,15
2016-04-14,657238,Thursday,W,,2016,4,15
2016-04-15,658009,Friday,W,,2016,4,15
2016-04-16,407489,Saturday,A,,2016,4,15
2016-04-17,307649,Sunday,U,,2016,4,15
2016-04-18,597859,Monday,W,,2016,4,16
2016-04-19,605048,Tuesday,W,,2016,4,16
2016-04-20,608231,Wednesday,W,,2016,4,16
2016-04-21,616154,Thursday,W,,2016,4,16
2016-04-22,588647,Friday,W,,2016,4,16
2016-04-23,359090,Saturday,A,,2016,4,16
2016-04-24,280812,Sunday,U,,2016,4,16
2016-04-25,613873,Monday,W,,2016,4,17
2016-04-26,638513,Tuesday,W,,2016,4,17
2016-04-27,638886,Wednesday,W,,2016,4,17
2016-04-28,670371,Thursday,W,,2016,4,17
2016-04-29,665858,Friday,W,,2016,4,17
2016-04-30,335950,Saturday,A,,2016,4,17
2016-05-01,270366,Sunday,U,,2016,5,17
2016-05-02,617279,Monday,W,,2016,5,18
2016-05-03,632541,Tuesday,W,,2016,5,18
2016-05-04,630837,Wednesday,W,,2016,5,18
2016-05-05,672663,Thursday,W,,2016,5,18
2016-05-06,669453,Friday,W,,2016,5,18
2016-05-07,390200,Saturday,A,,2016,5,18
2016-05-08,289511,Sunday,U,,2016,5,18
2016-05-09,605194,Monday,W,,2016,5,19
2016-05-10,625668,Tuesday,W,,2016,5,19
2016-05-11,660742,Wednesday,W,,2016,5,19
2016-05-12,636948,Thursday,W,,2016,5,19
2016-05-13,647037,Friday,W,,2016,5,19
2016-05-14,367259,Saturday,A,,2016,5,19
2016-05-15,291179,Sunday,U,,2016,5,19
2016-05-16,600047,Monday,W,,2016,5,20
2016-05-17,614837,Tuesday,W,,2016,5,20
2016-05-18,622320,Wednesday,W,,2016,5,20
2016-05-19,634702,Thursday,W,,2016,5,20
2016-05-20,621306,Friday,W,,2016,5,20
2016-05-21,370922,Saturday,A,,2016,5,20
2016-05-22,289472,Sunday,U,,2016,5,20
2016-05-23,615403,Monday,W,,2016,5,21
2016-05-24,630573,Tuesday,W,,2016,5,21
2016-05-25,619731,Wednesday,W,,2016,5,21
2016-05-26,636846,Thursday,W,,2016,5,21
2016-05-27,622802,Friday,W,,2016,5,21
2016-05-28,428897,Saturday,A,,2016,5,21
2016-05-29,348584,Sunday,U,,2016,5,21
2016-05-30,314744,Monday,U,Memorial Day,2016,5,22
2016-05-31,619492,Tuesday,W,,2016,5,22
2016-06-01,645921,Wednesday,W,,2016,6,22
2016-06-02,668262,Thursday,W,,2016,6,22
2016-06-03,675602,Friday,W,,2016,6,22
2016-06-04,371180,Saturday,A,,2016,6,22
2016-06-05,321436,Sunday,U,,2016,6,22
2016-06-06,624673,Monday,W,,2016,6,23
2016-06-07,651327,Tuesday,W,,2016,6,23
2016-06-08,648392,Wednesday,W,,2016,6,23
2016-06-09,646763,Thursday,W,,2016,6,23
2016-06-10,698986,Friday,W,,2016,6,23
2016-06-11,435813,Saturday,A,,2016,6,23
2016-06-12,336105,Sunday,U,,2016,6,23
2016-06-13,622628,Monday,W,,2016,6,24
2016-06-14,637872,Tuesday,W,,2016,6,24
2016-06-15,644096,Wednesday,W,,2016,6,24
2016-06-16,636592,Thursday,W,,2016,6,24
2016-06-17,670342,Friday,W,,2016,6,24
2016-06-18,418187,Saturday,A,,2016,6,24
2016-06-19,321518,Sunday,U,,2016,6,24
2016-06-20,624757,Monday,W,,2016,6,25
2016-06-21,663529,Tuesday,W,,2016,6,25
2016-06-22,618496,Wednesday,W,,2016,6,25
2016-06-23,623144,Thursday,W,,2016,6,25
2016-06-24,640190,Friday,W,,2016,6,25
2016-06-25,406438,Saturday,A,,2016,6,25
2016-06-26,368276,Sunday,U,,2016,6,25
2016-06-27,592552,Monday,W,,2016,6,26
2016-06-28,613244,Tuesday,W,,2016,6,26
2016-06-29,618294,Wednesday,W,,2016,6,26
2016-06-30,641310,Thursday,W,,2016,6,26
2016-07-01,597807,Friday,W,,2016,7,26
2016-07-02,362592,Saturday,A,,2016,7,26
2016-07-03,305902,Sunday,U,,2016,7,26
2016-07-04,333521,Monday,U,Independence Day,2016,7,27
2016-07-05,604840,Tuesday,W,,2016,7,27
2016-07-06,648839,Wednesday,W,,2016,7,27
2016-07-07,636613,Thursday,W,,2016,7,27
2016-07-08,649811,Friday,W,,2016,7,27
2016-07-09,417230,Saturday,A,,2016,7,27
2016-07-10,322851,Sunday,U,,2016,7,27
2016-07-11,607855,Monday,W,,2016,7,28
2016-07-12,616061,Tuesday,W,,2016,7,28
2016-07-13,610605,Wednesday,W,,2016,7,28
2016-07-14,637737,Thursday,W,,2016,7,28
2016-07-15,661701,Friday,W,,2016,7,28
2016-07-16,427429,Saturday,A,,2016,7,28
2016-07-17,332100,Sunday,U,,2016,7,28
2016-07-18,632165,Monday,W,,2016,7,29
2016-07-19,655771,Tuesday,W,,2016,7,29
2016-07-20,653363,Wednesday,W,,2016,7,29
2016-07-21,619367,Thursday,W,,2016,7,29
2016-07-22,614698,Friday,W,,2016,7,29
2016-07-23,369855,Saturday,A,,2016,7,29
2016-07-24,281326,Sunday,U,,2016,7,29
2016-07-25,612517,Monday,W,,2016,7,30
2016-07-26,639755,Tuesday,W,,2016,7,30
2016-07-27,684143,Wednesday,W,,2016,7,30
2016-07-28,713780,Thursday,W,,2016,7,30
2016-07-29,713861,Friday,W,,2016,7,30
2016-07-30,466198,Saturday,A,,2016,7,30
2016-07-31,383347,Sunday,U,,2016,7,30
2016-08-01,640636,Monday,W,,2016,8,31
2016-08-02,641025,Tuesday,W,,2016,8,31
2016-08-03,645756,Wednesday,W,,2016,8,31
2016-08-04,621077,Thursday,W,,2016,8,31
2016-08-05,614857,Friday,W,,2016,8,31
2016-08-06,377947,Saturday,A,,2016,8,31
2016-08-07,288693,Sunday,U,,2016,8,31
2016-08-08,581481,Monday,W,,2016,8,32
2016-08-09,632560,Tuesday,W,,2016,8,32
2016-08-10,629809,Wednesday,W,,2016,8,32
2016-08-11,637356,Thursday,W,,2016,8,32
2016-08-12,588017,Friday,W,,2016,8,32
2016-08-13,394818,Saturday,A,,2016,8,32
2016-08-14,309072,Sunday,U,,2016,8,32
2016-08-15,566270,Monday,W,,2016,8,33
2016-08-16,628504,Tuesday,W,,2016,8,33
2016-08-17,615079,Wednesday,W,,2016,8,33
2016-08-18,611366,Thursday,W,,2016,8,33
2016-08-19,590716,Friday,W,,2016,8,33
2016-08-20,360649,Saturday,A,,2016,8,33
2016-08-21,321665,Sunday,U,,2016,8,33
2016-08-22,611973,Monday,W,,2016,8,34
2016-08-23,611982,Tuesday,W,,2016,8,34
2016-08-24,593602,Wednesday,W,,2016,8,34
2016-08-25,606739,Thursday,W,,2016,8,34
2016-08-26,631617,Friday,W,,2016,8,34
2016-08-27,365259,Saturday,A,,2016,8,34
2016-08-28,279083,Sunday,U,,2016,8,34
2016-08-29,617042,Monday,W,,2016,8,35
2016-08-30,630932,Tuesday,W,,2016,8,35
2016-08-31,640894,Wednesday,W,,2016,8,35
2016-09-01,647671,Thursday,W,,2016,9,35
2016-09-02,641744,Friday,W,,2016,9,35
2016-09-03,407928,Saturday,A,,2016,9,35
2016-09-04,341802,Sunday,U,,2016,9,35
2016-09-05,281612,Monday,U,Labor Day,2016,9,36
2016-09-06,627934,Tuesday,W,,2016,9,36
2016-09-07,648319,Wednesday,W,,2016,9,36
2016-09-08,658611,Thursday,W,,2016,9,36
2016-09-09,647953,Friday,W,,2016,9,36
2016-09-10,372885,Saturday,A,,2016,9,36
2016-09-11,287673,Sunday,U,,2016,9,36
2016-09-12,647508,Monday,W,,2016,9,37
2016-09-13,670355,Tuesday,W,,2016,9,37
2016-09-14,670713,Wednesday,W,,2016,9,37
2016-09-15,711889,Thursday,W,,2016,9,37
2016-09-16,696516,Friday,W,,2016,9,37
2016-09-17,420027,Saturday,A,,2016,9,37
2016-09-18,326663,Sunday,U,,2016,9,37
2016-09-19,673829,Monday,W,,2016,9,38
2016-09-20,682503,Tuesday,W,,2016,9,38
2016-09-21,672384,Wednesday,W,,2016,9,38
2016-09-22,672907,Thursday,W,,2016,9,38
2016-09-23,687374,Friday,W,,2016,9,38
2016-09-24,424061,Saturday,A,,2016,9,38
2016-09-25,308491,Sunday,U,,2016,9,38
2016-09-26,650208,Monday,W,,2016,9,39
2016-09-27,657121,Tuesday,W,,2016,9,39
2016-09-28,650471,Wednesday,W,,2016,9,39
2016-09-29,659887,Thursday,W,,2016,9,39
2016-09-30,649963,Friday,W,,2016,9,39
2016-10-01,356943,Saturday,A,,2016,10,39
2016-10-02,285689,Sunday,U,,2016,10,39
2016-10-03,640715,Monday,W,,2016,10,40
2016-10-04,660222,Tuesday,W,,2016,10,40
2016-10-05,673253,Wednesday,W,,2016,10,40
2016-10-06,675140,Thursday,W,,2016,10,40
2016-10-07,724867,Friday,W,,2016,10,40
2016-10-08,437747,Saturday,A,,2016,10,40
2016-10-09,429188,Sunday,U,,2016,10,40
2016-10-10,585432,Monday,W,,2016,10,41
2016-10-11,665433,Tuesday,W,,2016,10,41
2016-10-12,648558,Wednesday,W,,2016,10,41
2016-10-13,684468,Thursday,W,,2016,10,41
2016-10-14,675665,Friday,W,,2016,10,41
2016-10-15,429326,Saturday,A,,2016,10,41
2016-10-16,327537,Sunday,U,,2016,10,41
2016-10-17,653441,Monday,W,,2016,10,42
2016-10-18,668943,Tuesday,W,,2016,10,42
2016-10-19,666405,Wednesday,W,,2016,10,42
2016-10-20,670681,Thursday,W,,2016,10,42
2016-10-21,660724,Friday,W,,2016,10,42
2016-10-22,454523,Saturday,A,,2016,10,42
2016-10-23,297808,Sunday,U,,2016,10,42
2016-10-24,643780,Monday,W,,2016,10,43
2016-10-25,661538,Tuesday,W,,2016,10,43
2016-10-26,645851,Wednesday,W,,2016,10,43
2016-10-27,678935,Thursday,W,,2016,10,43
2016-10-28,758658,Friday,W,,2016,10,43
2016-10-29,502714,Saturday,A,,2016,10,43
2016-10-30,362877,Sunday,U,,2016,10,43
2016-10-31,658584,Monday,W,,2016,10,44
2016-11-01,670707,Tuesday,W,,2016,11,44
2016-11-02,693384,Wednesday,W,,2016,11,44
2016-11-03,733259,Thursday,W,,2016,11,44
2016-11-04,943161,Friday,W,,2016,11,44
2016-11-05,431641,Saturday,A,,2016,11,44
2016-11-06,310700,Sunday,U,,2016,11,44
2016-11-07,666232,Monday,W,,2016,11,45
2016-11-08,651418,Tuesday,W,,2016,11,45
2016-11-09,672581,Wednesday,W,,2016,11,45
2016-11-10,664070,Thursday,W,,2016,11,45
2016-11-11,593186,Friday,W,,2016,11,45
2016-11-12,385143,Saturday,A,,2016,11,45
2016-11-13,276166,Sunday,U,,2016,11,45
2016-11-14,637901,Monday,W,,2016,11,46
2016-11-15,655831,Tuesday,W,,2016,11,46
2016-11-16,659192,Wednesday,W,,2016,11,46
2016-11-17,667352,Thursday,W,,2016,11,46
2016-11-18,651822,Friday,W,,2016,11,46
2016-11-19,406855,Saturday,A,,2016,11,46
2016-11-20,257262,Sunday,U,,2016,11,46
2016-11-21,623731,Monday,W,,2016,11,47
2016-11-22,622489,Tuesday,W,,2016,11,47
2016-11-23,514003,Wednesday,W,,2016,11,47
2016-11-24,179471,Thursday,U,Thanksgiving Day,2016,11,47
2016-11-25,338303,Friday,W,,2016,11,47
2016-11-26,310966,Saturday,A,,2016,11,47
2016-11-27,246528,Sunday,U,,2016,11,47
2016-11-28,592973,Monday,W,,2016,11,48
2016-11-29,634536,Tuesday,W,,2016,11,48
2016-11-30,631904,Wednesday,W,,2016,11,48
2016-12-01,641970,Thursday,W,,2016,12,48
2016-12-02,643026,Friday,W,,2016,12,48
2016-12-03,372980,Saturday,A,,2016,12,48
2016-12-04,257166,Sunday,U,,2016,12,48
2016-12-05,605638,Monday,W,,2016,12,49
2016-12-06,613803,Tuesday,W,,2016,12,49
2016-12-07,614240,Wednesday,W,,2016,12,49
2016-12-08,597023,Thursday,W,,2016,12,49
2016-12-09,602165,Friday,W,,2016,12,49
2016-12-10,346543,Saturday,A,,2016,12,49
2016-12-11,239729,Sunday,U,,2016,12,49
2016-12-12,578915,Monday,W,,2016,12,50
2016-12-13,588218,Tuesday,W,,2016,12,50
2016-12-14,567558,Wednesday,W,,2016,12,50
2016-12-15,514221,Thursday,W,,2016,12,50
2016-12-16,569112,Friday,W,,2016,12,50
2016-12-17,322029,Saturday,A,,2016,12,50
2016-12-18,208084,Sunday,U,,2016,12,50
2016-12-19,500058,Monday,W,,2016,12,51
2016-12-20,550920,Tuesday,W,,2016,12,51
2016-12-21,548152,Wednesday,W,,2016,12,51
2016-12-22,523251,Thursday,W,,2016,12,51
2016-12-23,425557,Friday,W,,2016,12,51
2016-12-24,207349,Saturday,A,,2016,12,51
2016-12-25,108110,Sunday,U,Christmas Day,2016,12,51
2016-12-26,240242,Monday,U,,2016,12,52
2016-12-27,404335,Tuesday,W,,2016,12,52
2016-12-28,442741,Wednesday,W,,2016,12,52
2016-12-29,439006,Thursday,W,,2016,12,52
2016-12-30,432057,Friday,W,,2016,12,52
2016-12-31,295002,Saturday,A,,2016,12,52
2017-01-01,237792,Sunday,U,New Year's Day,2017,1,52
2017-01-02,255944,Monday,U,,2017,1,1
2017-01-03,532948,Tuesday,W,,2017,1,1
2017-01-04,524200,Wednesday,W,,2017,1,1
2017-01-05,515984,Thursday,W,,2017,1,1
2017-01-06,491688,Friday,W,,2017,1,1
2017-01-07,256830,Saturday,A,,2017,1,1
2017-01-08,198431,Sunday,U,,2017,1,1
2017-01-09,567454,Monday,W,,2017,1,2
2017-01-10,582540,Tuesday,W,,2017,1,2
2017-01-11,585290,Wednesday,W,,2017,1,2
2017-01-12,585012,Thursday,W,,2017,1,2
2017-01-13,571941,Friday,W,,2017,1,2
2017-01-14,292018,Saturday,A,,2017,1,2
2017-01-15,228344,Sunday,U,,2017,1,2
2017-01-16,356341,Monday,W,,2017,1,3
2017-01-17,604477,Tuesday,W,,2017,1,3
2017-01-18,607921,Wednesday,W,,2017,1,3
2017-01-19,608646,Thursday,W,,2017,1,3
2017-01-20,599268,Friday,W,,2017,1,3
2017-01-21,467506,Saturday,A,,2017,1,3
2017-01-22,221365,Sunday,U,,2017,1,3
2017-01-23,593093,Monday,W,,2017,1,4
2017-01-24,608366,Tuesday,W,,2017,1,4
2017-01-25,609073,Wednesday,W,,2017,1,4
2017-01-26,614713,Thursday,W,,2017,1,4
2017-01-27,586079,Friday,W,,2017,1,4
2017-01-28,306940,Saturday,A,,2017,1,4
2017-01-29,223365,Sunday,U,,2017,1,4
2017-01-30,585895,Monday,W,,2017,1,5
2017-01-31,607273,Tuesday,W,,2017,1,5
2017-02-01,615977,Wednesday,W,,2017,2,5
2017-02-02,604528,Thursday,W,,2017,2,5
2017-02-03,566662,Friday,W,,2017,2,5
2017-02-04,300784,Saturday,A,,2017,2,5
2017-02-05,230857,Sunday,U,,2017,2,5
2017-02-06,585903,Monday,W,,2017,2,6
2017-02-07,602915,Tuesday,W,,2017,2,6
2017-02-08,605336,Wednesday,W,,2017,2,6
2017-02-09,596584,Thursday,W,,2017,2,6
2017-02-10,591340,Friday,W,,2017,2,6
2017-02-11,328633,Saturday,A,,2017,2,6
2017-02-12,242349,Sunday,U,,2017,2,6
2017-02-13,576276,Monday,W,,2017,2,7
2017-02-14,617688,Tuesday,W,,2017,2,7
2017-02-15,604002,Wednesday,W,,2017,2,7
2017-02-16,606148,Thursday,W,,2017,2,7
2017-02-17,606490,Friday,W,,2017,2,7
2017-02-18,362572,Saturday,A,,2017,2,7
2017-02-19,268140,Sunday,U,,2017,2,7
2017-02-20,457835,Monday,W,,2017,2,8
2017-02-21,608814,Tuesday,W,,2017,2,8
2017-02-22,622378,Wednesday,W,,2017,2,8
2017-02-23,616598,Thursday,W,,2017,2,8
2017-02-24,593843,Friday,W,,2017,2,8
2017-02-25,303803,Saturday,A,,2017,2,8
2017-02-26,234674,Sunday,U,,2017,2,8
2017-02-27,591709,Monday,W,,2017,2,9
2017-02-28,599568,Tuesday,W,,2017,2,9
2017-03-01,609844,Wednesday,W,,2017,3,9
2017-03-02,608801,Thursday,W,,2017,3,9
2017-03-03,598950,Friday,W,,2017,3,9
2017-03-04,323545,Saturday,A,,2017,3,9
2017-03-05,240737,Sunday,U,,2017,3,9
2017-03-06,577889,Monday,W,,2017,3,10
2017-03-07,616894,Tuesday,W,,2017,3,10
2017-03-08,616911,Wednesday,W,,2017,3,10
2017-03-09,614754,Thursday,W,,2017,3,10
2017-03-10,600080,Friday,W,,2017,3,10
2017-03-11,397576,Saturday,A,,2017,3,10
2017-03-12,235934,Sunday,U,,2017,3,10
2017-03-13,578029,Monday,W,,2017,3,11
2017-03-14,596964,Tuesday,W,,2017,3,11
2017-03-15,614749,Wednesday,W,,2017,3,11
2017-03-16,622432,Thursday,W,,2017,3,11
2017-03-17,601040,Friday,W,,2017,3,11
2017-03-18,326132,Saturday,A,,2017,3,11
2017-03-19,245766,Sunday,U,,2017,3,11
2017-03-20,567061,Monday,W,,2017,3,12
2017-03-21,589789,Tuesday,W,,2017,3,12
2017-03-22,579918,Wednesday,W,,2017,3,12
2017-03-23,581350,Thursday,W,,2017,3,12
2017-03-24,587722,Friday,W,,2017,3,12
2017-03-25,286898,Saturday,A,,2017,3,12
2017-03-26,236544,Sunday,U,,2017,3,12
2017-03-27,594476,Monday,W,,2017,3,13
2017-03-28,614337,Tuesday,W,,2017,3,13
2017-03-29,612460,Wednesday,W,,2017,3,13
2017-03-30,590249,Thursday,W,,2017,3,13
2017-03-31,605278,Friday,W,,2017,3,13
2017-04-01,349671,Saturday,A,,2017,4,13
2017-04-02,260712,Sunday,U,,2017,4,13
2017-04-03,606811,Monday,W,,2017,4,14
2017-04-04,623073,Tuesday,W,,2017,4,14
2017-04-05,597962,Wednesday,W,,2017,4,14
2017-04-06,629806,Thursday,W,,2017,4,14
2017-04-07,605396,Friday,W,,2017,4,14
2017-04-08,364851,Saturday,A,,2017,4,14
2017-04-09,274792,Sunday,U,,2017,4,14
2017-04-10,578325,Monday,W,,2017,4,15
2017-04-11,587854,Tuesday,W,,2017,4,15
2017-04-12,618692,Wednesday,W,,2017,4,15
2017-04-13,608786,Thursday,W,,2017,4,15
2017-04-14,551881,Friday,W,,2017,4,15
2017-04-15,366100,Saturday,A,,2017,4,15
2017-04-16,239873,Sunday,U,,2017,4,15
2017-04-17,602831,Monday,W,,2017,4,16
2017-04-18,630334,Tuesday,W,,2017,4,16
2017-04-19,618199,Wednesday,W,,2017,4,16
2017-04-20,618908,Thursday,W,,2017,4,16
2017-04-21,615490,Friday,W,,2017,4,16
2017-04-22,376995,Saturday,A,,2017,4,16
2017-04-23,270343,Sunday,U,,2017,4,16
2017-04-24,601372,Monday,W,,2017,4,17
2017-04-25,621407,Tuesday,W,,2017,4,17
2017-04-26,618696,Wednesday,W,,2017,4,17
2017-04-27,611450,Thursday,W,,2017,4,17
2017-04-28,604589,Friday,W,,2017,4,17
2017-04-29,293820,Saturday,A,,2017,4,17
2017-04-30,220098,Sunday,U,,2017,4,17
2017-05-01,614467,Monday,W,,2017,5,18
2017-05-02,626218,Tuesday,W,,2017,5,18
2017-05-03,639324,Wednesday,W,,2017,5,18
2017-05-04,632841,Thursday,W,,2017,5,18
2017-05-05,633903,Friday,W,,2017,5,18
2017-05-06,371172,Saturday,A,,2017,5,18
2017-05-07,270896,Sunday,U,,2017,5,18
2017-05-08,594049,Monday,W,,2017,5,19
2017-05-09,606969,Tuesday,W,,2017,5,19
2017-05-10,604953,Wednesday,W,,2017,5,19
2017-05-11,620811,Thursday,W,,2017,5,19
2017-05-12,612534,Friday,W,,2017,5,19
2017-05-13,344801,Saturday,A,,2017,5,19
2017-05-14,253538,Sunday,U,,2017,5,19
2017-05-15,583281,Monday,W,,2017,5,20
2017-05-16,631807,Tuesday,W,,2017,5,20
2017-05-17,626971,Wednesday,W,,2017,5,20
2017-05-18,637423,Thursday,W,,2017,5,20
2017-05-19,597095,Friday,W,,2017,5,20
2017-05-20,319617,Saturday,A,,2017,5,20
2017-05-21,283104,Sunday,U,,2017,5,20
2017-05-22,611525,Monday,W,,2017,5,21
2017-05-23,618860,Tuesday,W,,2017,5,21
2017-05-24,626476,Wednesday,W,,2017,5,21
2017-05-25,638245,Thursday,W,,2017,5,21
2017-05-26,568331,Friday,W,,2017,5,21
2017-05-27,372327,Saturday,A,,2017,5,21
2017-05-28,278866,Sunday,U,,2017,5,21
2017-05-29,272118,Monday,U,Memorial Day,2017,5,22
2017-05-30,593672,Tuesday,W,,2017,5,22
2017-05-31,612291,Wednesday,W,,2017,5,22
2017-06-01,631575,Thursday,W,,2017,6,22
2017-06-02,652150,Friday,W,,2017,6,22
2017-06-03,397654,Saturday,A,,2017,6,22
2017-06-04,311722,Sunday,U,,2017,6,22
2017-06-05,629386,Monday,W,,2017,6,23
2017-06-06,644577,Tuesday,W,,2017,6,23
2017-06-07,649989,Wednesday,W,,2017,6,23
2017-06-08,659638,Thursday,W,,2017,6,23
2017-06-09,673631,Friday,W,,2017,6,23
2017-06-10,448592,Saturday,A,,2017,6,23
2017-06-11,357250,Sunday,U,,2017,6,23
2017-06-12,617348,Monday,W,,2017,6,24
2017-06-13,625859,Tuesday,W,,2017,6,24
2017-06-14,607997,Wednesday,W,,2017,6,24
2017-06-15,637000,Thursday,W,,2017,6,24
2017-06-16,605313,Friday,W,,2017,6,24
2017-06-17,337022,Saturday,A,,2017,6,24
2017-06-18,274758,Sunday,U,,2017,6,24
2017-06-19,605755,Monday,W,,2017,6,25
2017-06-20,639659,Tuesday,W,,2017,6,25
2017-06-21,635760,Wednesday,W,,2017,6,25
2017-06-22,610446,Thursday,W,,2017,6,25
2017-06-23,612081,Friday,W,,2017,6,25
2017-06-24,387125,Saturday,A,,2017,6,25
2017-06-25,417217,Sunday,U,,2017,6,25
2017-06-26,591459,Monday,W,,2017,6,26
2017-06-27,615363,Tuesday,W,,2017,6,26
2017-06-28,600910,Wednesday,W,,2017,6,26
2017-06-29,637256,Thursday,W,,2017,6,26
2017-06-30,622767,Friday,W,,2017,6,26
2017-07-01,395137,Saturday,A,,2017,7,26
2017-07-02,296230,Sunday,U,,2017,7,26
2017-07-03,447128,Monday,W,,2017,7,27
2017-07-04,316368,Tuesday,U,Independence Day,2017,7,27
2017-07-05,603543,Wednesday,W,,2017,7,27
2017-07-06,645511,Thursday,W,,2017,7,27
2017-07-07,641762,Friday,W,,2017,7,27
2017-07-08,419605,Saturday,A,,2017,7,27
2017-07-09,326733,Sunday,U,,2017,7,27
2017-07-10,571718,Monday,W,,2017,7,28
2017-07-11,604478,Tuesday,W,,2017,7,28
2017-07-12,577776,Wednesday,W,,2017,7,28
2017-07-13,618056,Thursday,W,,2017,7,28
2017-07-14,627238,Friday,W,,2017,7,28
2017-07-15,400953,Saturday,A,,2017,7,28
2017-07-16,304021,Sunday,U,,2017,7,28
2017-07-17,609447,Monday,W,,2017,7,29
2017-07-18,620183,Tuesday,W,,2017,7,29
2017-07-19,617502,Wednesday,W,,2017,7,29
2017-07-20,597554,Thursday,W,,2017,7,29
2017-07-21,627075,Friday,W,,2017,7,29
2017-07-22,381476,Saturday,A,,2017,7,29
2017-07-23,302179,Sunday,U,,2017,7,29
2017-07-24,629598,Monday,W,,2017,7,30
2017-07-25,635151,Tuesday,W,,2017,7,30
2017-07-26,621380,Wednesday,W,,2017,7,30
2017-07-27,633232,Thursday,W,,2017,7,30
2017-07-28,607041,Friday,W,,2017,7,30
2017-07-29,374104,Saturday,A,,2017,7,30
2017-07-30,283985,Sunday,U,,2017,7,30
2017-07-31,581767,Monday,W,,2017,7,31
2017-08-01,636072,Tuesday,W,,2017,8,31
2017-08-02,667458,Wednesday,W,,2017,8,31
2017-08-03,686201,Thursday,W,,2017,8,31
2017-08-04,680297,Friday,W,,2017,8,31
2017-08-05,442345,Saturday,A,,2017,8,31
2017-08-06,349580,Sunday,U,,2017,8,31
2017-08-07,579146,Monday,W,,2017,8,32
2017-08-08,604628,Tuesday,W,,2017,8,32
2017-08-09,602637,Wednesday,W,,2017,8,32
2017-08-10,613013,Thursday,W,,2017,8,32
2017-08-11,622280,Friday,W,,2017,8,32
2017-08-12,386512,Saturday,A,,2017,8,32
2017-08-13,284923,Sunday,U,,2017,8,32
2017-08-14,589446,Monday,W,,2017,8,33
2017-08-15,576000,Tuesday,W,,2017,8,33
2017-08-16,604308,Wednesday,W,,2017,8,33
2017-08-17,618147,Thursday,W,,2017,8,33
2017-08-18,617875,Friday,W,,2017,8,33
2017-08-19,395213,Saturday,A,,2017,8,33
2017-08-20,309267,Sunday,U,,2017,8,33
2017-08-21,555492,Monday,W,,2017,8,34
2017-08-22,573290,Tuesday,W,,2017,8,34
2017-08-23,591698,Wednesday,W,,2017,8,34
2017-08-24,615164,Thursday,W,,2017,8,34
2017-08-25,609471,Friday,W,,2017,8,34
2017-08-26,360852,Saturday,A,,2017,8,34
2017-08-27,272798,Sunday,U,,2017,8,34
2017-08-28,608866,Monday,W,,2017,8,35
2017-08-29,627687,Tuesday,W,,2017,8,35
2017-08-30,641012,Wednesday,W,,2017,8,35
2017-08-31,646078,Thursday,W,,2017,8,35
2017-09-01,628121,Friday,W,,2017,9,35
2017-09-02,386020,Saturday,A,,2017,9,35
2017-09-03,333264,Sunday,U,,2017,9,35
2017-09-04,264797,Monday,U,Labor Day,2017,9,36
2017-09-05,630184,Tuesday,W,,2017,9,36
2017-09-06,648959,Wednesday,W,,2017,9,36
2017-09-07,662234,Thursday,W,,2017,9,36
2017-09-08,668530,Friday,W,,2017,9,36
2017-09-09,391042,Saturday,A,,2017,9,36
2017-09-10,304239,Sunday,U,,2017,9,36
2017-09-11,633970,Monday,W,,2017,9,37
2017-09-12,672084,Tuesday,W,,2017,9,37
2017-09-13,671582,Wednesday,W,,2017,9,37
2017-09-14,692583,Thursday,W,,2017,9,37
2017-09-15,691985,Friday,W,,2017,9,37
2017-09-16,417508,Saturday,A,,2017,9,37
2017-09-17,307742,Sunday,U,,2017,9,37
2017-09-18,637850,Monday,W,,2017,9,38
2017-09-19,649107,Tuesday,W,,2017,9,38
2017-09-20,656522,Wednesday,W,,2017,9,38
2017-09-21,650876,Thursday,W,,2017,9,38
2017-09-22,644960,Friday,W,,2017,9,38
2017-09-23,372357,Saturday,A,,2017,9,38
2017-09-24,284729,Sunday,U,,2017,9,38
2017-09-25,633901,Monday,W,,2017,9,39
2017-09-26,653555,Tuesday,W,,2017,9,39
2017-09-27,657981,Wednesday,W,,2017,9,39
2017-09-28,668553,Thursday,W,,2017,9,39
2017-09-29,670284,Friday,W,,2017,9,39
2017-09-30,386831,Saturday,A,,2017,9,39
2017-10-01,293463,Sunday,U,,2017,10,39
2017-10-02,633807,Monday,W,,2017,10,40
2017-10-03,655724,Tuesday,W,,2017,10,40
2017-10-04,659257,Wednesday,W,,2017,10,40
2017-10-05,674396,Thursday,W,,2017,10,40
2017-10-06,665356,Friday,W,,2017,10,40
2017-10-07,376612,Saturday,A,,2017,10,40
2017-10-08,438052,Sunday,U,,2017,10,40
2017-10-09,621078,Monday,W,,2017,10,41
2017-10-10,678797,Tuesday,W,,2017,10,41
2017-10-11,675400,Wednesday,W,,2017,10,41
2017-10-12,669234,Thursday,W,,2017,10,41
2017-10-13,657898,Friday,W,,2017,10,41
2017-10-14,295213,Saturday,A,,2017,10,41
2017-10-15,272704,Sunday,U,,2017,10,41
2017-10-16,641170,Monday,W,,2017,10,42
2017-10-17,676825,Tuesday,W,,2017,10,42
2017-10-18,686283,Wednesday,W,,2017,10,42
2017-10-19,700250,Thursday,W,,2017,10,42
2017-10-20,658033,Friday,W,,2017,10,42
2017-10-21,385851,Saturday,A,,2017,10,42
2017-10-22,260515,Sunday,U,,2017,10,42
2017-10-23,619834,Monday,W,,2017,10,43
2017-10-24,635447,Tuesday,W,,2017,10,43
2017-10-25,656129,Wednesday,W,,2017,10,43
2017-10-26,665039,Thursday,W,,2017,10,43
2017-10-27,635666,Friday,W,,2017,10,43
2017-10-28,338546,Saturday,A,,2017,10,43
2017-10-29,260819,Sunday,U,,2017,10,43
2017-10-30,622510,Monday,W,,2017,10,44
2017-10-31,626305,Tuesday,W,,2017,10,44
2017-11-01,642204,Wednesday,W,,2017,11,44
2017-11-02,653818,Thursday,W,,2017,11,44
2017-11-03,621722,Friday,W,,2017,11,44
2017-11-04,319768,Saturday,A,,2017,11,44
2017-11-05,254856,Sunday,U,,2017,11,44
2017-11-06,635733,Monday,W,,2017,11,45
2017-11-07,646222,Tuesday,W,,2017,11,45
2017-11-08,655531,Wednesday,W,,2017,11,45
2017-11-09,658546,Thursday,W,,2017,11,45
2017-11-10,593390,Friday,W,,2017,11,45
2017-11-11,346734,Saturday,A,,2017,11,45
2017-11-12,247392,Sunday,U,,2017,11,45
2017-11-13,623643,Monday,W,,2017,11,46
2017-11-14,642914,Tuesday,W,,2017,11,46
2017-11-15,633844,Wednesday,W,,2017,11,46
2017-11-16,636467,Thursday,W,,2017,11,46
2017-11-17,640840,Friday,W,,2017,11,46
2017-11-18,348484,Saturday,A,,2017,11,46
2017-11-19,269519,Sunday,U,,2017,11,46
2017-11-20,614655,Monday,W,,2017,11,47
2017-11-21,613520,Tuesday,W,,2017,11,47
2017-11-22,510776,Wednesday,W,,2017,11,47
2017-11-23,170126,Thursday,U,Thanksgiving Day,2017,11,47
2017-11-24,341449,Friday,W,,2017,11,47
2017-11-25,299888,Saturday,A,,2017,11,47
2017-11-26,237324,Sunday,U,,2017,11,47
2017-11-27,598008,Monday,W,,2017,11,48
2017-11-28,619613,Tuesday,W,,2017,11,48
2017-11-29,626131,Wednesday,W,,2017,11,48
2017-11-30,635705,Thursday,W,,2017,11,48
2017-12-01,646724,Friday,W,,2017,12,48
2017-12-02,377011,Saturday,A,,2017,12,48
2017-12-03,278250,Sunday,U,,2017,12,48
2017-12-04,609564,Monday,W,,2017,12,49
2017-12-05,607461,Tuesday,W,,2017,12,49
2017-12-06,611430,Wednesday,W,,2017,12,49
2017-12-07,611199,Thursday,W,,2017,12,49
2017-12-08,609474,Friday,W,,2017,12,49
2017-12-09,331383,Saturday,A,,2017,12,49
2017-12-10,242866,Sunday,U,,2017,12,49
2017-12-11,581731,Monday,W,,2017,12,50
2017-12-12,584850,Tuesday,W,,2017,12,50
2017-12-13,589157,Wednesday,W,,2017,12,50
2017-12-14,595327,Thursday,W,,2017,12,50
2017-12-15,577051,Friday,W,,2017,12,50
2017-12-16,342877,Saturday,A,,2017,12,50
2017-12-17,243579,Sunday,U,,2017,12,50
2017-12-18,556297,Monday,W,,2017,12,51
2017-12-19,574746,Tuesday,W,,2017,12,51
2017-12-20,563389,Wednesday,W,,2017,12,51
2017-12-21,543666,Thursday,W,,2017,12,51
2017-12-22,482898,Friday,W,,2017,12,51
2017-12-23,264623,Saturday,A,,2017,12,51
2017-12-24,169141,Sunday,U,,2017,12,51
2017-12-25,97518,Monday,U,Christmas Day,2017,12,52
2017-12-26,269991,Tuesday,W,,2017,12,52
2017-12-27,342710,Wednesday,W,,2017,12,52
2017-12-28,376152,Thursday,W,,2017,12,52
2017-12-29,384599,Friday,W,,2017,12,52
2017-12-30,225685,Saturday,A,,2017,12,52
2017-12-31,193919,Sunday,U,,2017,12,52
2018-01-01,158966,Monday,U,New Year's Day,2018,1,1
2018-01-02,421161,Tuesday,W,,2018,1,1
2018-01-03,481419,Wednesday,W,,2018,1,1
2018-01-04,484155,Thursday,W,,2018,1,1
2018-01-05,468956,Friday,W,,2018,1,1
2018-01-06,234606,Saturday,A,,2018,1,1
2018-01-07,184238,Sunday,U,,2018,1,1
2018-01-08,544099,Monday,W,,2018,1,2
2018-01-09,560842,Tuesday,W,,2018,1,2
2018-01-10,569376,Wednesday,W,,2018,1,2
2018-01-11,569682,Thursday,W,,2018,1,2
2018-01-12,527432,Friday,W,,2018,1,2
2018-01-13,259655,Saturday,A,,2018,1,2
2018-01-14,199501,Sunday,U,,2018,1,2
2018-01-15,343698,Monday,W,,2018,1,3
2018-01-16,582304,Tuesday,W,,2018,1,3
2018-01-17,584576,Wednesday,W,,2018,1,3
2018-01-18,590055,Thursday,W,,2018,1,3
2018-01-19,574428,Friday,W,,2018,1,3
2018-01-20,360910,Saturday,A,,2018,1,3
2018-01-21,211243,Sunday,U,,2018,1,3
2018-01-22,583076,Monday,W,,2018,1,4
2018-01-23,600944,Tuesday,W,,2018,1,4
2018-01-24,599926,Wednesday,W,,2018,1,4
2018-01-25,609295,Thursday,W,,2018,1,4
2018-01-26,591941,Friday,W,,2018,1,4
2018-01-27,308778,Saturday,A,,2018,1,4
2018-01-28,218704,Sunday,U,,2018,1,4
2018-01-29,573280,Monday,W,,2018,1,5
2018-01-30,592484,Tuesday,W,,2018,1,5
2018-01-31,597468,Wednesday,W,,2018,1,5
2018-02-01,594554,Thursday,W,,2018,2,5
2018-02-02,539802,Friday,W,,2018,2,5
2018-02-03,279240,Saturday,A,,2018,2,5
2018-02-04,190174,Sunday,U,,2018,2,5
2018-02-05,554312,Monday,W,,2018,2,6
2018-02-06,581153,Tuesday,W,,2018,2,6
2018-02-07,586019,Wednesday,W,,2018,2,6
2018-02-08,597316,Thursday,W,,2018,2,6
2018-02-09,402214,Friday,W,,2018,2,6
2018-02-10,285111,Saturday,A,,2018,2,6
2018-02-11,212418,Sunday,U,,2018,2,6
2018-02-12,568113,Monday,W,,2018,2,7
2018-02-13,610233,Tuesday,W,,2018,2,7
2018-02-14,620881,Wednesday,W,,2018,2,7
2018-02-15,612711,Thursday,W,,2018,2,7
2018-02-16,595122,Friday,W,,2018,2,7
2018-02-17,311239,Saturday,A,,2018,2,7
2018-02-18,244944,Sunday,U,,2018,2,7
2018-02-19,429765,Monday,W,,2018,2,8
2018-02-20,589707,Tuesday,W,,2018,2,8
2018-02-21,607677,Wednesday,W,,2018,2,8
2018-02-22,610190,Thursday,W,,2018,2,8
2018-02-23,591575,Friday,W,,2018,2,8
2018-02-24,314050,Saturday,A,,2018,2,8
2018-02-25,238502,Sunday,U,,2018,2,8
2018-02-26,589835,Monday,W,,2018,2,9
2018-02-27,610042,Tuesday,W,,2018,2,9
2018-02-28,604788,Wednesday,W,,2018,2,9
2018-03-01,594544,Thursday,W,,2018,3,9
2018-03-02,590726,Friday,W,,2018,3,9
2018-03-03,322409,Saturday,A,,2018,3,9
2018-03-04,232829,Sunday,U,,2018,3,9
2018-03-05,563452,Monday,W,,2018,3,10
2018-03-06,593870,Tuesday,W,,2018,3,10
2018-03-07,601028,Wednesday,W,,2018,3,10
2018-03-08,603044,Thursday,W,,2018,3,10
2018-03-09,584688,Friday,W,,2018,3,10
2018-03-10,317459,Saturday,A,,2018,3,10
2018-03-11,231662,Sunday,U,,2018,3,10
2018-03-12,587257,Monday,W,,2018,3,11
2018-03-13,600984,Tuesday,W,,2018,3,11
2018-03-14,613672,Wednesday,W,,2018,3,11
2018-03-15,619189,Thursday,W,,2018,3,11
2018-03-16,606665,Friday,W,,2018,3,11
2018-03-17,489726,Saturday,A,,2018,3,11
2018-03-18,258945,Sunday,U,,2018,3,11
2018-03-19,582309,Monday,W,,2018,3,12
2018-03-20,583018,Tuesday,W,,2018,3,12
2018-03-21,587276,Wednesday,W,,2018,3,12
2018-03-22,593344,Thursday,W,,2018,3,12
2018-03-23,574701,Friday,W,,2018,3,12
2018-03-24,313796,Saturday,A,,2018,3,12
2018-03-25,247616,Sunday,U,,2018,3,12
2018-03-26,542061,Monday,W,,2018,3,13
2018-03-27,562168,Tuesday,W,,2018,3,13
2018-03-28,570961,Wednesday,W,,2018,3,13
2018-03-29,563276,Thursday,W,,2018,3,13
2018-03-30,499659,Friday,W,,2018,3,13
2018-03-31,281297,Saturday,A,,2018,3,13
2018-04-01,194775,Sunday,U,,2018,4,13
2018-04-02,561758,Monday,W,,2018,4,14
2018-04-03,588129,Tuesday,W,,2018,4,14
2018-04-04,602548,Wednesday,W,,2018,4,14
2018-04-05,615269,Thursday,W,,2018,4,14
2018-04-06,588743,Friday,W,,2018,4,14
2018-04-07,326323,Saturday,A,,2018,4,14
2018-04-08,231592,Sunday,U,,2018,4,14
2018-04-09,578592,Monday,W,,2018,4,15
2018-04-10,611204,Tuesday,W,,2018,4,15
2018-04-11,628827,Wednesday,W,,2018,4,15
2018-04-12,633034,Thursday,W,,2018,4,15
2018-04-13,585013,Friday,W,,2018,4,15
2018-04-14,302350,Saturday,A,,2018,4,15
2018-04-15,211054,Sunday,U,,2018,4,15
2018-04-16,575310,Monday,W,,2018,4,16
2018-04-17,619732,Tuesday,W,,2018,4,16
2018-04-18,594489,Wednesday,W,,2018,4,16
2018-04-19,611991,Thursday,W,,2018,4,16
2018-04-20,600590,Friday,W,,2018,4,16
2018-04-21,316703,Saturday,A,,2018,4,16
2018-04-22,240666,Sunday,U,,2018,4,16
2018-04-23,581744,Monday,W,,2018,4,17
2018-04-24,607199,Tuesday,W,,2018,4,17
2018-04-25,611354,Wednesday,W,,2018,4,17
2018-04-26,634758,Thursday,W,,2018,4,17
2018-04-27,614228,Friday,W,,2018,4,17
2018-04-28,344226,Saturday,A,,2018,4,17
2018-04-29,267910,Sunday,U,,2018,4,17
2018-04-30,609463,Monday,W,,2018,4,18
2018-05-01,639070,Tuesday,W,,2018,5,18
2018-05-02,618005,Wednesday,W,,2018,5,18
2018-05-03,611478,Thursday,W,,2018,5,18
2018-05-04,605022,Friday,W,,2018,5,18
2018-05-05,357204,Saturday,A,,2018,5,18
2018-05-06,254800,Sunday,U,,2018,5,18
2018-05-07,610467,Monday,W,,2018,5,19
2018-05-08,642086,Tuesday,W,,2018,5,19
2018-05-09,621485,Wednesday,W,,2018,5,19
2018-05-10,626694,Thursday,W,,2018,5,19
2018-05-11,611591,Friday,W,,2018,5,19
2018-05-12,316203,Saturday,A,,2018,5,19
2018-05-13,247538,Sunday,U,,2018,5,19
2018-05-14,564209,Monday,W,,2018,5,20
2018-05-15,598569,Tuesday,W,,2018,5,20
2018-05-16,602525,Wednesday,W,,2018,5,20
2018-05-17,610876,Thursday,W,,2018,5,20
2018-05-18,589614,Friday,W,,2018,5,20
2018-05-19,328790,Saturday,A,,2018,5,20
2018-05-20,233628,Sunday,U,,2018,5,20
2018-05-21,550485,Monday,W,,2018,5,21
2018-05-22,626843,Tuesday,W,,2018,5,21
2018-05-23,636188,Wednesday,W,,2018,5,21
2018-05-24,622764,Thursday,W,,2018,5,21
2018-05-25,600361,Friday,W,,2018,5,21
2018-05-26,380660,Saturday,A,,2018,5,21
2018-05-27,303960,Sunday,U,,2018,5,21
2018-05-28,263296,Monday,U,Memorial Day,2018,5,22
2018-05-29,588420,Tuesday,W,,2018,5,22
2018-05-30,589036,Wednesday,W,,2018,5,22
2018-05-31,618760,Thursday,W,,2018,5,22
2018-06-01,633778,Friday,W,,2018,6,22
2018-06-02,350984,Saturday,A,,2018,6,22
2018-06-03,278250,Sunday,U,,2018,6,22
2018-06-04,594999,Monday,W,,2018,6,23
2018-06-05,637498,Tuesday,W,,2018,6,23
2018-06-06,637596,Wednesday,W,,2018,6,23
2018-06-07,654001,Thursday,W,,2018,6,23
2018-06-08,627937,Friday,W,,2018,6,23
2018-06-09,381545,Saturday,A,,2018,6,23
2018-06-10,275499,Sunday,U,,2018,6,23
2018-06-11,593180,Monday,W,,2018,6,24
2018-06-12,614357,Tuesday,W,,2018,6,24
2018-06-13,622445,Wednesday,W,,2018,6,24
2018-06-14,617953,Thursday,W,,2018,6,24
2018-06-15,602153,Friday,W,,2018,6,24
2018-06-16,354292,Saturday,A,,2018,6,24
2018-06-17,263787,Sunday,U,,2018,6,24
2018-06-18,592138,Monday,W,,2018,6,25
2018-06-19,629443,Tuesday,W,,2018,6,25
2018-06-20,624982,Wednesday,W,,2018,6,25
2018-06-21,559882,Thursday,W,,2018,6,25
2018-06-22,564778,Friday,W,,2018,6,25
2018-06-23,363416,Saturday,A,,2018,6,25
2018-06-24,418081,Sunday,U,,2018,6,25
2018-06-25,581462,Monday,W,,2018,6,26
2018-06-26,587779,Tuesday,W,,2018,6,26
2018-06-27,609364,Wednesday,W,,2018,6,26
2018-06-28,621548,Thursday,W,,2018,6,26
2018-06-29,619129,Friday,W,,2018,6,26
2018-06-30,375832,Saturday,A,,2018,6,26
2018-07-01,267572,Sunday,U,,2018,7,26
2018-07-02,557766,Monday,W,,2018,7,27
2018-07-03,589508,Tuesday,W,,2018,7,27
2018-07-04,297840,Wednesday,U,Independence Day,2018,7,27
2018-07-05,506340,Thursday,W,,2018,7,27
2018-07-06,574938,Friday,W,,2018,7,27
2018-07-07,355446,Saturday,A,,2018,7,27
2018-07-08,281223,Sunday,U,,2018,7,27
2018-07-09,579446,Monday,W,,2018,7,28
2018-07-10,610326,Tuesday,W,,2018,7,28
2018-07-11,629318,Wednesday,W,,2018,7,28
2018-07-12,630312,Thursday,W,,2018,7,28
2018-07-13,644746,Friday,W,,2018,7,28
2018-07-14,368303,Saturday,A,,2018,7,28
2018-07-15,306803,Sunday,U,,2018,7,28
2018-07-16,575929,Monday,W,,2018,7,29
2018-07-17,608261,Tuesday,W,,2018,7,29
2018-07-18,613080,Wednesday,W,,2018,7,29
2018-07-19,642111,Thursday,W,,2018,7,29
2018-07-20,627310,Friday,W,,2018,7,29
2018-07-21,391277,Saturday,A,,2018,7,29
2018-07-22,290147,Sunday,U,,2018,7,29
2018-07-23,614263,Monday,W,,2018,7,30
2018-07-24,637612,Tuesday,W,,2018,7,30
2018-07-25,631585,Wednesday,W,,2018,7,30
2018-07-26,642389,Thursday,W,,2018,7,30
2018-07-27,610023,Friday,W,,2018,7,30
2018-07-28,366626,Saturday,A,,2018,7,30
2018-07-29,287988,Sunday,U,,2018,7,30
2018-07-30,593466,Monday,W,,2018,7,31
2018-07-31,600210,Tuesday,W,,2018,7,31
2018-08-01,622758,Wednesday,W,,2018,8,31
2018-08-02,708838,Thursday,W,,2018,8,31
2018-08-03,683899,Friday,W,,2018,8,31
2018-08-04,421990,Saturday,A,,2018,8,31
2018-08-05,343979,Sunday,U,,2018,8,31
2018-08-06,565301,Monday,W,,2018,8,32
2018-08-07,577705,Tuesday,W,,2018,8,32
2018-08-08,597723,Wednesday,W,,2018,8,32
2018-08-09,597930,Thursday,W,,2018,8,32
2018-08-10,622704,Friday,W,,2018,8,32
2018-08-11,392990,Saturday,A,,2018,8,32
2018-08-12,301898,Sunday,U,,2018,8,32
2018-08-13,560790,Monday,W,,2018,8,33
2018-08-14,607843,Tuesday,W,,2018,8,33
2018-08-15,592104,Wednesday,W,,2018,8,33
2018-08-16,585585,Thursday,W,,2018,8,33
2018-08-17,573700,Friday,W,,2018,8,33
2018-08-18,379694,Saturday,A,,2018,8,33
2018-08-19,290012,Sunday,U,,2018,8,33
2018-08-20,553232,Monday,W,,2018,8,34
2018-08-21,580389,Tuesday,W,,2018,8,34
2018-08-22,584754,Wednesday,W,,2018,8,34
2018-08-23,615247,Thursday,W,,2018,8,34
2018-08-24,574689,Friday,W,,2018,8,34
2018-08-25,353926,Saturday,A,,2018,8,34
2018-08-26,279800,Sunday,U,,2018,8,34
2018-08-27,609234,Monday,W,,2018,8,35
2018-08-28,628519,Tuesday,W,,2018,8,35
2018-08-29,631320,Wednesday,W,,2018,8,35
2018-08-30,641736,Thursday,W,,2018,8,35
2018-08-31,597563,Friday,W,,2018,8,35
2018-09-01,332839,Saturday,A,,2018,9,35
2018-09-02,299012,Sunday,U,,2018,9,35
2018-09-03,238237,Monday,U,Labor Day,2018,9,36
2018-09-04,624600,Tuesday,W,,2018,9,36
2018-09-05,648337,Wednesday,W,,2018,9,36
2018-09-06,649160,Thursday,W,,2018,9,36
2018-09-07,657350,Friday,W,,2018,9,36
2018-09-08,369145,Saturday,A,,2018,9,36
2018-09-09,267166,Sunday,U,,2018,9,36
2018-09-10,654202,Monday,W,,2018,9,37
2018-09-11,676078,Tuesday,W,,2018,9,37
2018-09-12,690330,Wednesday,W,,2018,9,37
2018-09-13,678346,Thursday,W,,2018,9,37
2018-09-14,688458,Friday,W,,2018,9,37
2018-09-15,404816,Saturday,A,,2018,9,37
2018-09-16,304553,Sunday,U,,2018,9,37
2018-09-17,656450,Monday,W,,2018,9,38
2018-09-18,657843,Tuesday,W,,2018,9,38
2018-09-19,649748,Wednesday,W,,2018,9,38
2018-09-20,671063,Thursday,W,,2018,9,38
2018-09-21,665786,Friday,W,,2018,9,38
2018-09-22,372059,Saturday,A,,2018,9,38
2018-09-23,268689,Sunday,U,,2018,9,38
2018-09-24,665710,Monday,W,,2018,9,39
2018-09-25,672151,Tuesday,W,,2018,9,39
2018-09-26,692376,Wednesday,W,,2018,9,39
2018-09-27,699526,Thursday,W,,2018,9,39
2018-09-28,674036,Friday,W,,2018,9,39
2018-09-29,400851,Saturday,A,,2018,9,39
2018-09-30,294160,Sunday,U,,2018,9,39
2018-10-01,667560,Monday,W,,2018,10,40
2018-10-02,680970,Tuesday,W,,2018,10,40
2018-10-03,684971,Wednesday,W,,2018,10,40
2018-10-04,697964,Thursday,W,,2018,10,40
2018-10-05,645187,Friday,W,,2018,10,40
2018-10-06,374180,Saturday,A,,2018,10,40
2018-10-07,414466,Sunday,U,,2018,10,40
2018-10-08,594234,Monday,W,,2018,10,41
2018-10-09,671479,Tuesday,W,,2018,10,41
2018-10-10,656132,Wednesday,W,,2018,10,41
2018-10-11,675119,Thursday,W,,2018,10,41
2018-10-12,641008,Friday,W,,2018,10,41
2018-10-13,373901,Saturday,A,,2018,10,41
2018-10-14,270099,Sunday,U,,2018,10,41
2018-10-15,642712,Monday,W,,2018,10,42
2018-10-16,662330,Tuesday,W,,2018,10,42
2018-10-17,666547,Wednesday,W,,2018,10,42
2018-10-18,672619,Thursday,W,,2018,10,42
2018-10-19,639586,Friday,W,,2018,10,42
2018-10-20,352153,Saturday,A,,2018,10,42
2018-10-21,269775,Sunday,U,,2018,10,42
2018-10-22,635131,Monday,W,,2018,10,43
2018-10-23,655330,Tuesday,W,,2018,10,43
2018-10-24,657249,Wednesday,W,,2018,10,43
2018-10-25,662920,Thursday,W,,2018,10,43
2018-10-26,642297,Friday,W,,2018,10,43
2018-10-27,349116,Saturday,A,,2018,10,43
2018-10-28,256108,Sunday,U,,2018,10,43
2018-10-29,632637,Monday,W,,2018,10,44
2018-10-30,648239,Tuesday,W,,2018,10,44
2018-10-31,641095,Wednesday,W,,2018,10,44
2018-11-01,656717,Thursday,W,,2018,11,44
2018-11-02,620520,Friday,W,,2018,11,44
2018-11-03,347889,Saturday,A,,2018,11,44
2018-11-04,237780,Sunday,U,,2018,11,44
2018-11-05,633580,Monday,W,,2018,11,45
2018-11-06,629028,Tuesday,W,,2018,11,45
2018-11-07,644253,Wednesday,W,,2018,11,45
2018-11-08,655912,Thursday,W,,2018,11,45
2018-11-09,618148,Friday,W,,2018,11,45
2018-11-10,313132,Saturday,A,,2018,11,45
2018-11-11,248718,Sunday,U,,2018,11,45
2018-11-12,536533,Monday,W,,2018,11,46
2018-11-13,632736,Tuesday,W,,2018,11,46
2018-11-14,630282,Wednesday,W,,2018,11,46
2018-11-15,629205,Thursday,W,,2018,11,46
2018-11-16,644300,Friday,W,,2018,11,46
2018-11-17,368319,Saturday,A,,2018,11,46
2018-11-18,257943,Sunday,U,,2018,11,46
2018-11-19,608881,Monday,W,,2018,11,47
2018-11-20,609955,Tuesday,W,,2018,11,47
2018-11-21,498037,Wednesday,W,,2018,11,47
2018-11-22,160431,Thursday,U,Thanksgiving Day,2018,11,47
2018-11-23,323493,Friday,W,,2018,11,47
2018-11-24,282491,Saturday,A,,2018,11,47
2018-11-25,201605,Sunday,U,,2018,11,47
2018-11-26,532312,Monday,W,,2018,11,48
2018-11-27,610685,Tuesday,W,,2018,11,48
2018-11-28,616777,Wednesday,W,,2018,11,48
2018-11-29,628994,Thursday,W,,2018,11,48
2018-11-30,625588,Friday,W,,2018,11,48
2018-12-01,293222,Saturday,A,,2018,12,48
2018-12-02,234358,Sunday,U,,2018,12,48
2018-12-03,602256,Monday,W,,2018,12,49
2018-12-04,614298,Tuesday,W,,2018,12,49
2018-12-05,607106,Wednesday,W,,2018,12,49
2018-12-06,623694,Thursday,W,,2018,12,49
2018-12-07,602554,Friday,W,,2018,12,49
2018-12-08,326396,Saturday,A,,2018,12,49
2018-12-09,239717,Sunday,U,,2018,12,49
2018-12-10,582009,Monday,W,,2018,12,50
2018-12-11,602240,Tuesday,W,,2018,12,50
2018-12-12,598954,Wednesday,W,,2018,12,50
2018-12-13,607960,Thursday,W,,2018,12,50
2018-12-14,596588,Friday,W,,2018,12,50
2018-12-15,347151,Saturday,A,,2018,12,50
2018-12-16,254201,Sunday,U,,2018,12,50
2018-12-17,550299,Monday,W,,2018,12,51
2018-12-18,578192,Tuesday,W,,2018,12,51
2018-12-19,577324,Wednesday,W,,2018,12,51
2018-12-20,561861,Thursday,W,,2018,12,51
2018-12-21,521854,Friday,W,,2018,12,51
2018-12-22,277166,Saturday,A,,2018,12,51
2018-12-23,213793,Sunday,U,,2018,12,51
2018-12-24,230105,Monday,W,,2018,12,52
2018-12-25,105194,Tuesday,U,Christmas Day,2018,12,52
2018-12-26,339396,Wednesday,W,,2018,12,52
2018-12-27,373201,Thursday,W,,2018,12,52
2018-12-28,406921,Friday,W,,2018,12,52
2018-12-29,250774,Saturday,A,,2018,12,52
2018-12-30,218050,Sunday,U,,2018,12,52
2018-12-31,318031,Monday,W,,2018,12,1
2019-01-01,199888,Tuesday,U,New Year's Day,2019,1,1
2019-01-02,469789,Wednesday,W,,2019,1,1
2019-01-03,514216,Thursday,W,,2019,1,1
2019-01-04,514817,Friday,W,,2019,1,1
2019-01-05,279731,Saturday,A,,2019,1,1
2019-01-06,211843,Sunday,U,,2019,1,1
2019-01-07,542630,Monday,W,,2019,1,2
2019-01-08,574758,Tuesday,W,,2019,1,2
2019-01-09,561448,Wednesday,W,,2019,1,2
2019-01-10,565313,Thursday,W,,2019,1,2
2019-01-11,556264,Friday,W,,2019,1,2
2019-01-12,261226,Saturday,A,,2019,1,2
2019-01-13,203441,Sunday,U,,2019,1,2
2019-01-14,577934,Monday,W,,2019,1,3
2019-01-15,589831,Tuesday,W,,2019,1,3
2019-01-16,596345,Wednesday,W,,2019,1,3
2019-01-17,601981,Thursday,W,,2019,1,3
2019-01-18,573376,Friday,W,,2019,1,3
2019-01-19,250949,Saturday,A,,2019,1,3
2019-01-20,192483,Sunday,U,,2019,1,3
2019-01-21,328872,Monday,W,,2019,1,4
2019-01-22,583303,Tuesday,W,,2019,1,4
2019-01-23,588851,Wednesday,W,,2019,1,4
2019-01-24,582627,Thursday,W,,2019,1,4
2019-01-25,483822,Friday,W,,2019,1,4
2019-01-26,237807,Saturday,A,,2019,1,4
2019-01-27,179748,Sunday,U,,2019,1,4
2019-01-28,556014,Monday,W,,2019,1,5
2019-01-29,475011,Tuesday,W,,2019,1,5
2019-01-30,80204,Wednesday,W,,2019,1,5
2019-01-31,199789,Thursday,W,,2019,1,5
2019-02-01,531924,Friday,W,,2019,2,5
2019-02-02,280328,Saturday,A,,2019,2,5
2019-02-03,204723,Sunday,U,,2019,2,5
2019-02-04,589929,Monday,W,,2019,2,6
2019-02-05,602583,Tuesday,W,,2019,2,6
2019-02-06,597320,Wednesday,W,,2019,2,6
2019-02-07,601081,Thursday,W,,2019,2,6
2019-02-08,538270,Friday,W,,2019,2,6
2019-02-09,274811,Saturday,A,,2019,2,6
2019-02-10,205105,Sunday,U,,2019,2,6
2019-02-11,578359,Monday,W,,2019,2,7
2019-02-12,573205,Tuesday,W,,2019,2,7
2019-02-13,598137,Wednesday,W,,2019,2,7
2019-02-14,612785,Thursday,W,,2019,2,7
2019-02-15,564624,Friday,W,,2019,2,7
2019-02-16,294085,Saturday,A,,2019,2,7
2019-02-17,209698,Sunday,U,,2019,2,7
2019-02-18,426308,Monday,W,,2019,2,8
2019-02-19,595208,Tuesday,W,,2019,2,8
2019-02-20,588623,Wednesday,W,,2019,2,8
2019-02-21,597103,Thursday,W,,2019,2,8
2019-02-22,576981,Friday,W,,2019,2,8
2019-02-23,266159,Saturday,A,,2019,2,8
2019-02-24,196357,Sunday,U,,2019,2,8
2019-02-25,558806,Monday,W,,2019,2,9
2019-02-26,574087,Tuesday,W,,2019,2,9
2019-02-27,584236,Wednesday,W,,2019,2,9
2019-02-28,586594,Thursday,W,,2019,2,9
2019-03-01,560776,Friday,W,,2019,3,9
2019-03-02,281507,Saturday,A,,2019,3,9
2019-03-03,203568,Sunday,U,,2019,3,9
2019-03-04,521679,Monday,W,,2019,3,10
2019-03-05,568967,Tuesday,W,,2019,3,10
2019-03-06,582048,Wednesday,W,,2019,3,10
2019-03-07,584143,Thursday,W,,2019,3,10
2019-03-08,561775,Friday,W,,2019,3,10
2019-03-09,263212,Saturday,A,,2019,3,10
2019-03-10,202399,Sunday,U,,2019,3,10
2019-03-11,572919,Monday,W,,2019,3,11
2019-03-12,598962,Tuesday,W,,2019,3,11
2019-03-13,597052,Wednesday,W,,2019,3,11
2019-03-14,596520,Thursday,W,,2019,3,11
2019-03-15,588086,Friday,W,,2019,3,11
2019-03-16,459818,Saturday,A,,2019,3,11
2019-03-17,243244,Sunday,U,,2019,3,11
2019-03-18,584231,Monday,W,,2019,3,12
2019-03-19,597530,Tuesday,W,,2019,3,12
2019-03-20,585199,Wednesday,W,,2019,3,12
2019-03-21,591137,Thursday,W,,2019,3,12
2019-03-22,571242,Friday,W,,2019,3,12
2019-03-23,311785,Saturday,A,,2019,3,12
2019-03-24,226044,Sunday,U,,2019,3,12
2019-03-25,547551,Monday,W,,2019,3,13
2019-03-26,565604,Tuesday,W,,2019,3,13
2019-03-27,569430,Wednesday,W,,2019,3,13
2019-03-28,568537,Thursday,W,,2019,3,13
2019-03-29,548416,Friday,W,,2019,3,13
2019-03-30,279563,Saturday,A,,2019,3,13
2019-03-31,213319,Sunday,U,,2019,3,13
2019-04-01,577889,Monday,W,,2019,4,14
2019-04-02,593718,Tuesday,W,,2019,4,14
2019-04-03,607743,Wednesday,W,,2019,4,14
2019-04-04,600621,Thursday,W,,2019,4,14
2019-04-05,579963,Friday,W,,2019,4,14
2019-04-06,333976,Saturday,A,,2019,4,14
2019-04-07,226347,Sunday,U,,2019,4,14
2019-04-08,615925,Monday,W,,2019,4,15
2019-04-09,610085,Tuesday,W,,2019,4,15
2019-04-10,597469,Wednesday,W,,2019,4,15
2019-04-11,609501,Thursday,W,,2019,4,15
2019-04-12,597442,Friday,W,,2019,4,15
2019-04-13,336686,Saturday,A,,2019,4,15
2019-04-14,175695,Sunday,U,,2019,4,15
2019-04-15,555055,Monday,W,,2019,4,16
2019-04-16,578827,Tuesday,W,,2019,4,16
2019-04-17,570713,Wednesday,W,,2019,4,16
2019-04-18,551802,Thursday,W,,2019,4,16
2019-04-19,506113,Friday,W,,2019,4,16
2019-04-20,300671,Saturday,A,,2019,4,16
2019-04-21,226300,Sunday,U,,2019,4,16
2019-04-22,565351,Monday,W,,2019,4,17
2019-04-23,610117,Tuesday,W,,2019,4,17
2019-04-24,619949,Wednesday,W,,2019,4,17
2019-04-25,628612,Thursday,W,,2019,4,17
2019-04-26,597094,Friday,W,,2019,4,17
2019-04-27,257645,Saturday,A,,2019,4,17
2019-04-28,236380,Sunday,U,,2019,4,17
2019-04-29,549808,Monday,W,,2019,4,18
2019-04-30,577735,Tuesday,W,,2019,4,18
2019-05-01,599075,Wednesday,W,,2019,5,18
2019-05-02,598747,Thursday,W,,2019,5,18
2019-05-03,616669,Friday,W,,2019,5,18
2019-05-04,352431,Saturday,A,,2019,5,18
2019-05-05,273967,Sunday,U,,2019,5,18
2019-05-06,595070,Monday,W,,2019,5,19
2019-05-07,607190,Tuesday,W,,2019,5,19
2019-05-08,620493,Wednesday,W,,2019,5,19
2019-05-09,617859,Thursday,W,,2019,5,19
2019-05-10,615674,Friday,W,,2019,5,19
2019-05-11,328267,Saturday,A,,2019,5,19
2019-05-12,241834,Sunday,U,,2019,5,19
2019-05-13,578716,Monday,W,,2019,5,20
2019-05-14,593585,Tuesday,W,,2019,5,20
2019-05-15,595506,Wednesday,W,,2019,5,20
2019-05-16,586896,Thursday,W,,2019,5,20
2019-05-17,568087,Friday,W,,2019,5,20
2019-05-18,312904,Saturday,A,,2019,5,20
2019-05-19,239351,Sunday,U,,2019,5,20
2019-05-20,592742,Monday,W,,2019,5,21
2019-05-21,594702,Tuesday,W,,2019,5,21
2019-05-22,621699,Wednesday,W,,2019,5,21
2019-05-23,629980,Thursday,W,,2019,5,21
2019-05-24,559914,Friday,W,,2019,5,21
2019-05-25,343970,Saturday,A,,2019,5,21
2019-05-26,271304,Sunday,U,,2019,5,21
2019-05-27,207668,Monday,U,Memorial Day,2019,5,22
2019-05-28,570471,Tuesday,W,,2019,5,22
2019-05-29,589689,Wednesday,W,,2019,5,22
2019-05-30,604337,Thursday,W,,2019,5,22
2019-05-31,606649,Friday,W,,2019,5,22
2019-06-01,304328,Saturday,A,,2019,6,22
2019-06-02,259221,Sunday,U,,2019,6,22
2019-06-03,599172,Monday,W,,2019,6,23
2019-06-04,614068,Tuesday,W,,2019,6,23
2019-06-05,626478,Wednesday,W,,2019,6,23
2019-06-06,633626,Thursday,W,,2019,6,23
2019-06-07,623199,Friday,W,,2019,6,23
2019-06-08,376704,Saturday,A,,2019,6,23
2019-06-09,267382,Sunday,U,,2019,6,23
2019-06-10,587902,Monday,W,,2019,6,24
2019-06-11,612737,Tuesday,W,,2019,6,24
2019-06-12,591606,Wednesday,W,,2019,6,24
2019-06-13,620823,Thursday,W,,2019,6,24
2019-06-14,629960,Friday,W,,2019,6,24
2019-06-15,337209,Saturday,A,,2019,6,24
2019-06-16,259560,Sunday,U,,2019,6,24
2019-06-17,560709,Monday,W,,2019,6,25
2019-06-18,612561,Tuesday,W,,2019,6,25
2019-06-19,602150,Wednesday,W,,2019,6,25
2019-06-20,618368,Thursday,W,,2019,6,25
2019-06-21,612839,Friday,W,,2019,6,25
2019-06-22,376464,Saturday,A,,2019,6,25
2019-06-23,255171,Sunday,U,,2019,6,25
2019-06-24,568891,Monday,W,,2019,6,26
2019-06-25,619199,Tuesday,W,,2019,6,26
2019-06-26,621539,Wednesday,W,,2019,6,26
2019-06-27,620817,Thursday,W,,2019,6,26
2019-06-28,587722,Friday,W,,2019,6,26
2019-06-29,351677,Saturday,A,,2019,6,26
2019-06-30,384335,Sunday,U,,2019,6,26
2019-07-01,568924,Monday,W,,2019,7,27
2019-07-02,574294,Tuesday,W,,2019,7,27
2019-07-03,571496,Wednesday,W,,2019,7,27
2019-07-04,287704,Thursday,U,Independence Day,2019,7,27
2019-07-05,404765,Friday,W,,2019,7,27
2019-07-06,316197,Saturday,A,,2019,7,27
2019-07-07,266496,Sunday,U,,2019,7,27
2019-07-08,572896,Monday,W,,2019,7,28
2019-07-09,603001,Tuesday,W,,2019,7,28
2019-07-10,604850,Wednesday,W,,2019,7,28
2019-07-11,630897,Thursday,W,,2019,7,28
2019-07-12,639141,Friday,W,,2019,7,28
2019-07-13,381580,Saturday,A,,2019,7,28
2019-07-14,294619,Sunday,U,,2019,7,28
2019-07-15,595130,Monday,W,,2019,7,29
2019-07-16,614083,Tuesday,W,,2019,7,29
2019-07-17,617725,Wednesday,W,,2019,7,29
2019-07-18,575279,Thursday,W,,2019,7,29
2019-07-19,593382,Friday,W,,2019,7,29
2019-07-20,339695,Saturday,A,,2019,7,29
2019-07-21,278179,Sunday,U,,2019,7,29
2019-07-22,589057,Monday,W,,2019,7,30
2019-07-23,601732,Tuesday,W,,2019,7,30
2019-07-24,606804,Wednesday,W,,2019,7,30
2019-07-25,614214,Thursday,W,,2019,7,30
2019-07-26,586974,Friday,W,,2019,7,30
2019-07-27,338108,Saturday,A,,2019,7,30
2019-07-28,255037,Sunday,U,,2019,7,30
2019-07-29,545483,Monday,W,,2019,7,31
2019-07-30,593371,Tuesday,W,,2019,7,31
2019-07-31,608212,Wednesday,W,,2019,7,31
2019-08-01,654051,Thursday,W,,2019,8,31
2019-08-02,661962,Friday,W,,2019,8,31
2019-08-03,414649,Saturday,A,,2019,8,31
2019-08-04,338241,Sunday,U,,2019,8,31
2019-08-05,595407,Monday,W,,2019,8,32
2019-08-06,607027,Tuesday,W,,2019,8,32
2019-08-07,613652,Wednesday,W,,2019,8,32
2019-08-08,604691,Thursday,W,,2019,8,32
2019-08-09,588880,Friday,W,,2019,8,32
2019-08-10,346699,Saturday,A,,2019,8,32
2019-08-11,260787,Sunday,U,,2019,8,32
2019-08-12,542300,Monday,W,,2019,8,33
2019-08-13,573756,Tuesday,W,,2019,8,33
2019-08-14,574287,Wednesday,W,,2019,8,33
2019-08-15,578542,Thursday,W,,2019,8,33
2019-08-16,555417,Friday,W,,2019,8,33
2019-08-17,320488,Saturday,A,,2019,8,33
2019-08-18,235285,Sunday,U,,2019,8,33
2019-08-19,550758,Monday,W,,2019,8,34
2019-08-20,566791,Tuesday,W,,2019,8,34
2019-08-21,595463,Wednesday,W,,2019,8,34
2019-08-22,610188,Thursday,W,,2019,8,34
2019-08-23,595205,Friday,W,,2019,8,34
2019-08-24,343244,Saturday,A,,2019,8,34
2019-08-25,266013,Sunday,U,,2019,8,34
2019-08-26,557843,Monday,W,,2019,8,35
2019-08-27,608828,Tuesday,W,,2019,8,35
2019-08-28,605674,Wednesday,W,,2019,8,35
2019-08-29,614420,Thursday,W,,2019,8,35
2019-08-30,590036,Friday,W,,2019,8,35
2019-08-31,346783,Saturday,A,,2019,8,35
2019-09-01,289538,Sunday,U,,2019,9,35
2019-09-02,266299,Monday,U,Labor Day,2019,9,36
2019-09-03,609738,Tuesday,W,,2019,9,36
2019-09-04,629944,Wednesday,W,,2019,9,36
2019-09-05,660962,Thursday,W,,2019,9,36
2019-09-06,614630,Friday,W,,2019,9,36
2019-09-07,336795,Saturday,A,,2019,9,36
2019-09-08,252064,Sunday,U,,2019,9,36
2019-09-09,608715,Monday,W,,2019,9,37
2019-09-10,635385,Tuesday,W,,2019,9,37
2019-09-11,641949,Wednesday,W,,2019,9,37
2019-09-12,656662,Thursday,W,,2019,9,37
2019-09-13,661276,Friday,W,,2019,9,37
2019-09-14,390373,Saturday,A,,2019,9,37
2019-09-15,285836,Sunday,U,,2019,9,37
2019-09-16,642179,Monday,W,,2019,9,38
2019-09-17,658180,Tuesday,W,,2019,9,38
2019-09-18,666453,Wednesday,W,,2019,9,38
2019-09-19,673889,Thursday,W,,2019,9,38
2019-09-20,663323,Friday,W,,2019,9,38
2019-09-21,352783,Saturday,A,,2019,9,38
2019-09-22,243010,Sunday,U,,2019,9,38
2019-09-23,633118,Monday,W,,2019,9,39
2019-09-24,644403,Tuesday,W,,2019,9,39
2019-09-25,645290,Wednesday,W,,2019,9,39
2019-09-26,653519,Thursday,W,,2019,9,39
2019-09-27,578027,Friday,W,,2019,9,39
2019-09-28,321772,Saturday,A,,2019,9,39
2019-09-29,238705,Sunday,U,,2019,9,39
2019-09-30,609540,Monday,W,,2019,9,40
2019-10-01,637557,Tuesday,W,,2019,10,40
2019-10-02,632248,Wednesday,W,,2019,10,40
2019-10-03,645500,Thursday,W,,2019,10,40
2019-10-04,611846,Friday,W,,2019,10,40
2019-10-05,311601,Saturday,A,,2019,10,40
2019-10-06,249171,Sunday,U,,2019,10,40
2019-10-07,618012,Monday,W,,2019,10,41
2019-10-08,638980,Tuesday,W,,2019,10,41
2019-10-09,632635,Wednesday,W,,2019,10,41
2019-10-10,663722,Thursday,W,,2019,10,41
2019-10-11,629241,Friday,W,,2019,10,41
2019-10-12,376993,Saturday,A,,2019,10,41
2019-10-13,424822,Sunday,U,,2019,10,41
2019-10-14,576715,Monday,W,,2019,10,42
2019-10-15,650785,Tuesday,W,,2019,10,42
2019-10-16,645857,Wednesday,W,,2019,10,42
2019-10-17,652520,Thursday,W,,2019,10,42
2019-10-18,642829,Friday,W,,2019,10,42
2019-10-19,374997,Saturday,A,,2019,10,42
2019-10-20,276399,Sunday,U,,2019,10,42
2019-10-21,600944,Monday,W,,2019,10,43
2019-10-22,619855,Tuesday,W,,2019,10,43
2019-10-23,653566,Wednesday,W,,2019,10,43
2019-10-24,632997,Thursday,W,,2019,10,43
2019-10-25,602164,Friday,W,,2019,10,43
2019-10-26,285677,Saturday,A,,2019,10,43
2019-10-27,255747,Sunday,U,,2019,10,43
2019-10-28,602650,Monday,W,,2019,10,44
2019-10-29,621019,Tuesday,W,,2019,10,44
2019-10-30,596173,Wednesday,W,,2019,10,44
2019-10-31,573049,Thursday,W,,2019,10,44
2019-11-01,591692,Friday,W,,2019,11,44
2019-11-02,310083,Saturday,A,,2019,11,44
2019-11-03,253541,Sunday,U,,2019,11,44
2019-11-04,616756,Monday,W,,2019,11,45
2019-11-05,632796,Tuesday,W,,2019,11,45
2019-11-06,626858,Wednesday,W,,2019,11,45
2019-11-07,632160,Thursday,W,,2019,11,45
2019-11-08,577914,Friday,W,,2019,11,45
2019-11-09,313656,Saturday,A,,2019,11,45
2019-11-10,238481,Sunday,U,,2019,11,45
2019-11-11,497261,Monday,W,,2019,11,46
2019-11-12,595954,Tuesday,W,,2019,11,46
2019-11-13,599814,Wednesday,W,,2019,11,46
2019-11-14,612897,Thursday,W,,2019,11,46
2019-11-15,602666,Friday,W,,2019,11,46
2019-11-16,323860,Saturday,A,,2019,11,46
2019-11-17,228851,Sunday,U,,2019,11,46
2019-11-18,601620,Monday,W,,2019,11,47
2019-11-19,621299,Tuesday,W,,2019,11,47
2019-11-20,621989,Wednesday,W,,2019,11,47
2019-11-21,619246,Thursday,W,,2019,11,47
2019-11-22,643988,Friday,W,,2019,11,47
2019-11-23,359962,Saturday,A,,2019,11,47
2019-11-24,246381,Sunday,U,,2019,11,47
2019-11-25,593631,Monday,W,,2019,11,48
2019-11-26,581613,Tuesday,W,,2019,11,48
2019-11-27,474148,Wednesday,W,,2019,11,48
2019-11-28,152418,Thursday,U,Thanksgiving Day,2019,11,48
2019-11-29,306852,Friday,W,,2019,11,48
2019-11-30,245769,Saturday,A,,2019,11,48
2019-12-01,211481,Sunday,U,,2019,12,48
2019-12-02,578651,Monday,W,,2019,12,49
2019-12-03,603551,Tuesday,W,,2019,12,49
2019-12-04,608867,Wednesday,W,,2019,12,49
2019-12-05,627234,Thursday,W,,2019,12,49
2019-12-06,600734,Friday,W,,2019,12,49
2019-12-07,330217,Saturday,A,,2019,12,49
2019-12-08,235073,Sunday,U,,2019,12,49
2019-12-09,568781,Monday,W,,2019,12,50
2019-12-10,574404,Tuesday,W,,2019,12,50
2019-12-11,570665,Wednesday,W,,2019,12,50
2019-12-12,590417,Thursday,W,,2019,12,50
2019-12-13,580310,Friday,W,,2019,12,50
2019-12-14,300097,Saturday,A,,2019,12,50
2019-12-15,210118,Sunday,U,,2019,12,50
2019-12-16,534448,Monday,W,,2019,12,51
2019-12-17,558690,Tuesday,W,,2019,12,51
2019-12-18,542416,Wednesday,W,,2019,12,51
2019-12-19,547454,Thursday,W,,2019,12,51
2019-12-20,527421,Friday,W,,2019,12,51
2019-12-21,291509,Saturday,A,,2019,12,51
2019-12-22,232666,Sunday,U,,2019,12,51
2019-12-23,413151,Monday,W,,2019,12,52
2019-12-24,255873,Tuesday,W,,2019,12,52
2019-12-25,109316,Wednesday,U,Christmas Day,2019,12,52
2019-12-26,331945,Thursday,W,,2019,12,52
2019-12-27,367275,Friday,W,,2019,12,52
2019-12-28,243866,Saturday,A,,2019,12,52
2019-12-29,206375,Sunday,U,,2019,12,52
2019-12-30,396014,Monday,W,,2019,12,1
2019-12-31,355612,Tuesday,W,,2019,12,1
2020-01-01,208791,Wednesday,U,New Year's Day,2020,1,1
2020-01-02,462906,Thursday,W,,2020,1,1
2020-01-03,473606,Friday,W,,2020,1,1
2020-01-04,247309,Saturday,A,,2020,1,1
2020-01-05,191155,Sunday,U,,2020,1,1
2020-01-06,540215,Monday,W,,2020,1,2
2020-01-07,554939,Tuesday,W,,2020,1,2
2020-01-08,544888,Wednesday,W,,2020,1,2
2020-01-09,556370,Thursday,W,,2020,1,2
2020-01-10,535974,Friday,W,,2020,1,2
2020-01-11,227016,Saturday,A,,2020,1,2
2020-01-12,194078,Sunday,U,,2020,1,2
2020-01-13,573311,Monday,W,,2020,1,3
2020-01-14,589980,Tuesday,W,,2020,1,3
2020-01-15,589800,Wednesday,W,,2020,1,3
2020-01-16,586459,Thursday,W,,2020,1,3
2020-01-17,563369,Friday,W,,2020,1,3
2020-01-18,257972,Saturday,A,,2020,1,3
2020-01-19,178787,Sunday,U,,2020,1,3
2020-01-20,336097,Monday,W,,2020,1,4
2020-01-21,583516,Tuesday,W,,2020,1,4
2020-01-22,585984,Wednesday,W,,2020,1,4
2020-01-23,587680,Thursday,W,,2020,1,4
2020-01-24,554794,Friday,W,,2020,1,4
2020-01-25,258801,Saturday,A,,2020,1,4
2020-01-26,196868,Sunday,U,,2020,1,4
2020-01-27,571218,Monday,W,,2020,1,5
2020-01-28,586067,Tuesday,W,,2020,1,5
2020-01-29,582526,Wednesday,W,,2020,1,5
2020-01-30,588764,Thursday,W,,2020,1,5
2020-01-31,545089,Friday,W,,2020,1,5
2020-02-01,265407,Saturday,A,,2020,2,5
2020-02-02,207550,Sunday,U,,2020,2,5
2020-02-03,565753,Monday,W,,2020,2,6
2020-02-04,582795,Tuesday,W,,2020,2,6
2020-02-05,580908,Wednesday,W,,2020,2,6
2020-02-06,576002,Thursday,W,,2020,2,6
2020-02-07,555491,Friday,W,,2020,2,6
2020-02-08,264889,Saturday,A,,2020,2,6
2020-02-09,183169,Sunday,U,,2020,2,6
2020-02-10,569742,Monday,W,,2020,2,7
2020-02-11,588769,Tuesday,W,,2020,2,7
2020-02-12,572313,Wednesday,W,,2020,2,7
2020-02-13,565516,Thursday,W,,2020,2,7
2020-02-14,516033,Friday,W,,2020,2,7
2020-02-15,266115,Saturday,A,,2020,2,7
2020-02-16,219554,Sunday,U,,2020,2,7
2020-02-17,412780,Monday,W,,2020,2,8
2020-02-18,583807,Tuesday,W,,2020,2,8
2020-02-19,580765,Wednesday,W,,2020,2,8
2020-02-20,575001,Thursday,W,,2020,2,8
2020-02-21,554808,Friday,W,,2020,2,8
2020-02-22,280221,Saturday,A,,2020,2,8
2020-02-23,213581,Sunday,U,,2020,2,8
2020-02-24,559785,Monday,W,,2020,2,9
2020-02-25,569398,Tuesday,W,,2020,2,9
2020-02-26,560166,Wednesday,W,,2020,2,9
2020-02-27,573614,Thursday,W,,2020,2,9
2020-02-28,546571,Friday,W,,2020,2,9
2020-02-29,275226,Saturday,A,,2020,2,9
2020-03-01,216786,Sunday,U,,2020,3,9
2020-03-02,546881,Monday,W,,2020,3,10
2020-03-03,576219,Tuesday,W,,2020,3,10
2020-03-04,574096,Wednesday,W,,2020,3,10
2020-03-05,573719,Thursday,W,,2020,3,10
2020-03-06,537819,Friday,W,,2020,3,10
2020-03-07,296509,Saturday,A,,2020,3,10
2020-03-08,218520,Sunday,U,,2020,3,10
2020-03-09,531737,Monday,W,,2020,3,11
2020-03-10,557514,Tuesday,W,,2020,3,11
2020-03-11,542523,Wednesday,W,,2020,3,11
2020-03-12,494032,Thursday,W,,2020,3,11
2020-03-13,407648,Friday,W,,2020,3,11
2020-03-14,190787,Saturday,A,,2020,3,11
2020-03-15,135026,Sunday,U,,2020,3,11
2020-03-16,233881,Monday,W,,2020,3,12
2020-03-17,178417,Tuesday,W,,2020,3,12
2020-03-18,147234,Wednesday,W,,2020,3,12
2020-03-19,133848,Thursday,W,,2020,3,12
2020-03-20,125459,Friday,W,,2020,3,12
2020-03-21,70133,Saturday,A,,2020,3,12
2020-03-22,49033,Sunday,U,,2020,3,12
2020-03-23,85386,Monday,W,,2020,3,13
2020-03-24,86470,Tuesday,W,,2020,3,13
2020-03-25,87785,Wednesday,W,,2020,3,13
2020-03-26,82815,Thursday,W,,2020,3,13
2020-03-27,84337,Friday,W,,2020,3,13
2020-03-28,55472,Saturday,A,,2020,3,13
2020-03-29,46801,Sunday,U,,2020,3,13
2020-03-30,79642,Monday,W,,2020,3,14
2020-03-31,77764,Tuesday,W,,2020,3,14
2020-04-01,81672,Wednesday,W,,2020,4,14
2020-04-02,77705,Thursday,W,,2020,4,14
2020-04-03,82466,Friday,W,,2020,4,14
2020-04-04,53219,Saturday,A,,2020,4,14
2020-04-05,43629,Sunday,U,,2020,4,14
2020-04-06,73240,Monday,W,,2020,4,15
2020-04-07,74146,Tuesday,W,,2020,4,15
2020-04-08,72571,Wednesday,W,,2020,4,15
2020-04-09,70800,Thursday,W,,2020,4,15
2020-04-10,69888,Friday,W,,2020,4,15
2020-04-11,48426,Saturday,A,,2020,4,15
2020-04-12,37943,Sunday,U,,2020,4,15
2020-04-13,64554,Monday,W,,2020,4,16
2020-04-14,64996,Tuesday,W,,2020,4,16
2020-04-15,64366,Wednesday,W,,2020,4,16
2020-04-16,65117,Thursday,W,,2020,4,16
2020-04-17,63624,Friday,W,,2020,4,16
2020-04-18,47243,Saturday,A,,2020,4,16
2020-04-19,38984,Sunday,U,,2020,4,16
2020-04-20,64507,Monday,W,,2020,4,17
2020-04-21,63584,Tuesday,W,,2020,4,17
2020-04-22,63532,Wednesday,W,,2020,4,17
2020-04-23,63610,Thursday,W,,2020,4,17
2020-04-24,64466,Friday,W,,2020,4,17
2020-04-25,41913,Saturday,A,,2020,4,17
2020-04-26,38851,Sunday,U,,2020,4,17
2020-04-27,63538,Monday,W,,2020,4,18
2020-04-28,64725,Tuesday,W,,2020,4,18
2020-04-29,61181,Wednesday,W,,2020,4,18
2020-04-30,65133,Thursday,W,,2020,4,18
2020-05-01,73242,Friday,W,,2020,5,18
2020-05-02,47842,Saturday,A,,2020,5,18
2020-05-03,39923,Sunday,U,,2020,5,18
2020-05-04,65491,Monday,W,,2020,5,19
2020-05-05,63666,Tuesday,W,,2020,5,19
2020-05-06,67808,Wednesday,W,,2020,5,19
2020-05-07,68971,Thursday,W,,2020,5,19
2020-05-08,67464,Friday,W,,2020,5,19
2020-05-09,48028,Saturday,A,,2020,5,19
2020-05-10,35548,Sunday,U,,2020,5,19
2020-05-11,63802,Monday,W,,2020,5,20
2020-05-12,66733,Tuesday,W,,2020,5,20
2020-05-13,68632,Wednesday,W,,2020,5,20
2020-05-14,62571,Thursday,W,,2020,5,20
2020-05-15,67749,Friday,W,,2020,5,20
2020-05-16,48653,Saturday,A,,2020,5,20
2020-05-17,32850,Sunday,U,,2020,5,20
2020-05-18,66408,Monday,W,,2020,5,21
2020-05-19,65529,Tuesday,W,,2020,5,21
2020-05-20,70331,Wednesday,W,,2020,5,21
2020-05-21,69976,Thursday,W,,2020,5,21
2020-05-22,71021,Friday,W,,2020,5,21
2020-05-23,47860,Saturday,A,,2020,5,21
2020-05-24,43269,Sunday,U,,2020,5,21
2020-05-25,42977,Monday,U,Memorial Day,2020,5,22
2020-05-26,69792,Tuesday,W,,2020,5,22
2020-05-27,71088,Wednesday,W,,2020,5,22
2020-05-28,71138,Thursday,W,,2020,5,22
2020-05-29,76057,Friday,W,,2020,5,22
2020-05-30,56503,Saturday,A,,2020,5,22
2020-05-31,19120,Sunday,U,,2020,5,22
2020-06-01,22537,Monday,W,,2020,6,23
2020-06-02,25835,Tuesday,W,,2020,6,23
2020-06-03,56040,Wednesday,W,,2020,6,23
2020-06-04,68474,Thursday,W,,2020,6,23
2020-06-05,74313,Friday,W,,2020,6,23
2020-06-06,56124,Saturday,A,,2020,6,23
2020-06-07,43387,Sunday,U,,2020,6,23
2020-06-08,82325,Monday,W,,2020,6,24
2020-06-09,80851,Tuesday,W,,2020,6,24
2020-06-10,83282,Wednesday,W,,2020,6,24
2020-06-11,90673,Thursday,W,,2020,6,24
2020-06-12,93087,Friday,W,,2020,6,24
2020-06-13,65882,Saturday,A,,2020,6,24
2020-06-14,54107,Sunday,U,,2020,6,24
2020-06-15,91694,Monday,W,,2020,6,25
2020-06-16,93832,Tuesday,W,,2020,6,25
2020-06-17,96479,Wednesday,W,,2020,6,25
2020-06-18,97878,Thursday,W,,2020,6,25
2020-06-19,102510,Friday,W,,2020,6,25
2020-06-20,65807,Saturday,A,,2020,6,25
2020-06-21,57775,Sunday,U,,2020,6,25
2020-06-22,93878,Monday,W,,2020,6,26
2020-06-23,107374,Tuesday,W,,2020,6,26
2020-06-24,108942,Wednesday,W,,2020,6,26
2020-06-25,114080,Thursday,W,,2020,6,26
2020-06-26,106802,Friday,W,,2020,6,26
2020-06-27,85523,Saturday,A,,2020,6,26
2020-06-28,70883,Sunday,U,,2020,6,26
2020-06-29,109168,Monday,W,,2020,6,27
2020-06-30,115303,Tuesday,W,,2020,6,27
2020-07-01,122271,Wednesday,W,,2020,7,27
2020-07-02,122590,Thursday,W,,2020,7,27
2020-07-03,103562,Friday,U,,2020,7,27
2020-07-04,76843,Saturday,A,Independence Day,2020,7,27
2020-07-05,69251,Sunday,U,,2020,7,27
2020-07-06,117642,Monday,W,,2020,7,28
2020-07-07,121142,Tuesday,W,,2020,7,28
2020-07-08,123227,Wednesday,W,,2020,7,28
2020-07-09,123330,Thursday,W,,2020,7,28
2020-07-10,127901,Friday,W,,2020,7,28
2020-07-11,91496,Saturday,A,,2020,7,28
2020-07-12,73656,Sunday,U,,2020,7,28
2020-07-13,122628,Monday,W,,2020,7,29
2020-07-14,125622,Tuesday,W,,2020,7,29
2020-07-15,121540,Wednesday,W,,2020,7,29
2020-07-16,127394,Thursday,W,,2020,7,29
2020-07-17,132676,Friday,W,,2020,7,29
2020-07-18,88985,Saturday,A,,2020,7,29
2020-07-19,65777,Sunday,U,,2020,7,29
2020-07-20,122864,Monday,W,,2020,7,30
2020-07-21,122229,Tuesday,W,,2020,7,30
2020-07-22,125535,Wednesday,W,,2020,7,30
2020-07-23,129086,Thursday,W,,2020,7,30
2020-07-24,132420,Friday,W,,2020,7,30
2020-07-25,94553,Saturday,A,,2020,7,30
2020-07-26,73401,Sunday,U,,2020,7,30
2020-07-27,118558,Monday,W,,2020,7,31
2020-07-28,126003,Tuesday,W,,2020,7,31
2020-07-29,125228,Wednesday,W,,2020,7,31
2020-07-30,128545,Thursday,W,,2020,7,31
2020-07-31,135364,Friday,W,,2020,7,31
2020-08-01,95373,Saturday,A,,2020,8,31
2020-08-02,72692,Sunday,U,,2020,8,31
2020-08-03,125453,Monday,W,,2020,8,32
2020-08-04,129735,Tuesday,W,,2020,8,32
2020-08-05,129682,Wednesday,W,,2020,8,32
2020-08-06,131256,Thursday,W,,2020,8,32
2020-08-07,135596,Friday,W,,2020,8,32
2020-08-08,96398,Saturday,A,,2020,8,32
2020-08-09,76468,Sunday,U,,2020,8,32
2020-08-10,79475,Monday,W,,2020,8,33
2020-08-11,113964,Tuesday,W,,2020,8,33
2020-08-12,120624,Wednesday,W,,2020,8,33
2020-08-13,124128,Thursday,W,,2020,8,33
2020-08-14,128003,Friday,W,,2020,8,33
2020-08-15,87499,Saturday,A,,2020,8,33
2020-08-16,73018,Sunday,U,,2020,8,33
2020-08-17,121450,Monday,W,,2020,8,34
2020-08-18,127800,Tuesday,W,,2020,8,34
2020-08-19,130470,Wednesday,W,,2020,8,34
2020-08-20,132271,Thursday,W,,2020,8,34
2020-08-21,135775,Friday,W,,2020,8,34
2020-08-22,97256,Saturday,A,,2020,8,34
2020-08-23,75890,Sunday,U,,2020,8,34
2020-08-24,125103,Monday,W,,2020,8,35
2020-08-25,128305,Tuesday,W,,2020,8,35
2020-08-26,130278,Wednesday,W,,2020,8,35
2020-08-27,131251,Thursday,W,,2020,8,35
2020-08-28,134777,Friday,W,,2020,8,35
2020-08-29,97746,Saturday,A,,2020,8,35
2020-08-30,78307,Sunday,U,,2020,8,35
2020-08-31,128365,Monday,W,,2020,8,36
2020-09-01,129736,Tuesday,W,,2020,9,36
2020-09-02,138718,Wednesday,W,,2020,9,36
2020-09-03,142367,Thursday,W,,2020,9,36
2020-09-04,146022,Friday,W,,2020,9,36
2020-09-05,107827,Saturday,A,,2020,9,36
2020-09-06,79905,Sunday,U,,2020,9,36
2020-09-07,85491,Monday,U,Labor Day,2020,9,37
2020-09-08,125150,Tuesday,W,,2020,9,37
2020-09-09,134452,Wednesday,W,,2020,9,37
2020-09-10,138476,Thursday,W,,2020,9,37
2020-09-11,142561,Friday,W,,2020,9,37
2020-09-12,95152,Saturday,A,,2020,9,37
2020-09-13,84815,Sunday,U,,2020,9,37
2020-09-14,131691,Monday,W,,2020,9,38
2020-09-15,137796,Tuesday,W,,2020,9,38
2020-09-16,141590,Wednesday,W,,2020,9,38
2020-09-17,141580,Thursday,W,,2020,9,38
2020-09-18,147828,Friday,W,,2020,9,38
2020-09-19,108837,Saturday,A,,2020,9,38
2020-09-20,82879,Sunday,U,,2020,9,38
2020-09-21,132560,Monday,W,,2020,9,39
2020-09-22,137779,Tuesday,W,,2020,9,39
2020-09-23,139889,Wednesday,W,,2020,9,39
2020-09-24,140340,Thursday,W,,2020,9,39
2020-09-25,149411,Friday,W,,2020,9,39
2020-09-26,109677,Saturday,A,,2020,9,39
2020-09-27,83305,Sunday,U,,2020,9,39
2020-09-28,131279,Monday,W,,2020,9,40
2020-09-29,138623,Tuesday,W,,2020,9,40
2020-09-30,139805,Wednesday,W,,2020,9,40
2020-10-01,143177,Thursday,W,,2020,10,40
2020-10-02,150630,Friday,W,,2020,10,40
2020-10-03,107667,Saturday,A,,2020,10,40
2020-10-04,81904,Sunday,U,,2020,10,40
2020-10-05,135852,Monday,W,,2020,10,41
2020-10-06,139105,Tuesday,W,,2020,10,41
2020-10-07,141831,Wednesday,W,,2020,10,41
2020-10-08,144070,Thursday,W,,2020,10,41
2020-10-09,151564,Friday,W,,2020,10,41
2020-10-10,110946,Saturday,A,,2020,10,41
2020-10-11,84235,Sunday,U,,2020,10,41
2020-10-12,120260,Monday,W,,2020,10,42
2020-10-13,141204,Tuesday,W,,2020,10,42
2020-10-14,142377,Wednesday,W,,2020,10,42
2020-10-15,142765,Thursday,W,,2020,10,42
2020-10-16,147405,Friday,W,,2020,10,42
2020-10-17,108042,Saturday,A,,2020,10,42
2020-10-18,75246,Sunday,U,,2020,10,42
2020-10-19,130476,Monday,W,,2020,10,43
2020-10-20,135269,Tuesday,W,,2020,10,43
2020-10-21,138623,Wednesday,W,,2020,10,43
2020-10-22,139409,Thursday,W,,2020,10,43
2020-10-23,137456,Friday,W,,2020,10,43
2020-10-24,106246,Saturday,A,,2020,10,43
2020-10-25,77289,Sunday,U,,2020,10,43
2020-10-26,128190,Monday,W,,2020,10,44
2020-10-27,131274,Tuesday,W,,2020,10,44
2020-10-28,136943,Wednesday,W,,2020,10,44
2020-10-29,136548,Thursday,W,,2020,10,44
2020-10-30,142399,Friday,W,,2020,10,44
2020-10-31,96647,Saturday,A,,2020,10,44
2020-11-01,70430,Sunday,U,,2020,11,44
2020-11-02,126919,Monday,W,,2020,11,45
2020-11-03,123182,Tuesday,W,,2020,11,45
2020-11-04,124338,Wednesday,W,,2020,11,45
2020-11-05,130333,Thursday,W,,2020,11,45
2020-11-06,137470,Friday,W,,2020,11,45
2020-11-07,103433,Saturday,A,,2020,11,45
2020-11-08,77204,Sunday,U,,2020,11,45
2020-11-09,129257,Monday,W,,2020,11,46
2020-11-10,125865,Tuesday,W,,2020,11,46
2020-11-11,121416,Wednesday,W,,2020,11,46
2020-11-12,130384,Thursday,W,,2020,11,46
2020-11-13,131239,Friday,W,,2020,11,46
2020-11-14,85182,Saturday,A,,2020,11,46
2020-11-15,61976,Sunday,U,,2020,11,46
2020-11-16,115712,Monday,W,,2020,11,47
2020-11-17,115967,Tuesday,W,,2020,11,47
2020-11-18,117909,Wednesday,W,,2020,11,47
2020-11-19,121985,Thursday,W,,2020,11,47
2020-11-20,123076,Friday,W,,2020,11,47
2020-11-21,82062,Saturday,A,,2020,11,47
2020-11-22,61408,Sunday,U,,2020,11,47
2020-11-23,114046,Monday,W,,2020,11,48
2020-11-24,111153,Tuesday,W,,2020,11,48
2020-11-25,108344,Wednesday,W,,2020,11,48
2020-11-26,46584,Thursday,U,Thanksgiving Day,2020,11,48
2020-11-27,87768,Friday,W,,2020,11,48
2020-11-28,79184,Saturday,A,,2020,11,48
2020-11-29,62515,Sunday,U,,2020,11,48
2020-11-30,107293,Monday,W,,2020,11,49
2020-12-01,113983,Tuesday,W,,2020,12,49
2020-12-02,113352,Wednesday,W,,2020,12,49
2020-12-03,117044,Thursday,W,,2020,12,49
2020-12-04,118913,Friday,W,,2020,12,49
2020-12-05,82705,Saturday,A,,2020,12,49
2020-12-06,61151,Sunday,U,,2020,12,49
2020-12-07,110007,Monday,W,,2020,12,50
2020-12-08,112979,Tuesday,W,,2020,12,50
2020-12-09,118123,Wednesday,W,,2020,12,50
2020-12-10,119004,Thursday,W,,2020,12,50
2020-12-11,114001,Friday,W,,2020,12,50
2020-12-12,75860,Saturday,A,,2020,12,50
2020-12-13,64684,Sunday,U,,2020,12,50
2020-12-14,111536,Monday,W,,2020,12,51
2020-12-15,112958,Tuesday,W,,2020,12,51
2020-12-16,114031,Wednesday,W,,2020,12,51
2020-12-17,114816,Thursday,W,,2020,12,51
2020-12-18,119094,Friday,W,,2020,12,51
2020-12-19,83607,Saturday,A,,2020,12,51
2020-12-20,66073,Sunday,U,,2020,12,51
2020-12-21,113433,Monday,W,,2020,12,52
2020-12-22,115956,Tuesday,W,,2020,12,52
2020-12-23,113951,Wednesday,W,,2020,12,52
2020-12-24,76224,Thursday,W,,2020,12,52
2020-12-25,33721,Friday,U,Christmas Day,2020,12,52
2020-12-26,67064,Saturday,A,,2020,12,52
2020-12-27,59718,Sunday,U,,2020,12,52
2020-12-28,103235,Monday,W,,2020,12,53
2020-12-29,105905,Tuesday,W,,2020,12,53
2020-12-30,104166,Wednesday,W,,2020,12,53
2020-12-31,94191,Thursday,W,,2020,12,53
2021-01-01,50677,Friday,U,New Year's Day,2021,1,53
2021-01-02,73416,Saturday,A,,2021,1,53
2021-01-03,59097,Sunday,U,,2021,1,53
2021-01-04,108223,Monday,W,,2021,1,1
2021-01-05,110181,Tuesday,W,,2021,1,1
2021-01-06,111454,Wednesday,W,,2021,1,1
2021-01-07,110654,Thursday,W,,2021,1,1
2021-01-08,112365,Friday,W,,2021,1,1
2021-01-09,81530,Saturday,A,,2021,1,1
2021-01-10,58669,Sunday,U,,2021,1,1
2021-01-11,106168,Monday,W,,2021,1,2
2021-01-12,112107,Tuesday,W,,2021,1,2
2021-01-13,114680,Wednesday,W,,2021,1,2
2021-01-14,112736,Thursday,W,,2021,1,2
2021-01-15,114664,Friday,W,,2021,1,2
2021-01-16,77849,Saturday,A,,2021,1,2
2021-01-17,59243,Sunday,U,,2021,1,2
2021-01-18,93154,Monday,W,,2021,1,3
2021-01-19,112403,Tuesday,W,,2021,1,3
2021-01-20,107559,Wednesday,W,,2021,1,3
2021-01-21,118020,Thursday,W,,2021,1,3
2021-01-22,113700,Friday,W,,2021,1,3
2021-01-23,77827,Saturday,A,,2021,1,3
2021-01-24,58775,Sunday,U,,2021,1,3
2021-01-25,111085,Monday,W,,2021,1,4
2021-01-26,104684,Tuesday,W,,2021,1,4
2021-01-27,113536,Wednesday,W,,2021,1,4
2021-01-28,114886,Thursday,W,,2021,1,4
2021-01-29,121587,Friday,W,,2021,1,4
2021-01-30,82356,Saturday,A,,2021,1,4
2021-01-31,61796,Sunday,U,,2021,1,4
2021-02-01,119971,Monday,W,,2021,2,5
2021-02-02,120544,Tuesday,W,,2021,2,5
2021-02-03,125705,Wednesday,W,,2021,2,5
2021-02-04,121818,Thursday,W,,2021,2,5
2021-02-05,115231,Friday,W,,2021,2,5
2021-02-06,73728,Saturday,A,,2021,2,5
2021-02-07,53307,Sunday,U,,2021,2,5
2021-02-08,106470,Monday,W,,2021,2,6
2021-02-09,113127,Tuesday,W,,2021,2,6
2021-02-10,116549,Wednesday,W,,2021,2,6
2021-02-11,120737,Thursday,W,,2021,2,6
2021-02-12,123194,Friday,W,,2021,2,6
2021-02-13,87772,Saturday,A,,2021,2,6
2021-02-14,60869,Sunday,U,,2021,2,6
2021-02-15,97606,Monday,W,,2021,2,7
2021-02-16,94776,Tuesday,W,,2021,2,7
2021-02-17,123662,Wednesday,W,,2021,2,7
2021-02-18,128137,Thursday,W,,2021,2,7
2021-02-19,129443,Friday,W,,2021,2,7
2021-02-20,92723,Saturday,A,,2021,2,7
2021-02-21,67161,Sunday,U,,2021,2,7
2021-02-22,120976,Monday,W,,2021,2,8
2021-02-23,129598,Tuesday,W,,2021,2,8
2021-02-24,129411,Wednesday,W,,2021,2,8
2021-02-25,130297,Thursday,W,,2021,2,8
2021-02-26,135826,Friday,W,,2021,2,8
2021-02-27,105334,Saturday,A,,2021,2,8
2021-02-28,71955,Sunday,U,,2021,2,8
2021-03-01,123711,Monday,W,,2021,3,9
2021-03-02,128924,Tuesday,W,,2021,3,9
2021-03-03,135056,Wednesday,W,,2021,3,9
2021-03-04,132020,Thursday,W,,2021,3,9
2021-03-05,138528,Friday,W,,2021,3,9
2021-03-06,102661,Saturday,A,,2021,3,9
2021-03-07,78409,Sunday,U,,2021,3,9
2021-03-08,131708,Monday,W,,2021,3,10
2021-03-09,136131,Tuesday,W,,2021,3,10
2021-03-10,133545,Wednesday,W,,2021,3,10
2021-03-11,136287,Thursday,W,,2021,3,10
2021-03-12,142413,Friday,W,,2021,3,10
2021-03-13,121699,Saturday,A,,2021,3,10
2021-03-14,79620,Sunday,U,,2021,3,10
2021-03-15,119718,Monday,W,,2021,3,11
2021-03-16,130601,Tuesday,W,,2021,3,11
2021-03-17,136411,Wednesday,W,,2021,3,11
2021-03-18,132928,Thursday,W,,2021,3,11
2021-03-19,147061,Friday,W,,2021,3,11
2021-03-20,116517,Saturday,A,,2021,3,11
2021-03-21,90862,Sunday,U,,2021,3,11
2021-03-22,135929,Monday,W,,2021,3,12
2021-03-23,131810,Tuesday,W,,2021,3,12
2021-03-24,139065,Wednesday,W,,2021,3,12
2021-03-25,138946,Thursday,W,,2021,3,12
2021-03-26,144707,Friday,W,,2021,3,12
2021-03-27,113230,Saturday,A,,2021,3,12
2021-03-28,83129,Sunday,U,,2021,3,12
2021-03-29,136333,Monday,W,,2021,3,13
2021-03-30,140854,Tuesday,W,,2021,3,13
2021-03-31,139505,Wednesday,W,,2021,3,13
2021-04-01,146345,Thursday,W,,2021,4,13
2021-04-02,148262,Friday,W,,2021,4,13
2021-04-03,124101,Saturday,A,,2021,4,13
2021-04-04,86935,Sunday,U,,2021,4,13
2021-04-05,136606,Monday,W,,2021,4,14
2021-04-06,149241,Tuesday,W,,2021,4,14
2021-04-07,148645,Wednesday,W,,2021,4,14
2021-04-08,140494,Thursday,W,,2021,4,14
2021-04-09,153502,Friday,W,,2021,4,14
2021-04-10,106854,Saturday,A,,2021,4,14
2021-04-11,87530,Sunday,U,,2021,4,14
2021-04-12,139796,Monday,W,,2021,4,15
2021-04-13,147057,Tuesday,W,,2021,4,15
2021-04-14,142709,Wednesday,W,,2021,4,15
2021-04-15,147116,Thursday,W,,2021,4,15
2021-04-16,163436,Friday,W,,2021,4,15
2021-04-17,127740,Saturday,A,,2021,4,15
2021-04-18,93189,Sunday,U,,2021,4,15
2021-04-19,135953,Monday,W,,2021,4,16
2021-04-20,139584,Tuesday,W,,2021,4,16
2021-04-21,142288,Wednesday,W,,2021,4,16
2021-04-22,154241,Thursday,W,,2021,4,16
2021-04-23,167371,Friday,W,,2021,4,16
2021-04-24,122742,Saturday,A,,2021,4,16
2021-04-25,93565,Sunday,U,,2021,4,16
2021-04-26,144716,Monday,W,,2021,4,17
2021-04-27,159024,Tuesday,W,,2021,4,17
2021-04-28,141667,Wednesday,W,,2021,4,17
2021-04-29,151393,Thursday,W,,2021,4,17
2021-04-30,170069,Friday,W,,2021,4,17
2021-05-01,141487,Saturday,A,,2021,5,17
2021-05-02,105026,Sunday,U,,2021,5,17
2021-05-03,145211,Monday,W,,2021,5,18
2021-05-04,153135,Tuesday,W,,2021,5,18
2021-05-05,161461,Wednesday,W,,2021,5,18
2021-05-06,156407,Thursday,W,,2021,5,18
2021-05-07,176964,Friday,W,,2021,5,18
2021-05-08,134184,Saturday,A,,2021,5,18
2021-05-09,90585,Sunday,U,,2021,5,18
2021-05-10,146629,Monday,W,,2021,5,19
2021-05-11,158112,Tuesday,W,,2021,5,19
2021-05-12,161658,Wednesday,W,,2021,5,19
2021-05-13,171456,Thursday,W,,2021,5,19
2021-05-14,185834,Friday,W,,2021,5,19
2021-05-15,138214,Saturday,A,,2021,5,19
2021-05-16,114215,Sunday,U,,2021,5,19
2021-05-17,158624,Monday,W,,2021,5,20
2021-05-18,162879,Tuesday,W,,2021,5,20
2021-05-19,165725,Wednesday,W,,2021,5,20
2021-05-20,179455,Thursday,W,,2021,5,20
2021-05-21,188708,Friday,W,,2021,5,20
2021-05-22,156109,Saturday,A,,2021,5,20
2021-05-23,107823,Sunday,U,,2021,5,20
2021-05-24,163896,Monday,W,,2021,5,21
2021-05-25,171531,Tuesday,W,,2021,5,21
2021-05-26,173858,Wednesday,W,,2021,5,21
2021-05-27,174035,Thursday,W,,2021,5,21
2021-05-28,181068,Friday,W,,2021,5,21
2021-05-29,173282,Saturday,A,,2021,5,21
2021-05-30,147742,Sunday,U,,2021,5,21
2021-05-31,122918,Monday,U,Memorial Day,2021,5,22
2021-06-01,185896,Tuesday,W,,2021,6,22
2021-06-02,187092,Wednesday,W,,2021,6,22
2021-06-03,194289,Thursday,W,,2021,6,22
2021-06-04,205251,Friday,W,,2021,6,22
2021-06-05,166352,Saturday,A,,2021,6,22
2021-06-06,124275,Sunday,U,,2021,6,22
2021-06-07,170249,Monday,W,,2021,6,23
2021-06-08,187104,Tuesday,W,,2021,6,23
2021-06-09,194477,Wednesday,W,,2021,6,23
2021-06-10,207004,Thursday,W,,2021,6,23
2021-06-11,227897,Friday,W,,2021,6,23
2021-06-12,187289,Saturday,A,,2021,6,23
2021-06-13,154572,Sunday,U,,2021,6,23
2021-06-14,190913,Monday,W,,2021,6,24
2021-06-15,200564,Tuesday,W,,2021,6,24
2021-06-16,203850,Wednesday,W,,2021,6,24
2021-06-17,208144,Thursday,W,,2021,6,24
2021-06-18,229054,Friday,W,,2021,6,24
2021-06-19,198893,Saturday,A,,2021,6,24
2021-06-20,132950,Sunday,U,,2021,6,24
2021-06-21,199579,Monday,W,,2021,6,25
2021-06-22,215016,Tuesday,W,,2021,6,25
2021-06-23,201392,Wednesday,W,,2021,6,25
2021-06-24,201881,Thursday,W,,2021,6,25
2021-06-25,211506,Friday,W,,2021,6,25
2021-06-26,159391,Saturday,A,,2021,6,25
2021-06-27,148032,Sunday,U,,2021,6,25
2021-06-28,183691,Monday,W,,2021,6,26
2021-06-29,193015,Tuesday,W,,2021,6,26
2021-06-30,199633,Wednesday,W,,2021,6,26
2021-07-01,219574,Thursday,W,,2021,7,26
2021-07-02,217161,Friday,W,,2021,7,26
2021-07-03,182392,Saturday,A,,2021,7,26
2021-07-04,142406,Sunday,U,Independence Day,2021,7,26
2021-07-05,151451,Monday,U,,2021,7,27
2021-07-06,217451,Tuesday,W,,2021,7,27
2021-07-07,222987,Wednesday,W,,2021,7,27
2021-07-08,235783,Thursday,W,,2021,7,27
2021-07-09,257992,Friday,W,,2021,7,27
2021-07-10,202453,Saturday,A,,2021,7,27
2021-07-11,140369,Sunday,U,,2021,7,27
2021-07-12,202472,Monday,W,,2021,7,28
2021-07-13,213430,Tuesday,W,,2021,7,28
2021-07-14,223257,Wednesday,W,,2021,7,28
2021-07-15,222608,Thursday,W,,2021,7,28
2021-07-16,238942,Friday,W,,2021,7,28
2021-07-17,207676,Saturday,A,,2021,7,28
2021-07-18,162140,Sunday,U,,2021,7,28
2021-07-19,211391,Monday,W,,2021,7,29
2021-07-20,225266,Tuesday,W,,2021,7,29
2021-07-21,233487,Wednesday,W,,2021,7,29
2021-07-22,234994,Thursday,W,,2021,7,29
2021-07-23,254565,Friday,W,,2021,7,29
2021-07-24,211869,Saturday,A,,2021,7,29
2021-07-25,168754,Sunday,U,,2021,7,29
2021-07-26,221710,Monday,W,,2021,7,30
2021-07-27,237683,Tuesday,W,,2021,7,30
2021-07-28,254158,Wednesday,W,,2021,7,30
2021-07-29,308427,Thursday,W,,2021,7,30
2021-07-30,309145,Friday,W,,2021,7,30
2021-07-31,263346,Saturday,A,,2021,7,30
2021-08-01,207467,Sunday,U,,2021,8,30
2021-08-02,220953,Monday,W,,2021,8,31
2021-08-03,227886,Tuesday,W,,2021,8,31
2021-08-04,231226,Wednesday,W,,2021,8,31
2021-08-05,241658,Thursday,W,,2021,8,31
2021-08-06,267398,Friday,W,,2021,8,31
2021-08-07,233085,Saturday,A,,2021,8,31
2021-08-08,159030,Sunday,U,,2021,8,31
2021-08-09,204865,Monday,W,,2021,8,32
2021-08-10,225166,Tuesday,W,,2021,8,32
2021-08-11,220385,Wednesday,W,,2021,8,32
2021-08-12,239140,Thursday,W,,2021,8,32
2021-08-13,236007,Friday,W,,2021,8,32
2021-08-14,214154,Saturday,A,,2021,8,32
2021-08-15,174589,Sunday,U,,2021,8,32
2021-08-16,210235,Monday,W,,2021,8,33
2021-08-17,220868,Tuesday,W,,2021,8,33
2021-08-18,226295,Wednesday,W,,2021,8,33
2021-08-19,234020,Thursday,W,,2021,8,33
2021-08-20,254280,Friday,W,,2021,8,33
2021-08-21,210760,Saturday,A,,2021,8,33
2021-08-22,171805,Sunday,U,,2021,8,33
2021-08-23,224254,Monday,W,,2021,8,34
2021-08-24,221152,Tuesday,W,,2021,8,34
2021-08-25,237496,Wednesday,W,,2021,8,34
2021-08-26,245000,Thursday,W,,2021,8,34
2021-08-27,257475,Friday,W,,2021,8,34
2021-08-28,196839,Saturday,A,,2021,8,34
2021-08-29,152822,Sunday,U,,2021,8,34
2021-08-30,241314,Monday,W,,2021,8,35
2021-08-31,251259,Tuesday,W,,2021,8,35
2021-09-01,259163,Wednesday,W,,2021,9,35
2021-09-02,270713,Thursday,W,,2021,9,35
2021-09-03,284817,Friday,W,,2021,9,35
2021-09-04,212637,Saturday,A,,2021,9,35
2021-09-05,197865,Sunday,U,,2021,9,35
2021-09-06,162279,Monday,U,Labor Day,2021,9,36
2021-09-07,249609,Tuesday,W,,2021,9,36
2021-09-08,273807,Wednesday,W,,2021,9,36
2021-09-09,279093,Thursday,W,,2021,9,36
2021-09-10,304342,Friday,W,,2021,9,36
2021-09-11,235493,Saturday,A,,2021,9,36
2021-09-12,176108,Sunday,U,,2021,9,36
2021-09-13,253673,Monday,W,,2021,9,37
2021-09-14,266856,Tuesday,W,,2021,9,37
2021-09-15,281680,Wednesday,W,,2021,9,37
2021-09-16,312299,Thursday,W,,2021,9,37
2021-09-17,322806,Friday,W,,2021,9,37
2021-09-18,251873,Saturday,A,,2021,9,37
2021-09-19,188259,Sunday,U,,2021,9,37
2021-09-20,255720,Monday,W,,2021,9,38
2021-09-21,273156,Tuesday,W,,2021,9,38
2021-09-22,275886,Wednesday,W,,2021,9,38
2021-09-23,280291,Thursday,W,,2021,9,38
2021-09-24,312557,Friday,W,,2021,9,38
2021-09-25,252435,Saturday,A,,2021,9,38
2021-09-26,166559,Sunday,U,,2021,9,38
2021-09-27,255365,Monday,W,,2021,9,39
2021-09-28,269755,Tuesday,W,,2021,9,39
2021-09-29,276296,Wednesday,W,,2021,9,39
2021-09-30,279246,Thursday,W,,2021,9,39
2021-10-01,291956,Friday,W,,2021,10,39
2021-10-02,210566,Saturday,A,,2021,10,39
2021-10-03,160199,Sunday,U,,2021,10,39
2021-10-04,253376,Monday,W,,2021,10,40
2021-10-05,270059,Tuesday,W,,2021,10,40
2021-10-06,270208,Wednesday,W,,2021,10,40
2021-10-07,275378,Thursday,W,,2021,10,40
2021-10-08,296800,Friday,W,,2021,10,40
2021-10-09,238603,Saturday,A,,2021,10,40
2021-10-10,265267,Sunday,U,,2021,10,40
2021-10-11,228973,Monday,W,,2021,10,41
2021-10-12,287274,Tuesday,W,,2021,10,41
2021-10-13,275519,Wednesday,W,,2021,10,41
2021-10-14,286352,Thursday,W,,2021,10,41
2021-10-15,287896,Friday,W,,2021,10,41
2021-10-16,225247,Saturday,A,,2021,10,41
2021-10-17,166570,Sunday,U,,2021,10,41
2021-10-18,258082,Monday,W,,2021,10,42
2021-10-19,275137,Tuesday,W,,2021,10,42
2021-10-20,275568,Wednesday,W,,2021,10,42
2021-10-21,281071,Thursday,W,,2021,10,42
2021-10-22,279918,Friday,W,,2021,10,42
2021-10-23,206961,Saturday,A,,2021,10,42
2021-10-24,122979,Sunday,U,,2021,10,42
2021-10-25,229814,Monday,W,,2021,10,43
2021-10-26,273169,Tuesday,W,,2021,10,43
2021-10-27,278401,Wednesday,W,,2021,10,43
2021-10-28,279885,Thursday,W,,2021,10,43
2021-10-29,262024,Friday,W,,2021,10,43
2021-10-30,207270,Saturday,A,,2021,10,43
2021-10-31,155444,Sunday,U,,2021,10,43
2021-11-01,254650,Monday,W,,2021,11,44
2021-11-02,269985,Tuesday,W,,2021,11,44
2021-11-03,277301,Wednesday,W,,2021,11,44
2021-11-04,282201,Thursday,W,,2021,11,44
2021-11-05,264652,Friday,W,,2021,11,44
2021-11-06,198260,Saturday,A,,2021,11,44
2021-11-07,149930,Sunday,U,,2021,11,44
2021-11-08,258378,Monday,W,,2021,11,45
2021-11-09,274657,Tuesday,W,,2021,11,45
2021-11-10,281308,Wednesday,W,,2021,11,45
2021-11-11,242659,Thursday,W,,2021,11,45
2021-11-12,255883,Friday,W,,2021,11,45
2021-11-13,186731,Saturday,A,,2021,11,45
2021-11-14,129243,Sunday,U,,2021,11,45
2021-11-15,247780,Monday,W,,2021,11,46
2021-11-16,271688,Tuesday,W,,2021,11,46
2021-11-17,263720,Wednesday,W,,2021,11,46
2021-11-18,266634,Thursday,W,,2021,11,46
2021-11-19,285281,Friday,W,,2021,11,46
2021-11-20,232438,Saturday,A,,2021,11,46
2021-11-21,151380,Sunday,U,,2021,11,46
2021-11-22,243718,Monday,W,,2021,11,47
2021-11-23,254028,Tuesday,W,,2021,11,47
2021-11-24,218174,Wednesday,W,,2021,11,47
2021-11-25,86938,Thursday,U,Thanksgiving Day,2021,11,47
2021-11-26,160486,Friday,W,,2021,11,47
2021-11-27,157462,Saturday,A,,2021,11,47
2021-11-28,124646,Sunday,U,,2021,11,47
2021-11-29,233579,Monday,W,,2021,11,48
2021-11-30,255794,Tuesday,W,,2021,11,48
2021-12-01,260823,Wednesday,W,,2021,12,48
2021-12-02,273382,Thursday,W,,2021,12,48
2021-12-03,270317,Friday,W,,2021,12,48
2021-12-04,201330,Saturday,A,,2021,12,48
2021-12-05,128139,Sunday,U,,2021,12,48
2021-12-06,234970,Monday,W,,2021,12,49
2021-12-07,242249,Tuesday,W,,2021,12,49
2021-12-08,253369,Wednesday,W,,2021,12,49
2021-12-09,262140,Thursday,W,,2021,12,49
2021-12-10,251007,Friday,W,,2021,12,49
2021-12-11,188049,Saturday,A,,2021,12,49
2021-12-12,140566,Sunday,U,,2021,12,49
2021-12-13,229549,Monday,W,,2021,12,50
2021-12-14,247890,Tuesday,W,,2021,12,50
2021-12-15,252904,Wednesday,W,,2021,12,50
2021-12-16,250993,Thursday,W,,2021,12,50
2021-12-17,238025,Friday,W,,2021,12,50
2021-12-18,166690,Saturday,A,,2021,12,50
2021-12-19,128131,Sunday,U,,2021,12,50
2021-12-20,198815,Monday,W,,2021,12,51
2021-12-21,189813,Tuesday,W,,2021,12,51
2021-12-22,176653,Wednesday,W,,2021,12,51
2021-12-23,162749,Thursday,W,,2021,12,51
2021-12-24,101130,Friday,U,,2021,12,51
2021-12-25,53972,Saturday,A,Christmas Day,2021,12,51
2021-12-26,90378,Sunday,U,,2021,12,51
2021-12-27,144136,Monday,W,,2021,12,52
2021-12-28,147119,Tuesday,W,,2021,12,52
2021-12-29,161810,Wednesday,W,,2021,12,52
2021-12-30,164431,Thursday,W,,2021,12,52
2021-12-31,138769,Friday,U,,2021,12,52
2022-01-01,97479,Saturday,A,New Year's Day,2022,1,52
2022-01-02,95628,Sunday,U,,2022,1,52
2022-01-03,155383,Monday,W,,2022,1,1
2022-01-04,170722,Tuesday,W,,2022,1,1
2022-01-05,148972,Wednesday,W,,2022,1,1
2022-01-06,147592,Thursday,W,,2022,1,1
2022-01-07,144859,Friday,W,,2022,1,1
2022-01-08,112017,Saturday,A,,2022,1,1
2022-01-09,85786,Sunday,U,,2022,1,1
2022-01-10,148012,Monday,W,,2022,1,2
2022-01-11,160360,Tuesday,W,,2022,1,2
2022-01-12,180216,Wednesday,W,,2022,1,2
2022-01-13,183798,Thursday,W,,2022,1,2
2022-01-14,188500,Friday,W,,2022,1,2
2022-01-15,128348,Saturday,A,,2022,1,2
2022-01-16,98498,Sunday,U,,2022,1,2
2022-01-17,134754,Monday,W,,2022,1,3
2022-01-18,201682,Tuesday,W,,2022,1,3
2022-01-19,198509,Wednesday,W,,2022,1,3
2022-01-20,191504,Thursday,W,,2022,1,3
2022-01-21,191575,Friday,W,,2022,1,3
2022-01-22,128428,Saturday,A,,2022,1,3
2022-01-23,94729,Sunday,U,,2022,1,3
2022-01-24,197965,Monday,W,,2022,1,4
2022-01-25,196923,Tuesday,W,,2022,1,4
2022-01-26,181283,Wednesday,W,,2022,1,4
2022-01-27,214173,Thursday,W,,2022,1,4
2022-01-28,193304,Friday,W,,2022,1,4
2022-01-29,134447,Saturday,A,,2022,1,4
2022-01-30,96781,Sunday,U,,2022,1,4
2022-01-31,213049,Monday,W,,2022,1,5
2022-02-01,230727,Tuesday,W,,2022,2,5
2022-02-02,159790,Wednesday,W,,2022,2,5
2022-02-03,195566,Thursday,W,,2022,2,5
2022-02-04,222163,Friday,W,,2022,2,5
2022-02-05,142345,Saturday,A,,2022,2,5
2022-02-06,105185,Sunday,U,,2022,2,5
2022-02-07,217354,Monday,W,,2022,2,6
2022-02-08,236273,Tuesday,W,,2022,2,6
2022-02-09,238822,Wednesday,W,,2022,2,6
2022-02-10,239591,Thursday,W,,2022,2,6
2022-02-11,227053,Friday,W,,2022,2,6
2022-02-12,148533,Saturday,A,,2022,2,6
2022-02-13,111965,Sunday,U,,2022,2,6
2022-02-14,219745,Monday,W,,2022,2,7
2022-02-15,238316,Tuesday,W,,2022,2,7
2022-02-16,241494,Wednesday,W,,2022,2,7
2022-02-17,219300,Thursday,W,,2022,2,7
2022-02-18,226677,Friday,W,,2022,2,7
2022-02-19,150950,Saturday,A,,2022,2,7
2022-02-20,123096,Sunday,U,,2022,2,7
2022-02-21,184902,Monday,W,,2022,2,8
2022-02-22,232387,Tuesday,W,,2022,2,8
2022-02-23,243233,Wednesday,W,,2022,2,8
2022-02-24,244646,Thursday,W,,2022,2,8
2022-02-25,234566,Friday,W,,2022,2,8
2022-02-26,159811,Saturday,A,,2022,2,8
2022-02-27,117085,Sunday,U,,2022,2,8
2022-02-28,229632,Monday,W,,2022,2,9
2022-03-01,251245,Tuesday,W,,2022,3,9
2022-03-02,256884,Wednesday,W,,2022,3,9
2022-03-03,254106,Thursday,W,,2022,3,9
2022-03-04,243676,Friday,W,,2022,3,9
2022-03-05,186017,Saturday,A,,2022,3,9
2022-03-06,119318,Sunday,U,,2022,3,9
2022-03-07,220585,Monday,W,,2022,3,10
2022-03-08,256034,Tuesday,W,,2022,3,10
2022-03-09,261688,Wednesday,W,,2022,3,10
2022-03-10,261772,Thursday,W,,2022,3,10
2022-03-11,248314,Friday,W,,2022,3,10
2022-03-12,241233,Saturday,A,,2022,3,10
2022-03-13,141878,Sunday,U,,2022,3,10
2022-03-14,248055,Monday,W,,2022,3,11
2022-03-15,272037,Tuesday,W,,2022,3,11
2022-03-16,281303,Wednesday,W,,2022,3,11
2022-03-17,284116,Thursday,W,,2022,3,11
2022-03-18,246850,Friday,W,,2022,3,11
2022-03-19,171023,Saturday,A,,2022,3,11
2022-03-20,154296,Sunday,U,,2022,3,11
2022-03-21,241232,Monday,W,,2022,3,12
2022-03-22,245217,Tuesday,W,,2022,3,12
2022-03-23,240769,Wednesday,W,,2022,3,12
2022-03-24,236074,Thursday,W,,2022,3,12
2022-03-25,245020,Friday,W,,2022,3,12
2022-03-26,160269,Saturday,A,,2022,3,12
2022-03-27,124267,Sunday,U,,2022,3,12
2022-03-28,238904,Monday,W,,2022,3,13
2022-03-29,261769,Tuesday,W,,2022,3,13
2022-03-30,252526,Wednesday,W,,2022,3,13
2022-03-31,264461,Thursday,W,,2022,3,13
2022-04-01,263729,Friday,W,,2022,4,13
2022-04-02,162130,Saturday,A,,2022,4,13
2022-04-03,128558,Sunday,U,,2022,4,13
2022-04-04,243953,Monday,W,,2022,4,14
2022-04-05,273414,Tuesday,W,,2022,4,14
2022-04-06,274746,Wednesday,W,,2022,4,14
2022-04-07,290757,Thursday,W,,2022,4,14
2022-04-08,252588,Friday,W,,2022,4,14
2022-04-09,193978,Saturday,A,,2022,4,14
2022-04-10,153954,Sunday,U,,2022,4,14
2022-04-11,231397,Monday,W,,2022,4,15
2022-04-12,270797,Tuesday,W,,2022,4,15
2022-04-13,243636,Wednesday,W,,2022,4,15
2022-04-14,265185,Thursday,W,,2022,4,15
2022-04-15,231870,Friday,W,,2022,4,15
2022-04-16,180490,Saturday,A,,2022,4,15
2022-04-17,116747,Sunday,U,,2022,4,15
2022-04-18,234165,Monday,W,,2022,4,16
2022-04-19,272159,Tuesday,W,,2022,4,16
2022-04-20,270491,Wednesday,W,,2022,4,16
2022-04-21,284827,Thursday,W,,2022,4,16
2022-04-22,247558,Friday,W,,2022,4,16
2022-04-23,232510,Saturday,A,,2022,4,16
2022-04-24,135732,Sunday,U,,2022,4,16
2022-04-25,246397,Monday,W,,2022,4,17
2022-04-26,271031,Tuesday,W,,2022,4,17
2022-04-27,272883,Wednesday,W,,2022,4,17
2022-04-28,275812,Thursday,W,,2022,4,17
2022-04-29,271716,Friday,W,,2022,4,17
2022-04-30,174066,Saturday,A,,2022,4,17
2022-05-01,140706,Sunday,U,,2022,5,17
2022-05-02,243274,Monday,W,,2022,5,18
2022-05-03,256689,Tuesday,W,,2022,5,18
2022-05-04,290480,Wednesday,W,,2022,5,18
2022-05-05,277829,Thursday,W,,2022,5,18
2022-05-06,251793,Friday,W,,2022,5,18
2022-05-07,220704,Saturday,A,,2022,5,18
2022-05-08,140841,Sunday,U,,2022,5,18
2022-05-09,250165,Monday,W,,2022,5,19
2022-05-10,282603,Tuesday,W,,2022,5,19
2022-05-11,280619,Wednesday,W,,2022,5,19
2022-05-12,291697,Thursday,W,,2022,5,19
2022-05-13,280711,Friday,W,,2022,5,19
2022-05-14,209362,Saturday,A,,2022,5,19
2022-05-15,144638,Sunday,U,,2022,5,19
2022-05-16,256946,Monday,W,,2022,5,20
2022-05-17,284443,Tuesday,W,,2022,5,20
2022-05-18,272428,Wednesday,W,,2022,5,20
2022-05-19,296552,Thursday,W,,2022,5,20
2022-05-20,270982,Friday,W,,2022,5,20
2022-05-21,183848,Saturday,A,,2022,5,20
2022-05-22,162316,Sunday,U,,2022,5,20
2022-05-23,251383,Monday,W,,2022,5,21
2022-05-24,283541,Tuesday,W,,2022,5,21
2022-05-25,269932,Wednesday,W,,2022,5,21
2022-05-26,280215,Thursday,W,,2022,5,21
2022-05-27,252932,Friday,W,,2022,5,21
2022-05-28,235278,Saturday,A,,2022,5,21
2022-05-29,207555,Sunday,U,,2022,5,21
2022-05-30,176966,Monday,U,Memorial Day,2022,5,22
2022-05-31,275411,Tuesday,W,,2022,5,22
2022-06-01,291785,Wednesday,W,,2022,6,22
2022-06-02,299035,Thursday,W,,2022,6,22
2022-06-03,297681,Friday,W,,2022,6,22
2022-06-04,219181,Saturday,A,,2022,6,22
2022-06-05,181505,Sunday,U,,2022,6,22
2022-06-06,245525,Monday,W,,2022,6,23
2022-06-07,293485,Tuesday,W,,2022,6,23
2022-06-08,276693,Wednesday,W,,2022,6,23
2022-06-09,302472,Thursday,W,,2022,6,23
2022-06-10,275793,Friday,W,,2022,6,23
2022-06-11,221352,Saturday,A,,2022,6,23
2022-06-12,162273,Sunday,U,,2022,6,23
2022-06-13,257888,Monday,W,,2022,6,24
2022-06-14,290866,Tuesday,W,,2022,6,24
2022-06-15,284996,Wednesday,W,,2022,6,24
2022-06-16,295737,Thursday,W,,2022,6,24
2022-06-17,299793,Friday,W,,2022,6,24
2022-06-18,256953,Saturday,A,,2022,6,24
2022-06-19,189471,Sunday,U,,2022,6,24
2022-06-20,216742,Monday,W,,2022,6,25
2022-06-21,270066,Tuesday,W,,2022,6,25
2022-06-22,282296,Wednesday,W,,2022,6,25
2022-06-23,290496,Thursday,W,,2022,6,25
2022-06-24,297155,Friday,W,,2022,6,25
2022-06-25,217008,Saturday,A,,2022,6,25
2022-06-26,252580,Sunday,U,,2022,6,25
2022-06-27,250929,Monday,W,,2022,6,26
2022-06-28,293386,Tuesday,W,,2022,6,26
2022-06-29,294625,Wednesday,W,,2022,6,26
2022-06-30,297991,Thursday,W,,2022,6,26
2022-07-01,269485,Friday,W,,2022,7,26
2022-07-02,228553,Saturday,A,,2022,7,26
2022-07-03,186028,Sunday,U,,2022,7,26
2022-07-04,133405,Monday,U,Independence Day,2022,7,27
2022-07-05,239691,Tuesday,W,,2022,7,27
2022-07-06,266338,Wednesday,W,,2022,7,27
2022-07-07,279670,Thursday,W,,2022,7,27
2022-07-08,273115,Friday,W,,2022,7,27
2022-07-09,242099,Saturday,A,,2022,7,27
2022-07-10,175559,Sunday,U,,2022,7,27
2022-07-11,244491,Monday,W,,2022,7,28
2022-07-12,296967,Tuesday,W,,2022,7,28
2022-07-13,302297,Wednesday,W,,2022,7,28
2022-07-14,308213,Thursday,W,,2022,7,28
2022-07-15,260029,Friday,W,,2022,7,28
2022-07-16,248316,Saturday,A,,2022,7,28
2022-07-17,175305,Sunday,U,,2022,7,28
2022-07-18,252741,Monday,W,,2022,7,29
2022-07-19,283461,Tuesday,W,,2022,7,29
2022-07-20,285644,Wednesday,W,,2022,7,29
2022-07-21,289354,Thursday,W,,2022,7,29
2022-07-22,273495,Friday,W,,2022,7,29
2022-07-23,222932,Saturday,A,,2022,7,29
2022-07-24,170437,Sunday,U,,2022,7,29
2022-07-25,265808,Monday,W,,2022,7,30
2022-07-26,297854,Tuesday,W,,2022,7,30
2022-07-27,287165,Wednesday,W,,2022,7,30
2022-07-28,321380,Thursday,W,,2022,7,30
2022-07-29,319971,Friday,W,,2022,7,30
2022-07-30,275114,Saturday,A,,2022,7,30
2022-07-31,212777,Sunday,U,,2022,7,30
2022-08-01,257447,Monday,W,,2022,8,31
2022-08-02,283559,Tuesday,W,,2022,8,31
2022-08-03,271764,Wednesday,W,,2022,8,31
2022-08-04,288820,Thursday,W,,2022,8,31
2022-08-05,301908,Friday,W,,2022,8,31
2022-08-06,235602,Saturday,A,,2022,8,31
2022-08-07,162746,Sunday,U,,2022,8,31
2022-08-08,241716,Monday,W,,2022,8,32
2022-08-09,297786,Tuesday,W,,2022,8,32
2022-08-10,292381,Wednesday,W,,2022,8,32
2022-08-11,285417,Thursday,W,,2022,8,32
2022-08-12,270488,Friday,W,,2022,8,32
2022-08-13,213305,Saturday,A,,2022,8,32
2022-08-14,159219,Sunday,U,,2022,8,32
2022-08-15,264164,Monday,W,,2022,8,33
2022-08-16,283322,Tuesday,W,,2022,8,33
2022-08-17,283452,Wednesday,W,,2022,8,33
2022-08-18,289824,Thursday,W,,2022,8,33
2022-08-19,303630,Friday,W,,2022,8,33
2022-08-20,221579,Saturday,A,,2022,8,33
2022-08-21,186554,Sunday,U,,2022,8,33
2022-08-22,272302,Monday,W,,2022,8,34
2022-08-23,312659,Tuesday,W,,2022,8,34
2022-08-24,312198,Wednesday,W,,2022,8,34
2022-08-25,310208,Thursday,W,,2022,8,34
2022-08-26,293907,Friday,W,,2022,8,34
2022-08-27,209330,Saturday,A,,2022,8,34
2022-08-28,158841,Sunday,U,,2022,8,34
2022-08-29,259635,Monday,W,,2022,8,35
2022-08-30,309854,Tuesday,W,,2022,8,35
2022-08-31,309507,Wednesday,W,,2022,8,35
2022-09-01,314824,Thursday,W,,2022,9,35
2022-09-02,306434,Friday,W,,2022,9,35
2022-09-03,245733,Saturday,A,,2022,9,35
2022-09-04,192230,Sunday,U,,2022,9,35
2022-09-05,152952,Monday,U,Labor Day,2022,9,36
2022-09-06,310166,Tuesday,W,,2022,9,36
2022-09-07,329309,Wednesday,W,,2022,9,36
2022-09-08,331812,Thursday,W,,2022,9,36
2022-09-09,316377,Friday,W,,2022,9,36
2022-09-10,247377,Saturday,A,,2022,9,36
2022-09-11,147958,Sunday,U,,2022,9,36
2022-09-12,290724,Monday,W,,2022,9,37
2022-09-13,331178,Tuesday,W,,2022,9,37
2022-09-14,335177,Wednesday,W,,2022,9,37
2022-09-15,347035,Thursday,W,,2022,9,37
2022-09-16,366379,Friday,W,,2022,9,37
2022-09-17,273445,Saturday,A,,2022,9,37
2022-09-18,203738,Sunday,U,,2022,9,37
2022-09-19,296995,Monday,W,,2022,9,38
2022-09-20,328478,Tuesday,W,,2022,9,38
2022-09-21,333176,Wednesday,W,,2022,9,38
2022-09-22,338289,Thursday,W,,2022,9,38
2022-09-23,300921,Friday,W,,2022,9,38
2022-09-24,223627,Saturday,A,,2022,9,38
2022-09-25,166204,Sunday,U,,2022,9,38
2022-09-26,286898,Monday,W,,2022,9,39
2022-09-27,332948,Tuesday,W,,2022,9,39
2022-09-28,338423,Wednesday,W,,2022,9,39
2022-09-29,338755,Thursday,W,,2022,9,39
2022-09-30,316014,Friday,W,,2022,9,39
2022-10-01,235069,Saturday,A,,2022,10,39
2022-10-02,167661,Sunday,U,,2022,10,39
2022-10-03,294785,Monday,W,,2022,10,40
2022-10-04,328346,Tuesday,W,,2022,10,40
2022-10-05,327986,Wednesday,W,,2022,10,40
2022-10-06,345529,Thursday,W,,2022,10,40
2022-10-07,327247,Friday,W,,2022,10,40
2022-10-08,253416,Saturday,A,,2022,10,40
2022-10-09,297378,Sunday,U,,2022,10,40
2022-10-10,281931,Monday,W,,2022,10,41
2022-10-11,336860,Tuesday,W,,2022,10,41
2022-10-12,326496,Wednesday,W,,2022,10,41
2022-10-13,356376,Thursday,W,,2022,10,41
2022-10-14,315644,Friday,W,,2022,10,41
2022-10-15,229603,Saturday,A,,2022,10,41
2022-10-16,162220,Sunday,U,,2022,10,41
2022-10-17,282349,Monday,W,,2022,10,42
2022-10-18,315773,Tuesday,W,,2022,10,42
2022-10-19,321318,Wednesday,W,,2022,10,42
2022-10-20,325250,Thursday,W,,2022,10,42
2022-10-21,291761,Friday,W,,2022,10,42
2022-10-22,214884,Saturday,A,,2022,10,42
2022-10-23,160230,Sunday,U,,2022,10,42
2022-10-24,290739,Monday,W,,2022,10,43
2022-10-25,313851,Tuesday,W,,2022,10,43
2022-10-26,334100,Wednesday,W,,2022,10,43
2022-10-27,335139,Thursday,W,,2022,10,43
2022-10-28,299272,Friday,W,,2022,10,43
2022-10-29,214472,Saturday,A,,2022,10,43
2022-10-30,150432,Sunday,U,,2022,10,43
2022-10-31,270519,Monday,W,,2022,10,44
2022-11-01,319513,Tuesday,W,,2022,11,44
2022-11-02,320556,Wednesday,W,,2022,11,44
2022-11-03,329449,Thursday,W,,2022,11,44
2022-11-04,292031,Friday,W,,2022,11,44
2022-11-05,201160,Saturday,A,,2022,11,44
2022-11-06,164547,Sunday,U,,2022,11,44
2022-11-07,291561,Monday,W,,2022,11,45
2022-11-08,289931,Tuesday,W,,2022,11,45
2022-11-09,322805,Wednesday,W,,2022,11,45
2022-11-10,334982,Thursday,W,,2022,11,45
2022-11-11,278501,Friday,W,,2022,11,45
2022-11-12,196294,Saturday,A,,2022,11,45
2022-11-13,155511,Sunday,U,,2022,11,45
2022-11-14,279510,Monday,W,,2022,11,46
2022-11-15,306819,Tuesday,W,,2022,11,46
2022-11-16,310081,Wednesday,W,,2022,11,46
2022-11-17,311016,Thursday,W,,2022,11,46
2022-11-18,294291,Friday,W,,2022,11,46
2022-11-19,194225,Saturday,A,,2022,11,46
2022-11-20,137574,Sunday,U,,2022,11,46
2022-11-21,253246,Monday,W,,2022,11,47
2022-11-22,265295,Tuesday,W,,2022,11,47
2022-11-23,233005,Wednesday,W,,2022,11,47
2022-11-24,94295,Thursday,U,Thanksgiving Day,2022,11,47
2022-11-25,182526,Friday,W,,2022,11,47
2022-11-26,173490,Saturday,A,,2022,11,47
2022-11-27,122786,Sunday,U,,2022,11,47
2022-11-28,259159,Monday,W,,2022,11,48
2022-11-29,292471,Tuesday,W,,2022,11,48
2022-11-30,289027,Wednesday,W,,2022,11,48
2022-12-01,297625,Thursday,W,,2022,12,48
2022-12-02,277372,Friday,W,,2022,12,48
2022-12-03,198617,Saturday,A,,2022,12,48
2022-12-04,147874,Sunday,U,,2022,12,48
2022-12-05,254920,Monday,W,,2022,12,49
2022-12-06,291035,Tuesday,W,,2022,12,49
2022-12-07,294822,Wednesday,W,,2022,12,49
2022-12-08,299766,Thursday,W,,2022,12,49
2022-12-09,262388,Friday,W,,2022,12,49
2022-12-10,210797,Saturday,A,,2022,12,49
2022-12-11,152854,Sunday,U,,2022,12,49
2022-12-12,262124,Monday,W,,2022,12,50
2022-12-13,296425,Tuesday,W,,2022,12,50
2022-12-14,282748,Wednesday,W,,2022,12,50
2022-12-15,302850,Thursday,W,,2022,12,50
2022-12-16,268685,Friday,W,,2022,12,50
2022-12-17,186489,Saturday,A,,2022,12,50
2022-12-18,141998,Sunday,U,,2022,12,50
2022-12-19,229789,Monday,W,,2022,12,51
2022-12-20,255231,Tuesday,W,,2022,12,51
2022-12-21,248257,Wednesday,W,,2022,12,51
2022-12-22,178966,Thursday,W,,2022,12,51
2022-12-23,90798,Friday,W,,2022,12,51
2022-12-24,79457,Saturday,A,,2022,12,51
2022-12-25,46687,Sunday,U,Christmas Day,2022,12,51
2022-12-26,103723,Monday,U,,2022,12,52
2022-12-27,171451,Tuesday,W,,2022,12,52
2022-12-28,179434,Wednesday,W,,2022,12,52
2022-12-29,195691,Thursday,W,,2022,12,52
2022-12-30,205658,Friday,W,,2022,12,52
2022-12-31,152396,Saturday,A,,2022,12,52
2023-01-01,120116,Sunday,U,New Year's Day,2023,1,52
2023-01-02,141465,Monday,U,,2023,1,1
2023-01-03,231959,Tuesday,W,,2023,1,1
2023-01-04,245942,Wednesday,W,,2023,1,1
2023-01-05,246139,Thursday,W,,2023,1,1
2023-01-06,217487,Friday,W,,2023,1,1
2023-01-07,155622,Saturday,A,,2023,1,1
2023-01-08,124042,Sunday,U,,2023,1,1
2023-01-09,249582,Monday,W,,2023,1,2
2023-01-10,290628,Tuesday,W,,2023,1,2
2023-01-11,288823,Wednesday,W,,2023,1,2
2023-01-12,286050,Thursday,W,,2023,1,2
2023-01-13,245685,Friday,W,,2023,1,2
2023-01-14,170634,Saturday,A,,2023,1,2
2023-01-15,131517,Sunday,U,,2023,1,2
2023-01-16,165087,Monday,W,,2023,1,3
2023-01-17,289911,Tuesday,W,,2023,1,3
2023-01-18,291688,Wednesday,W,,2023,1,3
2023-01-19,291993,Thursday,W,,2023,1,3
2023-01-20,249201,Friday,W,,2023,1,3
2023-01-21,166513,Saturday,A,,2023,1,3
2023-01-22,119913,Sunday,U,,2023,1,3
2023-01-23,258860,Monday,W,,2023,1,4
2023-01-24,298634,Tuesday,W,,2023,1,4
2023-01-25,283448,Wednesday,W,,2023,1,4
2023-01-26,294372,Thursday,W,,2023,1,4
2023-01-27,243902,Friday,W,,2023,1,4
2023-01-28,161505,Saturday,A,,2023,1,4
2023-01-29,123441,Sunday,U,,2023,1,4
2023-01-30,239009,Monday,W,,2023,1,5
2023-01-31,261622,Tuesday,W,,2023,1,5
2023-02-01,282673,Wednesday,W,,2023,2,5
2023-02-02,288228,Thursday,W,,2023,2,5
2023-02-03,210596,Friday,W,,2023,2,5
2023-02-04,160845,Saturday,A,,2023,2,5
2023-02-05,126885,Sunday,U,,2023,2,5
2023-02-06,258857,Monday,W,,2023,2,6
2023-02-07,296515,Tuesday,W,,2023,2,6
2023-02-08,296042,Wednesday,W,,2023,2,6
2023-02-09,277550,Thursday,W,,2023,2,6
2023-02-10,245542,Friday,W,,2023,2,6
2023-02-11,155606,Saturday,A,,2023,2,6
2023-02-12,120254,Sunday,U,,2023,2,6
2023-02-13,253878,Monday,W,,2023,2,7
2023-02-14,302100,Tuesday,W,,2023,2,7
2023-02-15,294615,Wednesday,W,,2023,2,7
2023-02-16,275764,Thursday,W,,2023,2,7
2023-02-17,252784,Friday,W,,2023,2,7
2023-02-18,182111,Saturday,A,,2023,2,7
2023-02-19,143998,Sunday,U,,2023,2,7
2023-02-20,213698,Monday,W,,2023,2,8
2023-02-21,296562,Tuesday,W,,2023,2,8
2023-02-22,272033,Wednesday,W,,2023,2,8
2023-02-23,297355,Thursday,W,,2023,2,8
2023-02-24,257883,Friday,W,,2023,2,8
2023-02-25,170574,Saturday,A,,2023,2,8
2023-02-26,131212,Sunday,U,,2023,2,8
2023-02-27,241424,Monday,W,,2023,2,9
2023-02-28,297445,Tuesday,W,,2023,2,9
2023-03-01,301272,Wednesday,W,,2023,3,9
2023-03-02,297186,Thursday,W,,2023,3,9
2023-03-03,240289,Friday,W,,2023,3,9
2023-03-04,174839,Saturday,A,,2023,3,9
2023-03-05,131707,Sunday,U,,2023,3,9
2023-03-06,255580,Monday,W,,2023,3,10
2023-03-07,305944,Tuesday,W,,2023,3,10
2023-03-08,303057,Wednesday,W,,2023,3,10
2023-03-09,296906,Thursday,W,,2023,3,10
2023-03-10,263452,Friday,W,,2023,3,10
2023-03-11,284455,Saturday,A,,2023,3,10
2023-03-12,134397,Sunday,U,,2023,3,10
2023-03-13,259116,Monday,W,,2023,3,11
2023-03-14,308941,Tuesday,W,,2023,3,11
2023-03-15,310107,Wednesday,W,,2023,3,11
2023-03-16,304078,Thursday,W,,2023,3,11
2023-03-17,269376,Friday,W,,2023,3,11
2023-03-18,166264,Saturday,A,,2023,3,11
2023-03-19,133065,Sunday,U,,2023,3,11
2023-03-20,253387,Monday,W,,2023,3,12
2023-03-21,292589,Tuesday,W,,2023,3,12
2023-03-22,286825,Wednesday,W,,2023,3,12
2023-03-23,288765,Thursday,W,,2023,3,12
2023-03-24,258195,Friday,W,,2023,3,12
2023-03-25,168709,Saturday,A,,2023,3,12
2023-03-26,151494,Sunday,U,,2023,3,12
2023-03-27,269843,Monday,W,,2023,3,13
2023-03-28,308311,Tuesday,W,,2023,3,13
2023-03-29,297726,Wednesday,W,,2023,3,13
2023-03-30,327290,Thursday,W,,2023,3,13
2023-03-31,260987,Friday,W,,2023,3,13
2023-04-01,197163,Saturday,A,,2023,4,13
2023-04-02,161248,Sunday,U,,2023,4,13
2023-04-03,258929,Monday,W,,2023,4,14
2023-04-04,277189,Tuesday,W,,2023,4,14
2023-04-05,285922,Wednesday,W,,2023,4,14
2023-04-06,300671,Thursday,W,,2023,4,14
2023-04-07,266292,Friday,W,,2023,4,14
2023-04-08,204541,Saturday,A,,2023,4,14
2023-04-09,142089,Sunday,U,,2023,4,14
2023-04-10,276474,Monday,W,,2023,4,15
2023-04-11,330711,Tuesday,W,,2023,4,15
2023-04-12,331288,Wednesday,W,,2023,4,15
2023-04-13,329137,Thursday,W,,2023,4,15
2023-04-14,301343,Friday,W,,2023,4,15
2023-04-15,213699,Saturday,A,,2023,4,15
2023-04-16,132920,Sunday,U,,2023,4,15
2023-04-17,264098,Monday,W,,2023,4,16
2023-04-18,322350,Tuesday,W,,2023,4,16
2023-04-19,323740,Wednesday,W,,2023,4,16
2023-04-20,335548,Thursday,W,,2023,4,16
2023-04-21,307250,Friday,W,,2023,4,16
2023-04-22,201269,Saturday,A,,2023,4,16
2023-04-23,146905,Sunday,U,,2023,4,16
2023-04-24,279617,Monday,W,,2023,4,17
2023-04-25,322143,Tuesday,W,,2023,4,17
2023-04-26,331052,Wednesday,W,,2023,4,17
2023-04-27,336991,Thursday,W,,2023,4,17
2023-04-28,289790,Friday,W,,2023,4,17
2023-04-29,188110,Saturday,A,,2023,4,17
2023-04-30,139421,Sunday,U,,2023,4,17
2023-05-01,268188,Monday,W,,2023,5,18
2023-05-02,316264,Tuesday,W,,2023,5,18
2023-05-03,324189,Wednesday,W,,2023,5,18
2023-05-04,332454,Thursday,W,,2023,5,18
2023-05-05,312376,Friday,W,,2023,5,18
2023-05-06,220774,Saturday,A,,2023,5,18
2023-05-07,169239,Sunday,U,,2023,5,18
2023-05-08,276880,Monday,W,,2023,5,19
2023-05-09,336807,Tuesday,W,,2023,5,19
2023-05-10,338066,Wednesday,W,,2023,5,19
2023-05-11,326964,Thursday,W,,2023,5,19
2023-05-12,279006,Friday,W,,2023,5,19
2023-05-13,188101,Saturday,A,,2023,5,19
2023-05-14,133462,Sunday,U,,2023,5,19
2023-05-15,272243,Monday,W,,2023,5,20
2023-05-16,326404,Tuesday,W,,2023,5,20
2023-05-17,325095,Wednesday,W,,2023,5,20
2023-05-18,331383,Thursday,W,,2023,5,20
2023-05-19,286351,Friday,W,,2023,5,20
2023-05-20,205236,Saturday,A,,2023,5,20
2023-05-21,164777,Sunday,U,,2023,5,20
2023-05-22,283195,Monday,W,,2023,5,21
2023-05-23,345509,Tuesday,W,,2023,5,21
2023-05-24,340759,Wednesday,W,,2023,5,21
2023-05-25,335712,Thursday,W,,2023,5,21
2023-05-26,302646,Friday,W,,2023,5,21
2023-05-27,247560,Saturday,A,,2023,5,21
2023-05-28,210957,Sunday,U,,2023,5,21
2023-05-29,178988,Monday,U,Memorial Day,2023,5,22
2023-05-30,324900,Tuesday,W,,2023,5,22
2023-05-31,330928,Wednesday,W,,2023,5,22
2023-06-01,334172,Thursday,W,,2023,6,22
2023-06-02,328168,Friday,W,,2023,6,22
2023-06-03,253860,Saturday,A,,2023,6,22
2023-06-04,201767,Sunday,U,,2023,6,22
2023-06-05,297491,Monday,W,,2023,6,23
2023-06-06,330826,Tuesday,W,,2023,6,23
2023-06-07,332187,Wednesday,W,,2023,6,23
2023-06-08,329316,Thursday,W,,2023,6,23
2023-06-09,324024,Friday,W,,2023,6,23
2023-06-10,270477,Saturday,A,,2023,6,23
2023-06-11,163745,Sunday,U,,2023,6,23
2023-06-12,277962,Monday,W,,2023,6,24
2023-06-13,318715,Tuesday,W,,2023,6,24
2023-06-14,333755,Wednesday,W,,2023,6,24
2023-06-15,338638,Thursday,W,,2023,6,24
2023-06-16,307286,Friday,W,,2023,6,24
2023-06-17,249860,Saturday,A,,2023,6,24
2023-06-18,187017,Sunday,U,,2023,6,24
2023-06-19,222309,Monday,W,,2023,6,25
2023-06-20,318860,Tuesday,W,,2023,6,25
2023-06-21,341226,Wednesday,W,,2023,6,25
2023-06-22,341794,Thursday,W,,2023,6,25
2023-06-23,325891,Friday,W,,2023,6,25
2023-06-24,252096,Saturday,A,,2023,6,25
2023-06-25,250160,Sunday,U,,2023,6,25
2023-06-26,274991,Monday,W,,2023,6,26
2023-06-27,336354,Tuesday,W,,2023,6,26
2023-06-28,333192,Wednesday,W,,2023,6,26
2023-06-29,334832,Thursday,W,,2023,6,26
2023-06-30,321367,Friday,W,,2023,6,26
2023-07-01,262311,Saturday,A,,2023,7,26
2023-07-02,163616,Sunday,U,,2023,7,26
2023-07-03,249556,Monday,W,,2023,7,27
2023-07-04,166574,Tuesday,U,Independence Day,2023,7,27
2023-07-05,275971,Wednesday,W,,2023,7,27
2023-07-06,319157,Thursday,W,,2023,7,27
2023-07-07,295593,Friday,W,,2023,7,27
2023-07-08,218696,Saturday,A,,2023,7,27
2023-07-09,174523,Sunday,U,,2023,7,27
2023-07-10,281368,Monday,W,,2023,7,28
2023-07-11,317264,Tuesday,W,,2023,7,28
2023-07-12,301211,Wednesday,W,,2023,7,28
2023-07-13,335881,Thursday,W,,2023,7,28
2023-07-14,317971,Friday,W,,2023,7,28
2023-07-15,242150,Saturday,A,,2023,7,28
2023-07-16,199216,Sunday,U,,2023,7,28
2023-07-17,296966,Monday,W,,2023,7,29
2023-07-18,339157,Tuesday,W,,2023,7,29
2023-07-19,342537,Wednesday,W,,2023,7,29
2023-07-20,352162,Thursday,W,,2023,7,29
2023-07-21,331140,Friday,W,,2023,7,29
2023-07-22,263632,Saturday,A,,2023,7,29
2023-07-23,210207,Sunday,U,,2023,7,29
2023-07-24,287935,Monday,W,,2023,7,30
2023-07-25,326124,Tuesday,W,,2023,7,30
2023-07-26,315820,Wednesday,W,,2023,7,30
2023-07-27,327631,Thursday,W,,2023,7,30
2023-07-28,284550,Friday,W,,2023,7,30
2023-07-29,241335,Saturday,A,,2023,7,30
2023-07-30,187052,Sunday,U,,2023,7,30
2023-07-31,284276,Monday,W,,2023,7,31
2023-08-01,331181,Tuesday,W,,2023,8,31
2023-08-02,359937,Wednesday,W,,2023,8,31
2023-08-03,408917,Thursday,W,,2023,8,31
2023-08-04,387722,Friday,W,,2023,8,31
2023-08-05,292812,Saturday,A,,2023,8,31
2023-08-06,254275,Sunday,U,,2023,8,31
2023-08-07,294701,Monday,W,,2023,8,32
2023-08-08,330655,Tuesday,W,,2023,8,32
2023-08-09,335456,Wednesday,W,,2023,8,32
2023-08-10,326088,Thursday,W,,2023,8,32
2023-08-11,314833,Friday,W,,2023,8,32
2023-08-12,266596,Saturday,A,,2023,8,32
2023-08-13,191937,Sunday,U,,2023,8,32
2023-08-14,247032,Monday,W,,2023,8,33
2023-08-15,325214,Tuesday,W,,2023,8,33
2023-08-16,331740,Wednesday,W,,2023,8,33
2023-08-17,311450,Thursday,W,,2023,8,33
2023-08-18,311728,Friday,W,,2023,8,33
2023-08-19,256651,Saturday,A,,2023,8,33
2023-08-20,203939,Sunday,U,,2023,8,33
2023-08-21,292353,Monday,W,,2023,8,34
2023-08-22,331696,Tuesday,W,,2023,8,34
2023-08-23,310416,Wednesday,W,,2023,8,34
2023-08-24,310368,Thursday,W,,2023,8,34
2023-08-25,318870,Friday,W,,2023,8,34
2023-08-26,231482,Saturday,A,,2023,8,34
2023-08-27,186350,Sunday,U,,2023,8,34
2023-08-28,315592,Monday,W,,2023,8,35
2023-08-29,356076,Tuesday,W,,2023,8,35
2023-08-30,357150,Wednesday,W,,2023,8,35
2023-08-31,351201,Thursday,W,,2023,8,35
2023-09-01,329482,Friday,W,,2023,9,35
2023-09-02,245885,Saturday,A,,2023,9,35
2023-09-03,212632,Sunday,U,,2023,9,35
2023-09-04,188579,Monday,U,Labor Day,2023,9,36
2023-09-05,348418,Tuesday,W,,2023,9,36
2023-09-06,362376,Wednesday,W,,2023,9,36
2023-09-07,376859,Thursday,W,,2023,9,36
2023-09-08,338443,Friday,W,,2023,9,36
2023-09-09,272924,Saturday,A,,2023,9,36
2023-09-10,212019,Sunday,U,,2023,9,36
2023-09-11,303616,Monday,W,,2023,9,37
2023-09-12,368316,Tuesday,W,,2023,9,37
2023-09-13,367930,Wednesday,W,,2023,9,37
2023-09-14,372504,Thursday,W,,2023,9,37
2023-09-15,368123,Friday,W,,2023,9,37
2023-09-16,287990,Saturday,A,,2023,9,37
2023-09-17,188010,Sunday,U,,2023,9,37
2023-09-18,325410,Monday,W,,2023,9,38
2023-09-19,368285,Tuesday,W,,2023,9,38
2023-09-20,380890,Wednesday,W,,2023,9,38
2023-09-21,382964,Thursday,W,,2023,9,38
2023-09-22,341514,Friday,W,,2023,9,38
2023-09-23,264255,Saturday,A,,2023,9,38
2023-09-24,200700,Sunday,U,,2023,9,38
2023-09-25,315921,Monday,W,,2023,9,39
2023-09-26,354871,Tuesday,W,,2023,9,39
2023-09-27,363941,Wednesday,W,,2023,9,39
2023-09-28,372721,Thursday,W,,2023,9,39
2023-09-29,341710,Friday,W,,2023,9,39
2023-09-30,254483,Saturday,A,,2023,9,39
2023-10-01,196259,Sunday,U,,2023,10,39
2023-10-02,323418,Monday,W,,2023,10,40
2023-10-03,371403,Tuesday,W,,2023,10,40
2023-10-04,381080,Wednesday,W,,2023,10,40
2023-10-05,382721,Thursday,W,,2023,10,40
2023-10-06,366149,Friday,W,,2023,10,40
2023-10-07,284176,Saturday,A,,2023,10,40
2023-10-08,345157,Sunday,U,,2023,10,40
2023-10-09,313467,Monday,W,,2023,10,41
2023-10-10,379095,Tuesday,W,,2023,10,41
2023-10-11,378350,Wednesday,W,,2023,10,41
2023-10-12,370774,Thursday,W,,2023,10,41
2023-10-13,319701,Friday,W,,2023,10,41
2023-10-14,226760,Saturday,A,,2023,10,41
2023-10-15,190612,Sunday,U,,2023,10,41
2023-10-16,320157,Monday,W,,2023,10,42
2023-10-17,376339,Tuesday,W,,2023,10,42
2023-10-18,375505,Wednesday,W,,2023,10,42
2023-10-19,370982,Thursday,W,,2023,10,42
2023-10-20,337914,Friday,W,,2023,10,42
2023-10-21,263565,Saturday,A,,2023,10,42
2023-10-22,188076,Sunday,U,,2023,10,42
2023-10-23,324543,Monday,W,,2023,10,43
2023-10-24,371745,Tuesday,W,,2023,10,43
2023-10-25,364987,Wednesday,W,,2023,10,43
2023-10-26,352715,Thursday,W,,2023,10,43
2023-10-27,318861,Friday,W,,2023,10,43
2023-10-28,233888,Saturday,A,,2023,10,43
2023-10-29,159000,Sunday,U,,2023,10,43
2023-10-30,314116,Monday,W,,2023,10,44
2023-10-31,333484,Tuesday,W,,2023,10,44
2023-11-01,351280,Wednesday,W,,2023,11,44
2023-11-02,359585,Thursday,W,,2023,11,44
2023-11-03,319866,Friday,W,,2023,11,44
2023-11-04,237617,Saturday,A,,2023,11,44
2023-11-05,171756,Sunday,U,,2023,11,44
2023-11-06,321630,Monday,W,,2023,11,45
2023-11-07,363473,Tuesday,W,,2023,11,45
2023-11-08,361557,Wednesday,W,,2023,11,45
2023-11-09,388962,Thursday,W,,2023,11,45
2023-11-10,300995,Friday,W,,2023,11,45
2023-11-11,225798,Saturday,A,,2023,11,45
2023-11-12,167011,Sunday,U,,2023,11,45
2023-11-13,317381,Monday,W,,2023,11,46
2023-11-14,363310,Tuesday,W,,2023,11,46
2023-11-15,362009,Wednesday,W,,2023,11,46
2023-11-16,355839,Thursday,W,,2023,11,46
2023-11-17,358769,Friday,W,,2023,11,46
2023-11-18,267840,Saturday,A,,2023,11,46
2023-11-19,172488,Sunday,U,,2023,11,46
2023-11-20,286194,Monday,W,,2023,11,47
2023-11-21,290907,Tuesday,W,,2023,11,47
2023-11-22,255372,Wednesday,W,,2023,11,47
2023-11-23,109887,Thursday,U,Thanksgiving Day,2023,11,47
2023-11-24,194620,Friday,W,,2023,11,47
2023-11-25,180764,Saturday,A,,2023,11,47
2023-11-26,137284,Sunday,U,,2023,11,47
2023-11-27,279246,Monday,W,,2023,11,48
2023-11-28,315760,Tuesday,W,,2023,11,48
2023-11-29,331614,Wednesday,W,,2023,11,48
2023-11-30,339508,Thursday,W,,2023,11,48
2023-12-01,290731,Friday,W,,2023,12,48
2023-12-02,221175,Saturday,A,,2023,12,48
2023-12-03,148031,Sunday,U,,2023,12,48
2023-12-04,288949,Monday,W,,2023,12,49
2023-12-05,329010,Tuesday,W,,2023,12,49
2023-12-06,333563,Wednesday,W,,2023,12,49
2023-12-07,345972,Thursday,W,,2023,12,49
2023-12-08,318847,Friday,W,,2023,12,49
2023-12-09,240402,Saturday,A,,2023,12,49
2023-12-10,168037,Sunday,U,,2023,12,49
2023-12-11,279170,Monday,W,,2023,12,50
2023-12-12,323992,Tuesday,W,,2023,12,50
2023-12-13,324231,Wednesday,W,,2023,12,50
2023-12-14,329264,Thursday,W,,2023,12,50
2023-12-15,300977,Friday,W,,2023,12,50
2023-12-16,195991,Saturday,A,,2023,12,50
2023-12-17,158251,Sunday,U,,2023,12,50
2023-12-18,262318,Monday,W,,2023,12,51
2023-12-19,292906,Tuesday,W,,2023,12,51
2023-12-20,294011,Wednesday,W,,2023,12,51
2023-12-21,278433,Thursday,W,,2023,12,51
2023-12-22,228736,Friday,W,,2023,12,51
2023-12-23,175236,Saturday,A,,2023,12,51
2023-12-24,121281,Sunday,U,,2023,12,51
2023-12-25,68652,Monday,U,Christmas Day,2023,12,52
2023-12-26,178560,Tuesday,W,,2023,12,52
2023-12-27,215759,Wednesday,W,,2023,12,52
2023-12-28,216838,Thursday,W,,2023,12,52
2023-12-29,223866,Friday,W,,2023,12,52
2023-12-30,180792,Saturday,A,,2023,12,52
2023-12-31,160185,Sunday,U,,2023,12,52
2024-01-01,130006,Monday,U,New Year's Day,2024,1,1
2024-01-02,236381,Tuesday,W,,2024,1,1
2024-01-03,260868,Wednesday,W,,2024,1,1
2024-01-04,269704,Thursday,W,,2024,1,1
2024-01-05,238659,Friday,W,,2024,1,1
2024-01-06,166713,Saturday,A,,2024,1,1
2024-01-07,129488,Sunday,U,,2024,1,1
2024-01-08,277674,Monday,W,,2024,1,2
2024-01-09,280382,Tuesday,W,,2024,1,2
2024-01-10,314166,Wednesday,W,,2024,1,2
2024-01-11,321094,Thursday,W,,2024,1,2
2024-01-12,203273,Friday,W,,2024,1,2
2024-01-13,155576,Saturday,A,,2024,1,2
2024-01-14,79192,Sunday,U,,2024,1,2
2024-01-15,107962,Monday,W,,2024,1,3
2024-01-16,157949,Tuesday,W,,2024,1,3
2024-01-17,274211,Wednesday,W,,2024,1,3
2024-01-18,307918,Thursday,W,,2024,1,3
2024-01-19,249494,Friday,W,,2024,1,3
2024-01-20,162246,Saturday,A,,2024,1,3
2024-01-21,125122,Sunday,U,,2024,1,3
2024-01-22,286114,Monday,W,,2024,1,4
2024-01-23,314078,Tuesday,W,,2024,1,4
2024-01-24,331113,Wednesday,W,,2024,1,4
2024-01-25,332181,Thursday,W,,2024,1,4
2024-01-26,280230,Friday,W,,2024,1,4
2024-01-27,187914,Saturday,A,,2024,1,4
2024-01-28,134528,Sunday,U,,2024,1,4
2024-01-29,289347,Monday,W,,2024,1,5
2024-01-30,330267,Tuesday,W,,2024,1,5
2024-01-31,330780,Wednesday,W,,2024,1,5
2024-02-01,334327,Thursday,W,,2024,2,5
2024-02-02,280134,Friday,W,,2024,2,5
2024-02-03,195526,Saturday,A,,2024,2,5
2024-02-04,143662,Sunday,U,,2024,2,5
2024-02-05,288598,Monday,W,,2024,2,6
2024-02-06,332201,Tuesday,W,,2024,2,6
2024-02-07,331107,Wednesday,W,,2024,2,6
2024-02-08,332917,Thursday,W,,2024,2,6
2024-02-09,283661,Friday,W,,2024,2,6
2024-02-10,196783,Saturday,A,,2024,2,6
2024-02-11,141526,Sunday,U,,2024,2,6
2024-02-12,276530,Monday,W,,2024,2,7
2024-02-13,336766,Tuesday,W,,2024,2,7
2024-02-14,337969,Wednesday,W,,2024,2,7
2024-02-15,329614,Thursday,W,,2024,2,7
2024-02-16,276753,Friday,W,,2024,2,7
2024-02-17,190346,Saturday,A,,2024,2,7
2024-02-18,162046,Sunday,U,,2024,2,7
2024-02-19,230837,Monday,W,,2024,2,8
2024-02-20,331192,Tuesday,W,,2024,2,8
2024-02-21,336796,Wednesday,W,,2024,2,8
2024-02-22,337265,Thursday,W,,2024,2,8
2024-02-23,286182,Friday,W,,2024,2,8
2024-02-24,191133,Saturday,A,,2024,2,8
2024-02-25,149727,Sunday,U,,2024,2,8
2024-02-26,295773,Monday,W,,2024,2,9
2024-02-27,333823,Tuesday,W,,2024,2,9
2024-02-28,319210,Wednesday,W,,2024,2,9
2024-02-29,328933,Thursday,W,,2024,2,9
2024-03-01,285112,Friday,W,,2024,3,9
2024-03-02,212802,Saturday,A,,2024,3,9
2024-03-03,157571,Sunday,U,,2024,3,9
2024-03-04,283729,Monday,W,,2024,3,10
2024-03-05,325835,Tuesday,W,,2024,3,10
2024-03-06,334229,Wednesday,W,,2024,3,10
2024-03-07,331929,Thursday,W,,2024,3,10
2024-03-08,267319,Friday,W,,2024,3,10
2024-03-09,206751,Saturday,A,,2024,3,10
2024-03-10,152224,Sunday,U,,2024,3,10
2024-03-11,298755,Monday,W,,2024,3,11
2024-03-12,349294,Tuesday,W,,2024,3,11
2024-03-13,353427,Wednesday,W,,2024,3,11
2024-03-14,334037,Thursday,W,,2024,3,11
2024-03-15,328234,Friday,W,,2024,3,11
2024-03-16,420821,Saturday,A,,2024,3,11
2024-03-17,176190,Sunday,U,,2024,3,11
2024-03-18,294222,Monday,W,,2024,3,12
2024-03-19,336998,Tuesday,W,,2024,3,12
2024-03-20,332958,Wednesday,W,,2024,3,12
2024-03-21,325874,Thursday,W,,2024,3,12
2024-03-22,270655,Friday,W,,2024,3,12
2024-03-23,210085,Saturday,A,,2024,3,12
2024-03-24,175659,Sunday,U,,2024,3,12
2024-03-25,271439,Monday,W,,2024,3,13
2024-03-26,305174,Tuesday,W,,2024,3,13
2024-03-27,309685,Wednesday,W,,2024,3,13
2024-03-28,318108,Thursday,W,,2024,3,13
2024-03-29,266235,Friday,W,,2024,3,13
2024-03-30,205658,Saturday,A,,2024,3,13
2024-03-31,135397,Sunday,U,,2024,3,13
2024-04-01,283827,Monday,W,,2024,4,14
2024-04-02,334525,Tuesday,W,,2024,4,14
2024-04-03,336135,Wednesday,W,,2024,4,14
2024-04-04,341236,Thursday,W,,2024,4,14
2024-04-05,319294,Friday,W,,2024,4,14
2024-04-06,240291,Saturday,A,,2024,4,14
2024-04-07,156529,Sunday,U,,2024,4,14
2024-04-08,299592,Monday,W,,2024,4,15
2024-04-09,340568,Tuesday,W,,2024,4,15
2024-04-10,344730,Wednesday,W,,2024,4,15
2024-04-11,337650,Thursday,W,,2024,4,15
2024-04-12,310699,Friday,W,,2024,4,15
2024-04-13,236128,Saturday,A,,2024,4,15
2024-04-14,177899,Sunday,U,,2024,4,15
2024-04-15,313902,Monday,W,,2024,4,16
2024-04-16,344625,Tuesday,W,,2024,4,16
2024-04-17,347238,Wednesday,W,,2024,4,16
2024-04-18,355123,Thursday,W,,2024,4,16
2024-04-19,325856,Friday,W,,2024,4,16
2024-04-20,234787,Saturday,A,,2024,4,16
2024-04-21,171942,Sunday,U,,2024,4,16
2024-04-22,300242,Monday,W,,2024,4,17
2024-04-23,348573,Tuesday,W,,2024,4,17
2024-04-24,354328,Wednesday,W,,2024,4,17
2024-04-25,364452,Thursday,W,,2024,4,17
2024-04-26,302017,Friday,W,,2024,4,17
2024-04-27,240203,Saturday,A,,2024,4,17
2024-04-28,165831,Sunday,U,,2024,4,17
2024-04-29,297408,Monday,W,,2024,4,18
2024-04-30,347767,Tuesday,W,,2024,4,18
2024-05-01,353255,Wednesday,W,,2024,5,18
2024-05-02,346634,Thursday,W,,2024,5,18
2024-05-03,329254,Friday,W,,2024,5,18
2024-05-04,251395,Saturday,A,,2024,5,18
2024-05-05,191475,Sunday,U,,2024,5,18
2024-05-06,321599,Monday,W,,2024,5,19
2024-05-07,349634,Tuesday,W,,2024,5,19
2024-05-08,376088,Wednesday,W,,2024,5,19
2024-05-09,344475,Thursday,W,,2024,5,19
2024-05-10,320519,Friday,W,,2024,5,19
2024-05-11,229147,Saturday,A,,2024,5,19
2024-05-12,171342,Sunday,U,,2024,5,19
2024-05-13,295908,Monday,W,,2024,5,20
2024-05-14,347607,Tuesday,W,,2024,5,20
2024-05-15,355556,Wednesday,W,,2024,5,20
2024-05-16,368122,Thursday,W,,2024,5,20
2024-05-17,340829,Friday,W,,2024,5,20
2024-05-18,264832,Saturday,A,,2024,5,20
2024-05-19,211783,Sunday,U,,2024,5,20
2024-05-20,310156,Monday,W,,2024,5,21
2024-05-21,376147,Tuesday,W,,2024,5,21
2024-05-22,381389,Wednesday,W,,2024,5,21
2024-05-23,387840,Thursday,W,,2024,5,21
2024-05-24,312554,Friday,W,,2024,5,21
2024-05-25,287013,Saturday,A,,2024,5,21
2024-05-26,185855,Sunday,U,,2024,5,21
2024-05-27,173130,Monday,U,Memorial Day,2024,5,22
2024-05-28,335648,Tuesday,W,,2024,5,22
2024-05-29,358779,Wednesday,W,,2024,5,22
2024-05-30,359424,Thursday,W,,2024,5,22
2024-05-31,348158,Friday,W,,2024,5,22
2024-06-01,215844,Saturday,A,,2024,6,22
2024-06-02,215806,Sunday,U,,2024,6,22
2024-06-03,319504,Monday,W,,2024,6,23
2024-06-04,374605,Tuesday,W,,2024,6,23
2024-06-05,380449,Wednesday,W,,2024,6,23
2024-06-06,372490,Thursday,W,,2024,6,23
2024-06-07,325327,Friday,W,,2024,6,23
2024-06-08,247546,Saturday,A,,2024,6,23
2024-06-09,223236,Sunday,U,,2024,6,23
2024-06-10,304902,Monday,W,,2024,6,24
2024-06-11,351575,Tuesday,W,,2024,6,24
2024-06-12,358296,Wednesday,W,,2024,6,24
2024-06-13,350636,Thursday,W,,2024,6,24
2024-06-14,348755,Friday,W,,2024,6,24
2024-06-15,276196,Saturday,A,,2024,6,24
2024-06-16,200922,Sunday,U,,2024,6,24
2024-06-17,307122,Monday,W,,2024,6,25
2024-06-18,360828,Tuesday,W,,2024,6,25
2024-06-19,295205,Wednesday,W,,2024,6,25
2024-06-20,347463,Thursday,W,,2024,6,25
2024-06-21,343247,Friday,W,,2024,6,25
2024-06-22,280582,Saturday,A,,2024,6,25
2024-06-23,217671,Sunday,U,,2024,6,25
2024-06-24,309891,Monday,W,,2024,6,26
2024-06-25,330479,Tuesday,W,,2024,6,26
2024-06-26,360357,Wednesday,W,,2024,6,26
2024-06-27,367274,Thursday,W,,2024,6,26
2024-06-28,314668,Friday,W,,2024,6,26
2024-06-29,248624,Saturday,A,,2024,6,26
2024-06-30,271336,Sunday,U,,2024,6,26
2024-07-01,306179,Monday,W,,2024,7,27
2024-07-02,347782,Tuesday,W,,2024,7,27
2024-07-03,342274,Wednesday,W,,2024,7,27
2024-07-04,200321,Thursday,U,Independence Day,2024,7,27
2024-07-05,293063,Friday,W,,2024,7,27
2024-07-06,269035,Saturday,A,,2024,7,27
2024-07-07,203890,Sunday,U,,2024,7,27
2024-07-08,308417,Monday,W,,2024,7,28
2024-07-09,339021,Tuesday,W,,2024,7,28
2024-07-10,346420,Wednesday,W,,2024,7,28
2024-07-11,354075,Thursday,W,,2024,7,28
2024-07-12,322301,Friday,W,,2024,7,28
2024-07-13,250925,Saturday,A,,2024,7,28
2024-07-14,183508,Sunday,U,,2024,7,28
2024-07-15,304744,Monday,W,,2024,7,29
2024-07-16,345282,Tuesday,W,,2024,7,29
2024-07-17,353059,Wednesday,W,,2024,7,29
2024-07-18,358149,Thursday,W,,2024,7,29
2024-07-19,344402,Friday,W,,2024,7,29
2024-07-20,281023,Saturday,A,,2024,7,29
2024-07-21,221664,Sunday,U,,2024,7,29
2024-07-22,325538,Monday,W,,2024,7,30
2024-07-23,365059,Tuesday,W,,2024,7,30
2024-07-24,367274,Wednesday,W,,2024,7,30
2024-07-25,361812,Thursday,W,,2024,7,30
2024-07-26,332460,Friday,W,,2024,7,30
2024-07-27,274019,Saturday,A,,2024,7,30
2024-07-28,190555,Sunday,U,,2024,7,30
2024-07-29,293937,Monday,W,,2024,7,31
2024-07-30,353870,Tuesday,W,,2024,7,31
2024-07-31,381558,Wednesday,W,,2024,7,31
2024-08-01,431527,Thursday,W,,2024,8,31
2024-08-02,404287,Friday,W,,2024,8,31
2024-08-03,340673,Saturday,A,,2024,8,31
2024-08-04,259905,Sunday,U,,2024,8,31
2024-08-05,317812,Monday,W,,2024,8,32
2024-08-06,356341,Tuesday,W,,2024,8,32
2024-08-07,370726,Wednesday,W,,2024,8,32
2024-08-08,354151,Thursday,W,,2024,8,32
2024-08-09,347161,Friday,W,,2024,8,32
2024-08-10,301285,Saturday,A,,2024,8,32
2024-08-11,237486,Sunday,U,,2024,8,32
2024-08-12,313221,Monday,W,,2024,8,33
2024-08-13,368470,Tuesday,W,,2024,8,33
2024-08-14,353000,Wednesday,W,,2024,8,33
2024-08-15,333436,Thursday,W,,2024,8,33
2024-08-16,334576,Friday,W,,2024,8,33
2024-08-17,264639,Saturday,A,,2024,8,33
2024-08-18,216466,Sunday,U,,2024,8,33
2024-08-19,286020,Monday,W,,2024,8,34
2024-08-20,307854,Tuesday,W,,2024,8,34
2024-08-21,310508,Wednesday,W,,2024,8,34
2024-08-22,321457,Thursday,W,,2024,8,34
2024-08-23,313733,Friday,W,,2024,8,34
2024-08-24,251012,Saturday,A,,2024,8,34
2024-08-25,204945,Sunday,U,,2024,8,34
2024-08-26,320611,Monday,W,,2024,8,35
2024-08-27,348565,Tuesday,W,,2024,8,35
2024-08-28,376741,Wednesday,W,,2024,8,35
2024-08-29,399688,Thursday,W,,2024,8,35
2024-08-30,355521,Friday,W,,2024,8,35
2024-08-31,299555,Saturday,A,,2024,8,35
2024-09-01,247185,Sunday,U,,2024,9,35
2024-09-02,203771,Monday,U,Labor Day,2024,9,36
2024-09-03,373638,Tuesday,W,,2024,9,36
2024-09-04,388124,Wednesday,W,,2024,9,36
2024-09-05,382208,Thursday,W,,2024,9,36
2024-09-06,371440,Friday,W,,2024,9,36
2024-09-07,282649,Saturday,A,,2024,9,36
2024-09-08,227206,Sunday,U,,2024,9,36
2024-09-09,346427,Monday,W,,2024,9,37
2024-09-10,386243,Tuesday,W,,2024,9,37
2024-09-11,386863,Wednesday,W,,2024,9,37
2024-09-12,388331,Thursday,W,,2024,9,37
2024-09-13,348573,Friday,W,,2024,9,37
2024-09-14,273313,Saturday,A,,2024,9,37
2024-09-15,218708,Sunday,U,,2024,9,37
2024-09-16,352595,Monday,W,,2024,9,38
2024-09-17,399021,Tuesday,W,,2024,9,38
2024-09-18,399440,Wednesday,W,,2024,9,38
2024-09-19,408899,Thursday,W,,2024,9,38
2024-09-20,380185,Friday,W,,2024,9,38
2024-09-21,289408,Saturday,A,,2024,9,38
2024-09-22,186676,Sunday,U,,2024,9,38
2024-09-23,347987,Monday,W,,2024,9,39
2024-09-24,371383,Tuesday,W,,2024,9,39
2024-09-25,403670,Wednesday,W,,2024,9,39
2024-09-26,405858,Thursday,W,,2024,9,39
2024-09-27,357317,Friday,W,,2024,9,39
2024-09-28,263611,Saturday,A,,2024,9,39
2024-09-29,209915,Sunday,U,,2024,9,39
2024-09-30,347170,Monday,W,,2024,9,40
2024-10-01,389697,Tuesday,W,,2024,10,40
2024-10-02,385282,Wednesday,W,,2024,10,40
2024-10-03,387221,Thursday,W,,2024,10,40
2024-10-04,349005,Friday,W,,2024,10,40
2024-10-05,269250,Saturday,A,,2024,10,40
2024-10-06,210630,Sunday,U,,2024,10,40
2024-10-07,346135,Monday,W,,2024,10,41
2024-10-08,391662,Tuesday,W,,2024,10,41
2024-10-09,398356,Wednesday,W,,2024,10,41
2024-10-10,413441,Thursday,W,,2024,10,41
2024-10-11,389317,Friday,W,,2024,10,41
2024-10-12,312821,Saturday,A,,2024,10,41
2024-10-13,395660,Sunday,U,,2024,10,41
2024-10-14,327485,Monday,W,,2024,10,42
2024-10-15,378530,Tuesday,W,,2024,10,42
2024-10-16,393758,Wednesday,W,,2024,10,42
2024-10-17,397140,Thursday,W,,2024,10,42
2024-10-18,352248,Friday,W,,2024,10,42
2024-10-19,299485,Saturday,A,,2024,10,42
2024-10-20,202921,Sunday,U,,2024,10,42
2024-10-21,344024,Monday,W,,2024,10,43
2024-10-22,385038,Tuesday,W,,2024,10,43
2024-10-23,393204,Wednesday,W,,2024,10,43
2024-10-24,396314,Thursday,W,,2024,10,43
2024-10-25,348355,Friday,W,,2024,10,43
2024-10-26,250616,Saturday,A,,2024,10,43
2024-10-27,182749,Sunday,U,,2024,10,43
2024-10-28,331760,Monday,W,,2024,10,44
2024-10-29,378919,Tuesday,W,,2024,10,44
2024-10-30,385062,Wednesday,W,,2024,10,44
2024-10-31,362636,Thursday,W,,2024,10,44
2024-11-01,326053,Friday,W,,2024,11,44
2024-11-02,239130,Saturday,A,,2024,11,44
2024-11-03,195095,Sunday,U,,2024,11,44
2024-11-04,327279,Monday,W,,2024,11,45
2024-11-05,323771,Tuesday,W,,2024,11,45
2024-11-06,365520,Wednesday,W,,2024,11,45
2024-11-07,384894,Thursday,W,,2024,11,45
2024-11-08,338444,Friday,W,,2024,11,45
2024-11-09,245573,Saturday,A,,2024,11,45
2024-11-10,198976,Sunday,U,,2024,11,45
2024-11-11,306231,Monday,W,,2024,11,46
2024-11-12,373969,Tuesday,W,,2024,11,46
2024-11-13,370958,Wednesday,W,,2024,11,46
2024-11-14,375401,Thursday,W,,2024,11,46
2024-11-15,339084,Friday,W,,2024,11,46
2024-11-16,268968,Saturday,A,,2024,11,46
2024-11-17,200100,Sunday,U,,2024,11,46
2024-11-18,327139,Monday,W,,2024,11,47
2024-11-19,375502,Tuesday,W,,2024,11,47
2024-11-20,366343,Wednesday,W,,2024,11,47
2024-11-21,353989,Thursday,W,,2024,11,47
2024-11-22,368472,Friday,W,,2024,11,47
2024-11-23,289849,Saturday,A,,2024,11,47
2024-11-24,190073,Sunday,U,,2024,11,47
2024-11-25,294322,Monday,W,,2024,11,48
2024-11-26,304740,Tuesday,W,,2024,11,48
2024-11-27,263826,Wednesday,W,,2024,11,48
2024-11-28,113333,Thursday,U,Thanksgiving Day,2024,11,48
2024-11-29,191845,Friday,W,,2024,11,48
2024-11-30,184965,Saturday,A,,2024,11,48
2024-12-01,150000,Sunday,U,,2024,12,48
2024-12-02,295612,Monday,W,,2024,12,49
2024-12-03,343642,Tuesday,W,,2024,12,49
2024-12-04,347986,Wednesday,W,,2024,12,49
2024-12-05,339975,Thursday,W,,2024,12,49
2024-12-06,314531,Friday,W,,2024,12,49
2024-12-07,243445,Saturday,A,,2024,12,49
2024-12-08,185168,Sunday,U,,2024,12,49
2024-12-09,308396,Monday,W,,2024,12,50
2024-12-10,344019,Tuesday,W,,2024,12,50
2024-12-11,336961,Wednesday,W,,2024,12,50
2024-12-12,297032,Thursday,W,,2024,12,50
2024-12-13,305425,Friday,W,,2024,12,50
2024-12-14,223421,Saturday,A,,2024,12,50
2024-12-15,169514,Sunday,U,,2024,12,50
2024-12-16,289985,Monday,W,,2024,12,51
2024-12-17,331281,Tuesday,W,,2024,12,51
2024-12-18,323667,Wednesday,W,,2024,12,51
2024-12-19,316455,Thursday,W,,2024,12,51
2024-12-20,276594,Friday,W,,2024,12,51
2024-12-21,199310,Saturday,A,,2024,12,51
2024-12-22,161180,Sunday,U,,2024,12,51
2024-12-23,226681,Monday,W,,2024,12,52
2024-12-24,153647,Tuesday,W,,2024,12,52
2024-12-25,73871,Wednesday,U,Christmas Day,2024,12,52
2024-12-26,190769,Thursday,W,,2024,12,52
2024-12-27,207819,Friday,W,,2024,12,52
2024-12-28,189493,Saturday,A,,2024,12,52
2024-12-29,135827,Sunday,U,,2024,12,52
2024-12-30,241683,Monday,W,,2024,12,1
2024-12-31,238273,Tuesday,W,,2024,12,1
2025-01-01,165441,Wednesday,U,New Year's Day,2025,1,1
2025-01-02,245141,Thursday,W,,2025,1,1
2025-01-03,248472,Friday,W,,2025,1,1
2025-01-04,184598,Saturday,A,,2025,1,1
2025-01-05,134304,Sunday,U,,2025,1,1
2025-01-06,278237,Monday,W,,2025,1,2
2025-01-07,324372,Tuesday,W,,2025,1,2
2025-01-08,326006,Wednesday,W,,2025,1,2
2025-01-09,322420,Thursday,W,,2025,1,2
2025-01-10,273560,Friday,W,,2025,1,2
2025-01-11,197946,Saturday,A,,2025,1,2
2025-01-12,143710,Sunday,U,,2025,1,2
2025-01-13,299511,Monday,W,,2025,1,3
2025-01-14,333328,Tuesday,W,,2025,1,3
2025-01-15,331690,Wednesday,W,,2025,1,3
2025-01-16,344956,Thursday,W,,2025,1,3
2025-01-17,307335,Friday,W,,2025,1,3
2025-01-18,206074,Saturday,A,,2025,1,3
2025-01-19,128076,Sunday,U,,2025,1,3
2025-01-20,144135,Monday,W,,2025,1,4
2025-01-21,182875,Tuesday,W,,2025,1,4
2025-01-22,304112,Wednesday,W,,2025,1,4
2025-01-23,332526,Thursday,W,,2025,1,4
2025-01-24,277239,Friday,W,,2025,1,4
2025-01-25,200285,Saturday,A,,2025,1,4
2025-01-26,147070,Sunday,U,,2025,1,4
2025-01-27,303387,Monday,W,,2025,1,5
2025-01-28,348546,Tuesday,W,,2025,1,5
2025-01-29,349439,Wednesday,W,,2025,1,5
2025-01-30,345687,Thursday,W,,2025,1,5
2025-01-31,270866,Friday,W,,2025,1,5
2025-02-01,200066,Saturday,A,,2025,2,5
2025-02-02,149730,Sunday,U,,2025,2,5
2025-02-03,301196,Monday,W,,2025,2,6
2025-02-04,346204,Tuesday,W,,2025,2,6
2025-02-05,341630,Wednesday,W,,2025,2,6
2025-02-06,331576,Thursday,W,,2025,2,6
2025-02-07,292316,Friday,W,,2025,2,6
2025-02-08,194442,Saturday,A,,2025,2,6
2025-02-09,156316,Sunday,U,,2025,2,6
2025-02-10,296845,Monday,W,,2025,2,7
2025-02-11,343286,Tuesday,W,,2025,2,7
2025-02-12,282119,Wednesday,W,,2025,2,7
2025-02-13,328198,Thursday,W,,2025,2,7
2025-02-14,285690,Friday,W,,2025,2,7
2025-02-15,202375,Saturday,A,,2025,2,7
2025-02-16,154105,Sunday,U,,2025,2,7
2025-02-17,208398,Monday,W,,2025,2,8
2025-02-18,284387,Tuesday,W,,2025,2,8
2025-02-19,317182,Wednesday,W,,2025,2,8
2025-02-20,331579,Thursday,W,,2025,2,8
2025-02-21,287277,Friday,W,,2025,2,8
2025-02-22,202420,Saturday,A,,2025,2,8
2025-02-23,151436,Sunday,U,,2025,2,8
2025-02-24,308497,Monday,W,,2025,2,9
2025-02-25,345325,Tuesday,W,,2025,2,9
2025-02-26,346182,Wednesday,W,,2025,2,9
2025-02-27,350675,Thursday,W,,2025,2,9
2025-02-28,308010,Friday,W,,2025,2,9
2025-03-01,206905,Saturday,A,,2025,3,9
2025-03-02,157201,Sunday,U,,2025,3,9
2025-03-03,302087,Monday,W,,2025,3,10
2025-03-04,340184,Tuesday,W,,2025,3,10
2025-03-05,346969,Wednesday,W,,2025,3,10
2025-03-06,353114,Thursday,W,,2025,3,10
2025-03-07,293768,Friday,W,,2025,3,10
2025-03-08,222153,Saturday,A,,2025,3,10
2025-03-09,168303,Sunday,U,,2025,3,10
2025-03-10,324705,Monday,W,,2025,3,11
2025-03-11,365325,Tuesday,W,,2025,3,11
2025-03-12,367850,Wednesday,W,,2025,3,11
2025-03-13,378382,Thursday,W,,2025,3,11
2025-03-14,363838,Friday,W,,2025,3,11
2025-03-15,485750,Saturday,A,,2025,3,11
2025-03-16,185063,Sunday,U,,2025,3,11
2025-03-17,339270,Monday,W,,2025,3,12
2025-03-18,378638,Tuesday,W,,2025,3,12
2025-03-19,357609,Wednesday,W,,2025,3,12
2025-03-20,358069,Thursday,W,,2025,3,12
2025-03-21,319625,Friday,W,,2025,3,12
2025-03-22,232086,Saturday,A,,2025,3,12
2025-03-23,182137,Sunday,U,,2025,3,12
2025-03-24,280062,Monday,W,,2025,3,13
2025-03-25,324295,Tuesday,W,,2025,3,13
2025-03-26,325638,Wednesday,W,,2025,3,13
2025-03-27,328457,Thursday,W,,2025,3,13
2025-03-28,297280,Friday,W,,2025,3,13
2025-03-29,228777,Saturday,A,,2025,3,13
2025-03-30,165428,Sunday,U,,2025,3,13
2025-03-31,310208,Monday,W,,2025,3,14
2025-04-01,356494,Tuesday,W,,2025,4,14
2025-04-02,328229,Wednesday,W,,2025,4,14
2025-04-03,382592,Thursday,W,,2025,4,14
2025-04-04,348535,Friday,W,,2025,4,14
2025-04-05,285506,Saturday,A,,2025,4,14
2025-04-06,198818,Sunday,U,,2025,4,14
2025-04-07,328456,Monday,W,,2025,4,15
2025-04-08,375763,Tuesday,W,,2025,4,15
2025-04-09,369051,Wednesday,W,,2025,4,15
2025-04-10,371900,Thursday,W,,2025,4,15
2025-04-11,340969,Friday,W,,2025,4,15
2025-04-12,258891,Saturday,A,,2025,4,15
2025-04-13,198890,Sunday,U,,2025,4,15
2025-04-14,334641,Monday,W,,2025,4,16
2025-04-15,376768,Tuesday,W,,2025,4,16
2025-04-16,383659,Wednesday,W,,2025,4,16
2025-04-17,381876,Thursday,W,,2025,4,16
2025-04-18,331894,Friday,W,,2025,4,16
2025-04-19,252865,Saturday,A,,2025,4,16
2025-04-20,168036,Sunday,U,,2025,4,16
2025-04-21,315947,Monday,W,,2025,4,17
2025-04-22,392306,Tuesday,W,,2025,4,17
2025-04-23,391106,Wednesday,W,,2025,4,17
2025-04-24,391437,Thursday,W,,2025,4,17
2025-04-25,349726,Friday,W,,2025,4,17
2025-04-26,275240,Saturday,A,,2025,4,17
2025-04-27,213485,Sunday,U,,2025,4,17
2025-04-28,344519,Monday,W,,2025,4,18
2025-04-29,384883,Tuesday,W,,2025,4,18
2025-04-30,380389,Wednesday,W,,2025,4,18
2025-05-01,378840,Thursday,W,,2025,5,18
2025-05-02,337215,Friday,W,,2025,5,18
2025-05-03,251132,Saturday,A,,2025,5,18
2025-05-04,180208,Sunday,U,,2025,5,18
2025-05-05,346203,Monday,W,,2025,5,19
2025-05-06,399099,Tuesday,W,,2025,5,19
2025-05-07,397036,Wednesday,W,,2025,5,19
2025-05-08,385923,Thursday,W,,2025,5,19
2025-05-09,345279,Friday,W,,2025,5,19
2025-05-10,256363,Saturday,A,,2025,5,19
2025-05-11,190912,Sunday,U,,2025,5,19
2025-05-12,337565,Monday,W,,2025,5,20
2025-05-13,388819,Tuesday,W,,2025,5,20
2025-05-14,397018,Wednesday,W,,2025,5,20
2025-05-15,385615,Thursday,W,,2025,5,20
2025-05-16,377875,Friday,W,,2025,5,20
2025-05-17,295306,Saturday,A,,2025,5,20
2025-05-18,247050,Sunday,U,,2025,5,20
2025-05-19,338783,Monday,W,,2025,5,21
2025-05-20,350469,Tuesday,W,,2025,5,21
2025-05-21,368373,Wednesday,W,,2025,5,21
2025-05-22,387586,Thursday,W,,2025,5,21
2025-05-23,344351,Friday,W,,2025,5,21
2025-05-24,296160,Saturday,A,,2025,5,21
2025-05-25,238038,Sunday,U,,2025,5,21
2025-05-26,210467,Monday,U,Memorial Day,2025,5,22
2025-05-27,365879,Tuesday,W,,2025,5,22
2025-05-28,375181,Wednesday,W,,2025,5,22
2025-05-29,381343,Thursday,W,,2025,5,22
2025-05-30,360595,Friday,W,,2025,5,22
2025-05-31,287694,Saturday,A,,2025,5,22
2025-06-01,230775,Sunday,U,,2025,6,22
2025-06-02,345927,Monday,W,,2025,6,23
2025-06-03,389456,Tuesday,W,,2025,6,23
2025-06-04,366092,Wednesday,W,,2025,6,23
2025-06-05,396270,Thursday,W,,2025,6,23
2025-06-06,372135,Friday,W,,2025,6,23
2025-06-07,300519,Saturday,A,,2025,6,23
2025-06-08,229474,Sunday,U,,2025,6,23
2025-06-09,341869,Monday,W,,2025,6,24
2025-06-10,399030,Tuesday,W,,2025,6,24
2025-06-11,396664,Wednesday,W,,2025,6,24
2025-06-12,418917,Thursday,W,,2025,6,24
2025-06-13,368045,Friday,W,,2025,6,24
2025-06-14,374665,Saturday,A,,2025,6,24
2025-06-15,234960,Sunday,U,,2025,6,24
2025-06-16,328496,Monday,W,,2025,6,25
2025-06-17,402484,Tuesday,W,,2025,6,25
2025-06-18,361267,Wednesday,W,,2025,6,25
2025-06-19,337899,Thursday,W,,2025,6,25
2025-06-20,370485,Friday,W,,2025,6,25
2025-06-21,304932,Saturday,A,,2025,6,25
2025-06-22,228819,Sunday,U,,2025,6,25
2025-06-23,322487,Monday,W,,2025,6,26
2025-06-24,367308,Tuesday,W,,2025,6,26
2025-06-25,385437,Wednesday,W,,2025,6,26
2025-06-26,407893,Thursday,W,,2025,6,26
2025-06-27,363123,Friday,W,,2025,6,26
2025-06-28,291974,Saturday,A,,2025,6,26
2025-06-29,277938,Sunday,U,,2025,6,26
2025-06-30,326464,Monday,W,,2025,6,27
2025-07-01,391305,Tuesday,W,,2025,7,27
2025-07-02,380364,Wednesday,W,,2025,7,27
2025-07-03,369078,Thursday,W,,2025,7,27
2025-07-04,239793,Friday,U,Independence Day,2025,7,27
2025-07-05,286845,Saturday,A,,2025,7,27
2025-07-06,228805,Sunday,U,,2025,7,27
2025-07-07,341737,Monday,W,,2025,7,28
2025-07-08,378908,Tuesday,W,,2025,7,28
2025-07-09,381717,Wednesday,W,,2025,7,28
2025-07-10,388585,Thursday,W,,2025,7,28
2025-07-11,349307,Friday,W,,2025,7,28
2025-07-12,286235,Saturday,A,,2025,7,28
2025-07-13,227405,Sunday,U,,2025,7,28
2025-07-14,333746,Monday,W,,2025,7,29
2025-07-15,380835,Tuesday,W,,2025,7,29
2025-07-16,375443,Wednesday,W,,2025,7,29
2025-07-17,398929,Thursday,W,,2025,7,29
2025-07-18,399211,Friday,W,,2025,7,29
2025-07-19,304902,Saturday,A,,2025,7,29
2025-07-20,252994,Sunday,U,,2025,7,29
2025-07-21,365658,Monday,W,,2025,7,30
2025-07-22,415249,Tuesday,W,,2025,7,30
2025-07-23,404752,Wednesday,W,,2025,7,30
2025-07-24,368687,Thursday,W,,2025,7,30
2025-07-25,356702,Friday,W,,2025,7,30
2025-07-26,314911,Saturday,A,,2025,7,30
2025-07-27,243654,Sunday,U,,2025,7,30
2025-07-28,330093,Monday,W,,2025,7,31
2025-07-29,388357,Tuesday,W,,2025,7,31
2025-07-30,404319,Wednesday,W,,2025,7,31
2025-07-31,469851,Thursday,W,,2025,7,31
2025-08-01,459360,Friday,W,,2025,8,31
2025-08-02,390510,Saturday,A,,2025,8,31
2025-08-03,319862,Sunday,U,,2025,8,31
2025-08-04,377376,Monday,W,,2025,8,32
2025-08-05,408970,Tuesday,W,,2025,8,32
2025-08-06,407221,Wednesday,W,,2025,8,32
2025-08-07,393195,Thursday,W,,2025,8,32
2025-08-08,362983,Friday,W,,2025,8,32
2025-08-09,295232,Saturday,A,,2025,8,32
2025-08-10,238266,Sunday,U,,2025,8,32
2025-08-11,337259,Monday,W,,2025,8,33
2025-08-12,362021,Tuesday,W,,2025,8,33
2025-08-13,385858,Wednesday,W,,2025,8,33
2025-08-14,383239,Thursday,W,,2025,8,33
2025-08-15,391661,Friday,W,,2025,8,33
2025-08-16,324196,Saturday,A,,2025,8,33
2025-08-17,268453,Sunday,U,,2025,8,33
2025-08-18,347347,Monday,W,,2025,8,34
2025-08-19,407580,Tuesday,W,,2025,8,34
2025-08-20,408582,Wednesday,W,,2025,8,34
2025-08-21,416300,Thursday,W,,2025,8,34
2025-08-22,361124,Friday,W,,2025,8,34
2025-08-23,287111,Saturday,A,,2025,8,34
2025-08-24,230110,Sunday,U,,2025,8,34
2025-08-25,353274,Monday,W,,2025,8,35
2025-08-26,403885,Tuesday,W,,2025,8,35
2025-08-27,410117,Wednesday,W,,2025,8,35
2025-08-28,451159,Thursday,W,,2025,8,35
2025-08-29,413915,Friday,W,,2025,8,35
2025-08-30,337956,Saturday,A,,2025,8,35
2025-08-31,299324,Sunday,U,,2025,8,35
2025-09-01,255313,Monday,U,Labor Day,2025,9,36
2025-09-02,409986,Tuesday,W,,2025,9,36
2025-09-03,411091,Wednesday,W,,2025,9,36
2025-09-04,413369,Thursday,W,,2025,9,36
2025-09-05,399785,Friday,W,,2025,9,36
2025-09-06,323942,Saturday,A,,2025,9,36
2025-09-07,254429,Sunday,U,,2025,9,36
2025-09-08,374477,Monday,W,,2025,9,37
2025-09-09,413522,Tuesday,W,,2025,9,37
2025-09-10,422456,Wednesday,W,,2025,9,37
2025-09-11,426546,Thursday,W,,2025,9,37
2025-09-12,393569,Friday,W,,2025,9,37
2025-09-13,281686,Saturday,A,,2025,9,37
2025-09-14,234950,Sunday,U,,2025,9,37
2025-09-15,379914,Monday,W,,2025,9,38
2025-09-16,423098,Tuesday,W,,2025,9,38
2025-09-17,426737,Wednesday,W,,2025,9,38
2025-09-18,436162,Thursday,W,,2025,9,38
2025-09-19,413464,Friday,W,,2025,9,38
2025-09-20,307860,Saturday,A,,2025,9,38
2025-09-21,247785,Sunday,U,,2025,9,38
2025-09-22,376903,Monday,W,,2025,9,39
2025-09-23,424200,Tuesday,W,,2025,9,39
2025-09-24,436445,Wednesday,W,,2025,9,39
2025-09-25,452016,Thursday,W,,2025,9,39
2025-09-26,394098,Friday,W,,2025,9,39
2025-09-27,311340,Saturday,A,,2025,9,39
2025-09-28,237498,Sunday,U,,2025,9,39
2025-09-29,369035,Monday,W,,2025,9,40
2025-09-30,432895,Tuesday,W,,2025,9,40
2025-10-01,438848,Wednesday,W,,2025,10,40
2025-10-02,429819,Thursday,W,,2025,10,40
2025-10-03,374266,Friday,W,,2025,10,40
2025-10-04,285209,Saturday,A,,2025,10,40
2025-10-05,221654,Sunday,U,,2025,10,40
2025-10-06,360804,Monday,W,,2025,10,41
2025-10-07,400441,Tuesday,W,,2025,10,41
2025-10-08,443281,Wednesday,W,,2025,10,41
2025-10-09,461362,Thursday,W,,2025,10,41
2025-10-10,418069,Friday,W,,2025,10,41
2025-10-11,348631,Saturday,A,,2025,10,41
2025-10-12,471451,Sunday,U,,2025,10,41
2025-10-13,353262,Monday,W,,2025,10,42
2025-10-14,423937,Tuesday,W,,2025,10,42
2025-10-15,415605,Wednesday,W,,2025,10,42
2025-10-16,429443,Thursday,W,,2025,10,42
2025-10-17,383275,Friday,W,,2025,10,42
2025-10-18,381641,Saturday,A,,2025,10,42
2025-10-19,213919,Sunday,U,,2025,10,42
2025-10-20,368635,Monday,W,,2025,10,43
2025-10-21,406047,Tuesday,W,,2025,10,43
2025-10-22,404070,Wednesday,W,,2025,10,43
2025-10-23,413517,Thursday,W,,2025,10,43
2025-10-24,362989,Friday,W,,2025,10,43
2025-10-25,245407,Saturday,A,,2025,10,43
2025-10-26,187897,Sunday,U,,2025,10,43
2025-10-27,346178,Monday,W,,2025,10,44
2025-10-28,404528,Tuesday,W,,2025,10,44
2025-10-29,407178,Wednesday,W,,2025,10,44
2025-10-30,414813,Thursday,W,,2025,10,44
2025-10-31,377032,Friday,W,,2025,10,44
2025-11-01,276004,Saturday,A,,2025,11,44
2025-11-02,223941,Sunday,U,,2025,11,44
2025-11-03,356319,Monday,W,,2025,11,45
2025-11-04,394731,Tuesday,W,,2025,11,45
2025-11-05,395950,Wednesday,W,,2025,11,45
2025-11-06,400001,Thursday,W,,2025,11,45
2025-11-07,365545,Friday,W,,2025,11,45
2025-11-08,256971,Saturday,A,,2025,11,45
2025-11-09,188601,Sunday,U,,2025,11,45
2025-11-10,319708,Monday,W,,2025,11,46
2025-11-11,335510,Tuesday,W,,2025,11,46
2025-11-12,402221,Wednesday,W,,2025,11,46
2025-11-13,404482,Thursday,W,,2025,11,46
2025-11-14,362249,Friday,W,,2025,11,46
2025-11-15,298730,Saturday,A,,2025,11,46
2025-11-16,200230,Sunday,U,,2025,11,46
2025-11-17,352896,Monday,W,,2025,11,47
2025-11-18,393939,Tuesday,W,,2025,11,47
2025-11-19,397817,Wednesday,W,,2025,11,47
2025-11-20,396953,Thursday,W,,2025,11,47
2025-11-21,397315,Friday,W,,2025,11,47
2025-11-22,306197,Saturday,A,,2025,11,47
2025-11-23,212136,Sunday,U,,2025,11,47
2025-11-24,324212,Monday,W,,2025,11,48
2025-11-25,329155,Tuesday,W,,2025,11,48
2025-11-26,262339,Wednesday,W,,2025,11,48
2025-11-27,113292,Thursday,U,Thanksgiving Day,2025,11,48
2025-11-28,211571,Friday,W,,2025,11,48
2025-11-29,178002,Saturday,A,,2025,11,48
2025-11-30,162082,Sunday,U,,2025,11,48
2025-12-01,322883,Monday,W,,2025,12,49
2025-12-02,373230,Tuesday,W,,2025,12,49
2025-12-03,383432,Wednesday,W,,2025,12,49
2025-12-04,359852,Thursday,W,,2025,12,49
2025-12-05,334397,Friday,W,,2025,12,49
2025-12-06,263491,Saturday,A,,2025,12,49
2025-12-07,186552,Sunday,U,,2025,12,49
2025-12-08,321346,Monday,W,,2025,12,50
2025-12-09,371288,Tuesday,W,,2025,12,50
2025-12-10,367948,Wednesday,W,,2025,12,50
2025-12-11,371867,Thursday,W,,2025,12,50
2025-12-12,335317,Friday,W,,2025,12,50
2025-12-13,219137,Saturday,A,,2025,12,50
2025-12-14,154306,Sunday,U,,2025,12,50
2025-12-15,284664,Monday,W,,2025,12,51
2025-12-16,348369,Tuesday,W,,2025,12,51
2025-12-17,358665,Wednesday,W,,2025,12,51
2025-12-18,335309,Thursday,W,,2025,12,51
2025-12-19,292832,Friday,W,,2025,12,51
2025-12-20,239489,Saturday,A,,2025,12,51
2025-12-21,176046,Sunday,U,,2025,12,51
2025-12-22,260765,Monday,W,,2025,12,52
2025-12-23,261037,Tuesday,W,,2025,12,52
2025-12-24,169507,Wednesday,W,,2025,12,52
2025-12-25,82945,Thursday,U,Christmas Day,2025,12,52
2025-12-26,190997,Friday,W,,2025,12,52
2025-12-27,186765,Saturday,A,,2025,12,52
2025-12-28,139029,Sunday,U,,2025,12,52
2025-12-29,222893,Monday,W,,2025,12,1
2025-12-30,245683,Tuesday,W,,2025,12,1
2025-12-31,245507,Wednesday,W,,2025,12,1
2026-01-01,167419,Thursday,U,New Year's Day,2026,1,1
2026-01-02,229490,Friday,W,,2026,1,1
2026-01-03,191167,Saturday,A,,2026,1,1
2026-01-04,162206,Sunday,U,,2026,1,1
2026-01-05,291030,Monday,W,,2026,1,2
2026-01-06,340215,Tuesday,W,,2026,1,2
2026-01-07,347409,Wednesday,W,,2026,1,2
2026-01-08,340920,Thursday,W,,2026,1,2
2026-01-09,300749,Friday,W,,2026,1,2
2026-01-10,223661,Saturday,A,,2026,1,2
2026-01-11,159866,Sunday,U,,2026,1,2
2026-01-12,322544,Monday,W,,2026,1,3
2026-01-13,368273,Tuesday,W,,2026,1,3
2026-01-14,352059,Wednesday,W,,2026,1,3
2026-01-15,358162,Thursday,W,,2026,1,3
2026-01-16,304687,Friday,W,,2026,1,3
2026-01-17,202294,Saturday,A,,2026,1,3
2026-01-18,170578,Sunday,U,,2026,1,3
2026-01-19,165383,Monday,W,,2026,1,4
2026-01-20,328447,Tuesday,W,,2026,1,4
2026-01-21,356349,Wednesday,W,,2026,1,4
2026-01-22,341258,Thursday,W,,2026,1,4
2026-01-23,125252,Friday,W,,2026,1,4
2026-01-24,133345,Saturday,A,,2026,1,4
2026-01-25,133082,Sunday,U,,2026,1,4
2026-01-26,265884,Monday,W,,2026,1,5
2026-01-27,338315,Tuesday,W,,2026,1,5
2026-01-28,341332,Wednesday,W,,2026,1,5
2026-01-29,345526,Thursday,W,,2026,1,5
2026-01-30,293106,Friday,W,,2026,1,5
2026-01-31,198846,Saturday,A,,2026,1,5
2026-02-01,158055,Sunday,U,,2026,2,5
2026-02-02,313411,Monday,W,,2026,2,6
2026-02-03,364587,Tuesday,W,,2026,2,6
2026-02-04,362068,Wednesday,W,,2026,2,6
2026-02-05,357351,Thursday,W,,2026,2,6
2026-02-06,305134,Friday,W,,2026,2,6
2026-02-07,213649,Saturday,A,,2026,2,6
2026-02-08,157888,Sunday,U,,2026,2,6
2026-02-09,309726,Monday,W,,2026,2,7
2026-02-10,366664,Tuesday,W,,2026,2,7
2026-02-11,369034,Wednesday,W,,2026,2,7
2026-02-12,358913,Thursday,W,,2026,2,7
2026-02-13,319882,Friday,W,,2026,2,7
2026-02-14,246717,Saturday,A,,2026,2,7
2026-02-15,193528,Sunday,U,,2026,2,7
2026-02-16,263050,Monday,W,,2026,2,8
2026-02-17,352121,Tuesday,W,,2026,2,8
2026-02-18,374774,Wednesday,W,,2026,2,8
2026-02-19,368910,Thursday,W,,2026,2,8
2026-02-20,303975,Friday,W,,2026,2,8
2026-02-21,224739,Saturday,A,,2026,2,8
2026-02-22,153254,Sunday,U,,2026,2,8
2026-02-23,306551,Monday,W,,2026,2,9
2026-02-24,358178,Tuesday,W,,2026,2,9
2026-02-25,366252,Wednesday,W,,2026,2,9
2026-02-26,363053,Thursday,W,,2026,2,9
2026-02-27,327532,Friday,W,,2026,2,9
2026-02-28,225791,Saturday,A,,2026,2,9
